team_abbr,team_geom_name,park_name,year_start,year_end,spray_angle_deg,fence_dist_ft,fence_height_ft
LAA,angels,Angel Stadium,2015,9999,-45.0,351.03,8.0
LAA,angels,Angel Stadium,2015,9999,-44.5,353.63,8.0
LAA,angels,Angel Stadium,2015,9999,-44.0,356.24,8.0
LAA,angels,Angel Stadium,2015,9999,-43.5,358.84,8.0
LAA,angels,Angel Stadium,2015,9999,-43.0,361.02,8.0
LAA,angels,Angel Stadium,2015,9999,-42.5,362.36,8.0
LAA,angels,Angel Stadium,2015,9999,-42.0,363.7,8.0
LAA,angels,Angel Stadium,2015,9999,-41.5,365.05,8.0
LAA,angels,Angel Stadium,2015,9999,-41.0,366.38,8.0
LAA,angels,Angel Stadium,2015,9999,-40.5,366.91,8.0
LAA,angels,Angel Stadium,2015,9999,-40.0,367.44,8.0
LAA,angels,Angel Stadium,2015,9999,-39.5,367.97,8.0
LAA,angels,Angel Stadium,2015,9999,-39.0,368.5,8.0
LAA,angels,Angel Stadium,2015,9999,-38.5,369.04,8.0
LAA,angels,Angel Stadium,2015,9999,-38.0,369.58,8.0
LAA,angels,Angel Stadium,2015,9999,-37.5,370.12,8.0
LAA,angels,Angel Stadium,2015,9999,-37.0,370.66,8.0
LAA,angels,Angel Stadium,2015,9999,-36.5,371.2,8.0
LAA,angels,Angel Stadium,2015,9999,-36.0,371.84,8.0
LAA,angels,Angel Stadium,2015,9999,-35.5,372.5,8.0
LAA,angels,Angel Stadium,2015,9999,-35.0,373.15,8.0
LAA,angels,Angel Stadium,2015,9999,-34.5,373.81,8.0
LAA,angels,Angel Stadium,2015,9999,-34.0,374.5,8.0
LAA,angels,Angel Stadium,2015,9999,-33.5,375.28,8.0
LAA,angels,Angel Stadium,2015,9999,-33.0,376.05,8.0
LAA,angels,Angel Stadium,2015,9999,-32.5,376.82,8.0
LAA,angels,Angel Stadium,2015,9999,-32.0,377.6,8.0
LAA,angels,Angel Stadium,2015,9999,-31.5,378.51,8.0
LAA,angels,Angel Stadium,2015,9999,-31.0,379.44,8.0
LAA,angels,Angel Stadium,2015,9999,-30.5,380.37,8.0
LAA,angels,Angel Stadium,2015,9999,-30.0,381.3,8.0
LAA,angels,Angel Stadium,2015,9999,-29.5,382.32,8.0
LAA,angels,Angel Stadium,2015,9999,-29.0,383.42,8.0
LAA,angels,Angel Stadium,2015,9999,-28.5,384.52,8.0
LAA,angels,Angel Stadium,2015,9999,-28.0,385.62,8.0
LAA,angels,Angel Stadium,2015,9999,-27.5,386.76,8.0
LAA,angels,Angel Stadium,2015,9999,-27.0,388.02,8.0
LAA,angels,Angel Stadium,2015,9999,-26.5,389.27,8.0
LAA,angels,Angel Stadium,2015,9999,-26.0,390.53,8.0
LAA,angels,Angel Stadium,2015,9999,-25.5,391.74,8.0
LAA,angels,Angel Stadium,2015,9999,-25.0,392.64,8.0
LAA,angels,Angel Stadium,2015,9999,-24.5,393.53,8.0
LAA,angels,Angel Stadium,2015,9999,-24.0,394.43,8.0
LAA,angels,Angel Stadium,2015,9999,-23.5,395.32,8.0
LAA,angels,Angel Stadium,2015,9999,-23.0,394.93,8.0
LAA,angels,Angel Stadium,2015,9999,-22.5,394.48,8.0
LAA,angels,Angel Stadium,2015,9999,-22.0,394.03,8.0
LAA,angels,Angel Stadium,2015,9999,-21.5,393.58,8.0
LAA,angels,Angel Stadium,2015,9999,-21.0,393.21,8.0
LAA,angels,Angel Stadium,2015,9999,-20.5,392.89,8.0
LAA,angels,Angel Stadium,2015,9999,-20.0,392.57,8.0
LAA,angels,Angel Stadium,2015,9999,-19.5,392.25,8.0
LAA,angels,Angel Stadium,2015,9999,-19.0,391.97,8.0
LAA,angels,Angel Stadium,2015,9999,-18.5,391.81,8.0
LAA,angels,Angel Stadium,2015,9999,-18.0,391.65,8.0
LAA,angels,Angel Stadium,2015,9999,-17.5,391.5,8.0
LAA,angels,Angel Stadium,2015,9999,-17.0,391.34,8.0
LAA,angels,Angel Stadium,2015,9999,-16.5,391.29,8.0
LAA,angels,Angel Stadium,2015,9999,-16.0,391.25,8.0
LAA,angels,Angel Stadium,2015,9999,-15.5,391.22,8.0
LAA,angels,Angel Stadium,2015,9999,-15.0,391.18,8.0
LAA,angels,Angel Stadium,2015,9999,-14.5,391.22,8.0
LAA,angels,Angel Stadium,2015,9999,-14.0,391.33,8.0
LAA,angels,Angel Stadium,2015,9999,-13.5,391.44,8.0
LAA,angels,Angel Stadium,2015,9999,-13.0,391.55,8.0
LAA,angels,Angel Stadium,2015,9999,-12.5,391.67,8.0
LAA,angels,Angel Stadium,2015,9999,-12.0,391.87,8.0
LAA,angels,Angel Stadium,2015,9999,-11.5,392.07,8.0
LAA,angels,Angel Stadium,2015,9999,-11.0,392.28,8.0
LAA,angels,Angel Stadium,2015,9999,-10.5,392.48,8.0
LAA,angels,Angel Stadium,2015,9999,-10.0,392.8,8.0
LAA,angels,Angel Stadium,2015,9999,-9.5,393.15,8.0
LAA,angels,Angel Stadium,2015,9999,-9.0,393.51,8.0
LAA,angels,Angel Stadium,2015,9999,-8.5,393.87,8.0
LAA,angels,Angel Stadium,2015,9999,-8.0,394.28,8.0
LAA,angels,Angel Stadium,2015,9999,-7.5,394.77,8.0
LAA,angels,Angel Stadium,2015,9999,-7.0,395.25,8.0
LAA,angels,Angel Stadium,2015,9999,-6.5,395.74,8.0
LAA,angels,Angel Stadium,2015,9999,-6.0,396.24,8.0
LAA,angels,Angel Stadium,2015,9999,-5.5,396.87,8.0
LAA,angels,Angel Stadium,2015,9999,-5.0,397.5,8.0
LAA,angels,Angel Stadium,2015,9999,-4.5,398.12,8.0
LAA,angels,Angel Stadium,2015,9999,-4.0,398.75,8.0
LAA,angels,Angel Stadium,2015,9999,-3.5,399.49,8.0
LAA,angels,Angel Stadium,2015,9999,-3.0,400.25,8.0
LAA,angels,Angel Stadium,2015,9999,-2.5,401.01,8.0
LAA,angels,Angel Stadium,2015,9999,-2.0,401.78,8.0
LAA,angels,Angel Stadium,2015,9999,-1.5,402.63,8.0
LAA,angels,Angel Stadium,2015,9999,-1.0,403.54,8.0
LAA,angels,Angel Stadium,2015,9999,-0.5,404.45,8.0
LAA,angels,Angel Stadium,2015,9999,0.0,405.35,8.0
LAA,angels,Angel Stadium,2015,9999,0.5,406.15,8.0
LAA,angels,Angel Stadium,2015,9999,1.0,406.85,8.0
LAA,angels,Angel Stadium,2015,9999,1.5,407.54,8.0
LAA,angels,Angel Stadium,2015,9999,2.0,408.23,8.0
LAA,angels,Angel Stadium,2015,9999,2.5,407.76,8.0
LAA,angels,Angel Stadium,2015,9999,3.0,406.1,8.0
LAA,angels,Angel Stadium,2015,9999,3.5,404.45,8.0
LAA,angels,Angel Stadium,2015,9999,4.0,402.79,8.0
LAA,angels,Angel Stadium,2015,9999,4.5,401.25,8.0
LAA,angels,Angel Stadium,2015,9999,5.0,399.76,8.0
LAA,angels,Angel Stadium,2015,9999,5.5,398.27,8.0
LAA,angels,Angel Stadium,2015,9999,6.0,396.79,8.0
LAA,angels,Angel Stadium,2015,9999,6.5,395.42,8.0
LAA,angels,Angel Stadium,2015,9999,7.0,394.1,8.0
LAA,angels,Angel Stadium,2015,9999,7.5,392.78,8.0
LAA,angels,Angel Stadium,2015,9999,8.0,391.46,8.0
LAA,angels,Angel Stadium,2015,9999,8.5,390.24,8.0
LAA,angels,Angel Stadium,2015,9999,9.0,389.06,8.0
LAA,angels,Angel Stadium,2015,9999,9.5,387.89,8.0
LAA,angels,Angel Stadium,2015,9999,10.0,386.72,8.0
LAA,angels,Angel Stadium,2015,9999,10.5,385.62,8.0
LAA,angels,Angel Stadium,2015,9999,11.0,384.6,8.0
LAA,angels,Angel Stadium,2015,9999,11.5,383.58,8.0
LAA,angels,Angel Stadium,2015,9999,12.0,382.56,8.0
LAA,angels,Angel Stadium,2015,9999,12.5,381.56,8.0
LAA,angels,Angel Stadium,2015,9999,13.0,380.68,8.0
LAA,angels,Angel Stadium,2015,9999,13.5,379.81,8.0
LAA,angels,Angel Stadium,2015,9999,14.0,378.93,8.0
LAA,angels,Angel Stadium,2015,9999,14.5,378.06,8.0
LAA,angels,Angel Stadium,2015,9999,15.0,377.29,8.0
LAA,angels,Angel Stadium,2015,9999,15.5,376.56,8.0
LAA,angels,Angel Stadium,2015,9999,16.0,375.82,8.0
LAA,angels,Angel Stadium,2015,9999,16.5,375.09,8.0
LAA,angels,Angel Stadium,2015,9999,17.0,374.4,8.0
LAA,angels,Angel Stadium,2015,9999,17.5,373.83,8.0
LAA,angels,Angel Stadium,2015,9999,18.0,373.25,8.0
LAA,angels,Angel Stadium,2015,9999,18.5,372.68,8.0
LAA,angels,Angel Stadium,2015,9999,19.0,372.1,8.0
LAA,angels,Angel Stadium,2015,9999,19.5,371.63,8.0
LAA,angels,Angel Stadium,2015,9999,20.0,371.18,8.0
LAA,angels,Angel Stadium,2015,9999,20.5,370.74,8.0
LAA,angels,Angel Stadium,2015,9999,21.0,370.29,8.0
LAA,angels,Angel Stadium,2015,9999,21.5,369.87,8.0
LAA,angels,Angel Stadium,2015,9999,22.0,369.54,8.0
LAA,angels,Angel Stadium,2015,9999,22.5,369.22,8.0
LAA,angels,Angel Stadium,2015,9999,23.0,368.89,8.0
LAA,angels,Angel Stadium,2015,9999,23.5,368.56,8.0
LAA,angels,Angel Stadium,2015,9999,24.0,368.31,8.0
LAA,angels,Angel Stadium,2015,9999,24.5,368.13,8.0
LAA,angels,Angel Stadium,2015,9999,25.0,367.94,8.0
LAA,angels,Angel Stadium,2015,9999,25.5,367.76,8.0
LAA,angels,Angel Stadium,2015,9999,26.0,367.57,8.0
LAA,angels,Angel Stadium,2015,9999,26.5,367.5,8.0
LAA,angels,Angel Stadium,2015,9999,27.0,367.43,8.0
LAA,angels,Angel Stadium,2015,9999,27.5,367.37,8.0
LAA,angels,Angel Stadium,2015,9999,28.0,367.31,8.0
LAA,angels,Angel Stadium,2015,9999,28.5,367.27,8.0
LAA,angels,Angel Stadium,2015,9999,29.0,367.32,8.0
LAA,angels,Angel Stadium,2015,9999,29.5,367.37,8.0
LAA,angels,Angel Stadium,2015,9999,30.0,367.42,8.0
LAA,angels,Angel Stadium,2015,9999,30.5,367.47,8.0
LAA,angels,Angel Stadium,2015,9999,31.0,367.61,8.0
LAA,angels,Angel Stadium,2015,9999,31.5,367.82,8.0
LAA,angels,Angel Stadium,2015,9999,32.0,368.03,8.0
LAA,angels,Angel Stadium,2015,9999,32.5,368.25,8.0
LAA,angels,Angel Stadium,2015,9999,33.0,368.46,8.0
LAA,angels,Angel Stadium,2015,9999,33.5,368.62,8.0
LAA,angels,Angel Stadium,2015,9999,34.0,368.77,8.0
LAA,angels,Angel Stadium,2015,9999,34.5,368.93,8.0
LAA,angels,Angel Stadium,2015,9999,35.0,369.08,8.0
LAA,angels,Angel Stadium,2015,9999,35.5,369.13,8.0
LAA,angels,Angel Stadium,2015,9999,36.0,368.85,8.0
LAA,angels,Angel Stadium,2015,9999,36.5,368.57,8.0
LAA,angels,Angel Stadium,2015,9999,37.0,368.29,8.0
LAA,angels,Angel Stadium,2015,9999,37.5,368.01,8.0
LAA,angels,Angel Stadium,2015,9999,38.0,367.6,8.0
LAA,angels,Angel Stadium,2015,9999,38.5,367.1,8.0
LAA,angels,Angel Stadium,2015,9999,39.0,366.61,8.0
LAA,angels,Angel Stadium,2015,9999,39.5,366.11,8.0
LAA,angels,Angel Stadium,2015,9999,40.0,365.6,8.0
LAA,angels,Angel Stadium,2015,9999,40.5,364.19,8.0
LAA,angels,Angel Stadium,2015,9999,41.0,362.79,8.0
LAA,angels,Angel Stadium,2015,9999,41.5,361.39,8.0
LAA,angels,Angel Stadium,2015,9999,42.0,359.99,8.0
LAA,angels,Angel Stadium,2015,9999,42.5,358.2,8.0
LAA,angels,Angel Stadium,2015,9999,43.0,356.25,8.0
LAA,angels,Angel Stadium,2015,9999,43.5,354.3,8.0
LAA,angels,Angel Stadium,2015,9999,44.0,352.35,8.0
LAA,angels,Angel Stadium,2015,9999,44.5,350.02,8.0
LAA,angels,Angel Stadium,2015,9999,45.0,347.45,8.0
HOU,astros,Minute Maid Park,2015,9999,-45.0,319.36,21.0
HOU,astros,Minute Maid Park,2015,9999,-44.5,319.33,21.0
HOU,astros,Minute Maid Park,2015,9999,-44.0,319.3,21.0
HOU,astros,Minute Maid Park,2015,9999,-43.5,319.29,21.0
HOU,astros,Minute Maid Park,2015,9999,-43.0,319.38,21.0
HOU,astros,Minute Maid Park,2015,9999,-42.5,319.47,21.0
HOU,astros,Minute Maid Park,2015,9999,-42.0,319.56,21.0
HOU,astros,Minute Maid Park,2015,9999,-41.5,319.64,21.0
HOU,astros,Minute Maid Park,2015,9999,-41.0,319.73,21.0
HOU,astros,Minute Maid Park,2015,9999,-40.5,319.94,21.0
HOU,astros,Minute Maid Park,2015,9999,-40.0,320.16,21.0
HOU,astros,Minute Maid Park,2015,9999,-39.5,320.39,21.0
HOU,astros,Minute Maid Park,2015,9999,-39.0,320.61,21.0
HOU,astros,Minute Maid Park,2015,9999,-38.5,320.83,21.0
HOU,astros,Minute Maid Park,2015,9999,-38.0,321.14,21.0
HOU,astros,Minute Maid Park,2015,9999,-37.5,321.5,21.0
HOU,astros,Minute Maid Park,2015,9999,-37.0,321.85,21.0
HOU,astros,Minute Maid Park,2015,9999,-36.5,322.2,21.0
HOU,astros,Minute Maid Park,2015,9999,-36.0,322.55,21.0
HOU,astros,Minute Maid Park,2015,9999,-35.5,322.98,21.0
HOU,astros,Minute Maid Park,2015,9999,-35.0,323.47,21.0
HOU,astros,Minute Maid Park,2015,9999,-34.5,323.96,21.0
HOU,astros,Minute Maid Park,2015,9999,-34.0,324.45,21.0
HOU,astros,Minute Maid Park,2015,9999,-33.5,324.95,21.0
HOU,astros,Minute Maid Park,2015,9999,-33.0,325.47,21.0
HOU,astros,Minute Maid Park,2015,9999,-32.5,326.02,21.0
HOU,astros,Minute Maid Park,2015,9999,-32.0,326.58,21.0
HOU,astros,Minute Maid Park,2015,9999,-31.5,327.13,21.0
HOU,astros,Minute Maid Park,2015,9999,-31.0,327.69,21.0
HOU,astros,Minute Maid Park,2015,9999,-30.5,328.27,21.0
HOU,astros,Minute Maid Park,2015,9999,-30.0,328.91,7.0
HOU,astros,Minute Maid Park,2015,9999,-29.5,329.54,7.0
HOU,astros,Minute Maid Park,2015,9999,-29.0,330.18,7.0
HOU,astros,Minute Maid Park,2015,9999,-28.5,330.81,7.0
HOU,astros,Minute Maid Park,2015,9999,-28.0,331.5,7.0
HOU,astros,Minute Maid Park,2015,9999,-27.5,332.27,7.0
HOU,astros,Minute Maid Park,2015,9999,-27.0,333.04,7.0
HOU,astros,Minute Maid Park,2015,9999,-26.5,333.81,7.0
HOU,astros,Minute Maid Park,2015,9999,-26.0,334.58,7.0
HOU,astros,Minute Maid Park,2015,9999,-25.5,337.55,7.0
HOU,astros,Minute Maid Park,2015,9999,-25.0,342.8,7.0
HOU,astros,Minute Maid Park,2015,9999,-24.5,349.88,7.0
HOU,astros,Minute Maid Park,2015,9999,-24.0,360.75,7.0
HOU,astros,Minute Maid Park,2015,9999,-23.5,361.68,7.0
HOU,astros,Minute Maid Park,2015,9999,-23.0,362.61,7.0
HOU,astros,Minute Maid Park,2015,9999,-22.5,363.54,7.0
HOU,astros,Minute Maid Park,2015,9999,-22.0,364.47,7.0
HOU,astros,Minute Maid Park,2015,9999,-21.5,365.47,7.0
HOU,astros,Minute Maid Park,2015,9999,-21.0,366.51,7.0
HOU,astros,Minute Maid Park,2015,9999,-20.5,367.54,7.0
HOU,astros,Minute Maid Park,2015,9999,-20.0,368.58,7.0
HOU,astros,Minute Maid Park,2015,9999,-19.5,369.65,7.0
HOU,astros,Minute Maid Park,2015,9999,-19.0,370.82,7.0
HOU,astros,Minute Maid Park,2015,9999,-18.5,371.99,7.0
HOU,astros,Minute Maid Park,2015,9999,-18.0,373.16,7.0
HOU,astros,Minute Maid Park,2015,9999,-17.5,374.34,7.0
HOU,astros,Minute Maid Park,2015,9999,-17.0,375.65,7.0
HOU,astros,Minute Maid Park,2015,9999,-16.5,376.96,7.0
HOU,astros,Minute Maid Park,2015,9999,-16.0,378.27,7.0
HOU,astros,Minute Maid Park,2015,9999,-15.5,379.58,7.0
HOU,astros,Minute Maid Park,2015,9999,-15.0,381.06,7.0
HOU,astros,Minute Maid Park,2015,9999,-14.5,382.55,7.0
HOU,astros,Minute Maid Park,2015,9999,-14.0,384.04,7.0
HOU,astros,Minute Maid Park,2015,9999,-13.5,385.54,7.0
HOU,astros,Minute Maid Park,2015,9999,-13.0,387.19,7.0
HOU,astros,Minute Maid Park,2015,9999,-12.5,388.85,7.0
HOU,astros,Minute Maid Park,2015,9999,-12.0,390.52,7.0
HOU,astros,Minute Maid Park,2015,9999,-11.5,392.19,7.0
HOU,astros,Minute Maid Park,2015,9999,-11.0,394.03,7.0
HOU,astros,Minute Maid Park,2015,9999,-10.5,395.86,7.0
HOU,astros,Minute Maid Park,2015,9999,-10.0,397.69,7.0
HOU,astros,Minute Maid Park,2015,9999,-9.5,399.57,7.0
HOU,astros,Minute Maid Park,2015,9999,-9.0,401.57,7.0
HOU,astros,Minute Maid Park,2015,9999,-8.5,403.57,7.0
HOU,astros,Minute Maid Park,2015,9999,-8.0,405.57,7.0
HOU,astros,Minute Maid Park,2015,9999,-7.5,407.75,7.0
HOU,astros,Minute Maid Park,2015,9999,-7.0,410.03,7.0
HOU,astros,Minute Maid Park,2015,9999,-6.5,412.31,7.0
HOU,astros,Minute Maid Park,2015,9999,-6.0,414.7,7.0
HOU,astros,Minute Maid Park,2015,9999,-5.5,417.52,7.0
HOU,astros,Minute Maid Park,2015,9999,-5.0,420.34,7.0
HOU,astros,Minute Maid Park,2015,9999,-4.5,423.15,7.0
HOU,astros,Minute Maid Park,2015,9999,-4.0,425.45,7.0
HOU,astros,Minute Maid Park,2015,9999,-3.5,427.75,7.0
HOU,astros,Minute Maid Park,2015,9999,-3.0,430.04,7.0
HOU,astros,Minute Maid Park,2015,9999,-2.5,431.13,7.0
HOU,astros,Minute Maid Park,2015,9999,-2.0,431.67,7.0
HOU,astros,Minute Maid Park,2015,9999,-1.5,432.21,7.0
HOU,astros,Minute Maid Park,2015,9999,-1.0,432.71,7.0
HOU,astros,Minute Maid Park,2015,9999,-0.5,431.85,7.0
HOU,astros,Minute Maid Park,2015,9999,0.0,430.98,7.0
HOU,astros,Minute Maid Park,2015,9999,0.5,430.11,7.0
HOU,astros,Minute Maid Park,2015,9999,1.0,430.82,7.0
HOU,astros,Minute Maid Park,2015,9999,1.5,436.96,7.0
HOU,astros,Minute Maid Park,2015,9999,2.0,441.79,7.0
HOU,astros,Minute Maid Park,2015,9999,2.5,441.9,7.0
HOU,astros,Minute Maid Park,2015,9999,3.0,442.0,7.0
HOU,astros,Minute Maid Park,2015,9999,3.5,442.11,7.0
HOU,astros,Minute Maid Park,2015,9999,4.0,441.87,7.0
HOU,astros,Minute Maid Park,2015,9999,4.5,441.32,7.0
HOU,astros,Minute Maid Park,2015,9999,5.0,440.77,7.0
HOU,astros,Minute Maid Park,2015,9999,5.5,440.22,7.0
HOU,astros,Minute Maid Park,2015,9999,6.0,439.17,7.0
HOU,astros,Minute Maid Park,2015,9999,6.5,437.97,7.0
HOU,astros,Minute Maid Park,2015,9999,7.0,436.78,7.0
HOU,astros,Minute Maid Park,2015,9999,7.5,435.51,7.0
HOU,astros,Minute Maid Park,2015,9999,8.0,433.71,7.0
HOU,astros,Minute Maid Park,2015,9999,8.5,431.91,7.0
HOU,astros,Minute Maid Park,2015,9999,9.0,430.11,7.0
HOU,astros,Minute Maid Park,2015,9999,9.5,427.55,7.0
HOU,astros,Minute Maid Park,2015,9999,10.0,424.52,7.0
HOU,astros,Minute Maid Park,2015,9999,10.5,421.48,7.0
HOU,astros,Minute Maid Park,2015,9999,11.0,418.35,7.0
HOU,astros,Minute Maid Park,2015,9999,11.5,415.15,7.0
HOU,astros,Minute Maid Park,2015,9999,12.0,411.96,7.0
HOU,astros,Minute Maid Park,2015,9999,12.5,409.25,7.0
HOU,astros,Minute Maid Park,2015,9999,13.0,406.85,7.0
HOU,astros,Minute Maid Park,2015,9999,13.5,404.45,7.0
HOU,astros,Minute Maid Park,2015,9999,14.0,402.03,7.0
HOU,astros,Minute Maid Park,2015,9999,14.5,399.51,7.0
HOU,astros,Minute Maid Park,2015,9999,15.0,396.99,7.0
HOU,astros,Minute Maid Park,2015,9999,15.5,394.48,7.0
HOU,astros,Minute Maid Park,2015,9999,16.0,392.12,7.0
HOU,astros,Minute Maid Park,2015,9999,16.5,389.81,7.0
HOU,astros,Minute Maid Park,2015,9999,17.0,387.5,7.0
HOU,astros,Minute Maid Park,2015,9999,17.5,385.24,7.0
HOU,astros,Minute Maid Park,2015,9999,18.0,383.13,7.0
HOU,astros,Minute Maid Park,2015,9999,18.5,381.03,7.0
HOU,astros,Minute Maid Park,2015,9999,19.0,378.93,7.0
HOU,astros,Minute Maid Park,2015,9999,19.5,377.09,7.0
HOU,astros,Minute Maid Park,2015,9999,20.0,375.52,7.0
HOU,astros,Minute Maid Park,2015,9999,20.5,373.95,7.0
HOU,astros,Minute Maid Park,2015,9999,21.0,372.37,7.0
HOU,astros,Minute Maid Park,2015,9999,21.5,371.46,7.0
HOU,astros,Minute Maid Park,2015,9999,22.0,371.22,7.0
HOU,astros,Minute Maid Park,2015,9999,22.5,370.97,7.0
HOU,astros,Minute Maid Park,2015,9999,23.0,370.73,7.0
HOU,astros,Minute Maid Park,2015,9999,23.5,370.16,7.0
HOU,astros,Minute Maid Park,2015,9999,24.0,368.61,7.0
HOU,astros,Minute Maid Park,2015,9999,24.5,367.07,7.0
HOU,astros,Minute Maid Park,2015,9999,25.0,365.52,7.0
HOU,astros,Minute Maid Park,2015,9999,25.5,363.99,7.0
HOU,astros,Minute Maid Park,2015,9999,26.0,362.59,7.0
HOU,astros,Minute Maid Park,2015,9999,26.5,361.19,7.0
HOU,astros,Minute Maid Park,2015,9999,27.0,359.78,7.0
HOU,astros,Minute Maid Park,2015,9999,27.5,358.38,7.0
HOU,astros,Minute Maid Park,2015,9999,28.0,357.12,7.0
HOU,astros,Minute Maid Park,2015,9999,28.5,355.89,7.0
HOU,astros,Minute Maid Park,2015,9999,29.0,354.66,7.0
HOU,astros,Minute Maid Park,2015,9999,29.5,353.42,7.0
HOU,astros,Minute Maid Park,2015,9999,30.0,352.27,7.0
HOU,astros,Minute Maid Park,2015,9999,30.5,351.19,7.0
HOU,astros,Minute Maid Park,2015,9999,31.0,350.12,7.0
HOU,astros,Minute Maid Park,2015,9999,31.5,349.05,7.0
HOU,astros,Minute Maid Park,2015,9999,32.0,347.97,7.0
HOU,astros,Minute Maid Park,2015,9999,32.5,347.06,7.0
HOU,astros,Minute Maid Park,2015,9999,33.0,346.15,7.0
HOU,astros,Minute Maid Park,2015,9999,33.5,345.24,7.0
HOU,astros,Minute Maid Park,2015,9999,34.0,344.33,7.0
HOU,astros,Minute Maid Park,2015,9999,34.5,343.46,7.0
HOU,astros,Minute Maid Park,2015,9999,35.0,342.65,7.0
HOU,astros,Minute Maid Park,2015,9999,35.5,341.85,7.0
HOU,astros,Minute Maid Park,2015,9999,36.0,341.05,7.0
HOU,astros,Minute Maid Park,2015,9999,36.5,340.24,7.0
HOU,astros,Minute Maid Park,2015,9999,37.0,339.52,7.0
HOU,astros,Minute Maid Park,2015,9999,37.5,338.86,7.0
HOU,astros,Minute Maid Park,2015,9999,38.0,338.2,7.0
HOU,astros,Minute Maid Park,2015,9999,38.5,337.54,7.0
HOU,astros,Minute Maid Park,2015,9999,39.0,336.88,7.0
HOU,astros,Minute Maid Park,2015,9999,39.5,336.31,7.0
HOU,astros,Minute Maid Park,2015,9999,40.0,335.78,7.0
HOU,astros,Minute Maid Park,2015,9999,40.5,335.25,7.0
HOU,astros,Minute Maid Park,2015,9999,41.0,334.72,7.0
HOU,astros,Minute Maid Park,2015,9999,41.5,334.19,7.0
HOU,astros,Minute Maid Park,2015,9999,42.0,333.77,7.0
HOU,astros,Minute Maid Park,2015,9999,42.5,333.38,7.0
HOU,astros,Minute Maid Park,2015,9999,43.0,332.99,7.0
HOU,astros,Minute Maid Park,2015,9999,43.5,332.61,7.0
HOU,astros,Minute Maid Park,2015,9999,44.0,332.22,7.0
HOU,astros,Minute Maid Park,2015,9999,44.5,331.94,7.0
HOU,astros,Minute Maid Park,2015,9999,45.0,331.68,7.0
OAK,athletics,Oakland Coliseum,2015,9999,-45.0,336.99,8.0
OAK,athletics,Oakland Coliseum,2015,9999,-44.5,338.17,8.0
OAK,athletics,Oakland Coliseum,2015,9999,-44.0,339.38,8.0
OAK,athletics,Oakland Coliseum,2015,9999,-43.5,340.59,8.0
OAK,athletics,Oakland Coliseum,2015,9999,-43.0,341.79,8.0
OAK,athletics,Oakland Coliseum,2015,9999,-42.5,343.01,8.0
OAK,athletics,Oakland Coliseum,2015,9999,-42.0,344.38,8.0
OAK,athletics,Oakland Coliseum,2015,9999,-41.5,345.76,8.0
OAK,athletics,Oakland Coliseum,2015,9999,-41.0,347.14,8.0
OAK,athletics,Oakland Coliseum,2015,9999,-40.5,348.52,8.0
OAK,athletics,Oakland Coliseum,2015,9999,-40.0,349.97,8.0
OAK,athletics,Oakland Coliseum,2015,9999,-39.5,351.51,8.0
OAK,athletics,Oakland Coliseum,2015,9999,-39.0,353.06,8.0
OAK,athletics,Oakland Coliseum,2015,9999,-38.5,354.6,8.0
OAK,athletics,Oakland Coliseum,2015,9999,-38.0,356.16,8.0
OAK,athletics,Oakland Coliseum,2015,9999,-37.5,357.87,8.0
OAK,athletics,Oakland Coliseum,2015,9999,-37.0,359.58,8.0
OAK,athletics,Oakland Coliseum,2015,9999,-36.5,361.29,8.0
OAK,athletics,Oakland Coliseum,2015,9999,-36.0,363.01,8.0
OAK,athletics,Oakland Coliseum,2015,9999,-35.5,364.74,8.0
OAK,athletics,Oakland Coliseum,2015,9999,-35.0,366.48,8.0
OAK,athletics,Oakland Coliseum,2015,9999,-34.5,368.22,8.0
OAK,athletics,Oakland Coliseum,2015,9999,-34.0,369.95,8.0
OAK,athletics,Oakland Coliseum,2015,9999,-33.5,370.12,8.0
OAK,athletics,Oakland Coliseum,2015,9999,-33.0,369.77,8.0
OAK,athletics,Oakland Coliseum,2015,9999,-32.5,369.43,8.0
OAK,athletics,Oakland Coliseum,2015,9999,-32.0,369.09,8.0
OAK,athletics,Oakland Coliseum,2015,9999,-31.5,368.74,8.0
OAK,athletics,Oakland Coliseum,2015,9999,-31.0,368.36,8.0
OAK,athletics,Oakland Coliseum,2015,9999,-30.5,367.98,8.0
OAK,athletics,Oakland Coliseum,2015,9999,-30.0,367.6,8.0
OAK,athletics,Oakland Coliseum,2015,9999,-29.5,367.22,8.0
OAK,athletics,Oakland Coliseum,2015,9999,-29.0,366.88,8.0
OAK,athletics,Oakland Coliseum,2015,9999,-28.5,366.59,8.0
OAK,athletics,Oakland Coliseum,2015,9999,-28.0,366.31,8.0
OAK,athletics,Oakland Coliseum,2015,9999,-27.5,366.02,8.0
OAK,athletics,Oakland Coliseum,2015,9999,-27.0,365.73,8.0
OAK,athletics,Oakland Coliseum,2015,9999,-26.5,365.52,8.0
OAK,athletics,Oakland Coliseum,2015,9999,-26.0,365.33,8.0
OAK,athletics,Oakland Coliseum,2015,9999,-25.5,365.15,8.0
OAK,athletics,Oakland Coliseum,2015,9999,-25.0,364.96,8.0
OAK,athletics,Oakland Coliseum,2015,9999,-24.5,364.78,8.0
OAK,athletics,Oakland Coliseum,2015,9999,-24.0,365.07,8.0
OAK,athletics,Oakland Coliseum,2015,9999,-23.5,365.38,8.0
OAK,athletics,Oakland Coliseum,2015,9999,-23.0,365.69,8.0
OAK,athletics,Oakland Coliseum,2015,9999,-22.5,365.99,8.0
OAK,athletics,Oakland Coliseum,2015,9999,-22.0,366.41,8.0
OAK,athletics,Oakland Coliseum,2015,9999,-21.5,367.11,8.0
OAK,athletics,Oakland Coliseum,2015,9999,-21.0,367.81,8.0
OAK,athletics,Oakland Coliseum,2015,9999,-20.5,368.52,8.0
OAK,athletics,Oakland Coliseum,2015,9999,-20.0,369.22,8.0
OAK,athletics,Oakland Coliseum,2015,9999,-19.5,370.04,8.0
OAK,athletics,Oakland Coliseum,2015,9999,-19.0,370.93,8.0
OAK,athletics,Oakland Coliseum,2015,9999,-18.5,371.81,8.0
OAK,athletics,Oakland Coliseum,2015,9999,-18.0,372.7,8.0
OAK,athletics,Oakland Coliseum,2015,9999,-17.5,373.6,8.0
OAK,athletics,Oakland Coliseum,2015,9999,-17.0,374.61,8.0
OAK,athletics,Oakland Coliseum,2015,9999,-16.5,375.63,8.0
OAK,athletics,Oakland Coliseum,2015,9999,-16.0,376.64,8.0
OAK,athletics,Oakland Coliseum,2015,9999,-15.5,377.65,8.0
OAK,athletics,Oakland Coliseum,2015,9999,-15.0,378.8,8.0
OAK,athletics,Oakland Coliseum,2015,9999,-14.5,379.98,8.0
OAK,athletics,Oakland Coliseum,2015,9999,-14.0,381.17,8.0
OAK,athletics,Oakland Coliseum,2015,9999,-13.5,382.36,8.0
OAK,athletics,Oakland Coliseum,2015,9999,-13.0,383.5,8.0
OAK,athletics,Oakland Coliseum,2015,9999,-12.5,384.6,8.0
OAK,athletics,Oakland Coliseum,2015,9999,-12.0,385.69,8.0
OAK,athletics,Oakland Coliseum,2015,9999,-11.5,386.78,8.0
OAK,athletics,Oakland Coliseum,2015,9999,-11.0,387.87,8.0
OAK,athletics,Oakland Coliseum,2015,9999,-10.5,388.95,8.0
OAK,athletics,Oakland Coliseum,2015,9999,-10.0,390.02,8.0
OAK,athletics,Oakland Coliseum,2015,9999,-9.5,391.1,8.0
OAK,athletics,Oakland Coliseum,2015,9999,-9.0,392.18,8.0
OAK,athletics,Oakland Coliseum,2015,9999,-8.5,393.28,8.0
OAK,athletics,Oakland Coliseum,2015,9999,-8.0,394.39,8.0
OAK,athletics,Oakland Coliseum,2015,9999,-7.5,395.5,8.0
OAK,athletics,Oakland Coliseum,2015,9999,-7.0,396.61,8.0
OAK,athletics,Oakland Coliseum,2015,9999,-6.5,397.69,8.0
OAK,athletics,Oakland Coliseum,2015,9999,-6.0,398.76,8.0
OAK,athletics,Oakland Coliseum,2015,9999,-5.5,399.83,8.0
OAK,athletics,Oakland Coliseum,2015,9999,-5.0,400.9,8.0
OAK,athletics,Oakland Coliseum,2015,9999,-4.5,401.19,8.0
OAK,athletics,Oakland Coliseum,2015,9999,-4.0,401.07,8.0
OAK,athletics,Oakland Coliseum,2015,9999,-3.5,400.94,8.0
OAK,athletics,Oakland Coliseum,2015,9999,-3.0,400.82,8.0
OAK,athletics,Oakland Coliseum,2015,9999,-2.5,400.71,8.0
OAK,athletics,Oakland Coliseum,2015,9999,-2.0,400.64,8.0
OAK,athletics,Oakland Coliseum,2015,9999,-1.5,400.57,8.0
OAK,athletics,Oakland Coliseum,2015,9999,-1.0,400.5,8.0
OAK,athletics,Oakland Coliseum,2015,9999,-0.5,400.43,8.0
OAK,athletics,Oakland Coliseum,2015,9999,0.0,400.47,8.0
OAK,athletics,Oakland Coliseum,2015,9999,0.5,400.51,8.0
OAK,athletics,Oakland Coliseum,2015,9999,1.0,400.56,8.0
OAK,athletics,Oakland Coliseum,2015,9999,1.5,400.6,8.0
OAK,athletics,Oakland Coliseum,2015,9999,2.0,400.73,8.0
OAK,athletics,Oakland Coliseum,2015,9999,2.5,400.9,8.0
OAK,athletics,Oakland Coliseum,2015,9999,3.0,401.06,8.0
OAK,athletics,Oakland Coliseum,2015,9999,3.5,401.23,8.0
OAK,athletics,Oakland Coliseum,2015,9999,4.0,401.07,8.0
OAK,athletics,Oakland Coliseum,2015,9999,4.5,400.31,8.0
OAK,athletics,Oakland Coliseum,2015,9999,5.0,399.56,8.0
OAK,athletics,Oakland Coliseum,2015,9999,5.5,398.81,8.0
OAK,athletics,Oakland Coliseum,2015,9999,6.0,397.99,8.0
OAK,athletics,Oakland Coliseum,2015,9999,6.5,396.86,8.0
OAK,athletics,Oakland Coliseum,2015,9999,7.0,395.73,8.0
OAK,athletics,Oakland Coliseum,2015,9999,7.5,394.6,8.0
OAK,athletics,Oakland Coliseum,2015,9999,8.0,393.46,8.0
OAK,athletics,Oakland Coliseum,2015,9999,8.5,392.49,8.0
OAK,athletics,Oakland Coliseum,2015,9999,9.0,391.51,8.0
OAK,athletics,Oakland Coliseum,2015,9999,9.5,390.53,8.0
OAK,athletics,Oakland Coliseum,2015,9999,10.0,389.55,8.0
OAK,athletics,Oakland Coliseum,2015,9999,10.5,388.53,8.0
OAK,athletics,Oakland Coliseum,2015,9999,11.0,387.49,8.0
OAK,athletics,Oakland Coliseum,2015,9999,11.5,386.46,8.0
OAK,athletics,Oakland Coliseum,2015,9999,12.0,385.42,8.0
OAK,athletics,Oakland Coliseum,2015,9999,12.5,384.23,8.0
OAK,athletics,Oakland Coliseum,2015,9999,13.0,382.88,8.0
OAK,athletics,Oakland Coliseum,2015,9999,13.5,381.52,8.0
OAK,athletics,Oakland Coliseum,2015,9999,14.0,380.16,8.0
OAK,athletics,Oakland Coliseum,2015,9999,14.5,378.85,8.0
OAK,athletics,Oakland Coliseum,2015,9999,15.0,377.64,8.0
OAK,athletics,Oakland Coliseum,2015,9999,15.5,376.44,8.0
OAK,athletics,Oakland Coliseum,2015,9999,16.0,375.23,8.0
OAK,athletics,Oakland Coliseum,2015,9999,16.5,374.03,8.0
OAK,athletics,Oakland Coliseum,2015,9999,17.0,372.96,8.0
OAK,athletics,Oakland Coliseum,2015,9999,17.5,371.9,8.0
OAK,athletics,Oakland Coliseum,2015,9999,18.0,370.83,8.0
OAK,athletics,Oakland Coliseum,2015,9999,18.5,369.77,8.0
OAK,athletics,Oakland Coliseum,2015,9999,19.0,368.77,8.0
OAK,athletics,Oakland Coliseum,2015,9999,19.5,367.82,8.0
OAK,athletics,Oakland Coliseum,2015,9999,20.0,366.87,8.0
OAK,athletics,Oakland Coliseum,2015,9999,20.5,365.92,8.0
OAK,athletics,Oakland Coliseum,2015,9999,21.0,364.97,8.0
OAK,athletics,Oakland Coliseum,2015,9999,21.5,364.27,8.0
OAK,athletics,Oakland Coliseum,2015,9999,22.0,363.58,8.0
OAK,athletics,Oakland Coliseum,2015,9999,22.5,362.88,8.0
OAK,athletics,Oakland Coliseum,2015,9999,23.0,362.19,8.0
OAK,athletics,Oakland Coliseum,2015,9999,23.5,361.71,8.0
OAK,athletics,Oakland Coliseum,2015,9999,24.0,361.7,8.0
OAK,athletics,Oakland Coliseum,2015,9999,24.5,361.69,8.0
OAK,athletics,Oakland Coliseum,2015,9999,25.0,361.68,8.0
OAK,athletics,Oakland Coliseum,2015,9999,25.5,361.67,8.0
OAK,athletics,Oakland Coliseum,2015,9999,26.0,361.78,8.0
OAK,athletics,Oakland Coliseum,2015,9999,26.5,361.99,8.0
OAK,athletics,Oakland Coliseum,2015,9999,27.0,362.2,8.0
OAK,athletics,Oakland Coliseum,2015,9999,27.5,362.41,8.0
OAK,athletics,Oakland Coliseum,2015,9999,28.0,362.62,8.0
OAK,athletics,Oakland Coliseum,2015,9999,28.5,362.95,8.0
OAK,athletics,Oakland Coliseum,2015,9999,29.0,363.31,8.0
OAK,athletics,Oakland Coliseum,2015,9999,29.5,363.68,8.0
OAK,athletics,Oakland Coliseum,2015,9999,30.0,364.04,8.0
OAK,athletics,Oakland Coliseum,2015,9999,30.5,364.41,8.0
OAK,athletics,Oakland Coliseum,2015,9999,31.0,364.92,8.0
OAK,athletics,Oakland Coliseum,2015,9999,31.5,365.43,8.0
OAK,athletics,Oakland Coliseum,2015,9999,32.0,365.94,8.0
OAK,athletics,Oakland Coliseum,2015,9999,32.5,366.44,8.0
OAK,athletics,Oakland Coliseum,2015,9999,33.0,366.64,8.0
OAK,athletics,Oakland Coliseum,2015,9999,33.5,366.26,8.0
OAK,athletics,Oakland Coliseum,2015,9999,34.0,365.87,8.0
OAK,athletics,Oakland Coliseum,2015,9999,34.5,365.49,8.0
OAK,athletics,Oakland Coliseum,2015,9999,35.0,365.1,8.0
OAK,athletics,Oakland Coliseum,2015,9999,35.5,363.44,8.0
OAK,athletics,Oakland Coliseum,2015,9999,36.0,361.64,8.0
OAK,athletics,Oakland Coliseum,2015,9999,36.5,359.84,8.0
OAK,athletics,Oakland Coliseum,2015,9999,37.0,358.04,8.0
OAK,athletics,Oakland Coliseum,2015,9999,37.5,356.37,8.0
OAK,athletics,Oakland Coliseum,2015,9999,38.0,354.76,8.0
OAK,athletics,Oakland Coliseum,2015,9999,38.5,353.14,8.0
OAK,athletics,Oakland Coliseum,2015,9999,39.0,351.52,8.0
OAK,athletics,Oakland Coliseum,2015,9999,39.5,349.97,8.0
OAK,athletics,Oakland Coliseum,2015,9999,40.0,348.5,8.0
OAK,athletics,Oakland Coliseum,2015,9999,40.5,347.03,8.0
OAK,athletics,Oakland Coliseum,2015,9999,41.0,345.56,8.0
OAK,athletics,Oakland Coliseum,2015,9999,41.5,344.09,8.0
OAK,athletics,Oakland Coliseum,2015,9999,42.0,342.79,8.0
OAK,athletics,Oakland Coliseum,2015,9999,42.5,341.51,8.0
OAK,athletics,Oakland Coliseum,2015,9999,43.0,340.23,8.0
OAK,athletics,Oakland Coliseum,2015,9999,43.5,338.95,8.0
OAK,athletics,Oakland Coliseum,2015,9999,44.0,337.71,8.0
OAK,athletics,Oakland Coliseum,2015,9999,44.5,336.59,8.0
OAK,athletics,Oakland Coliseum,2015,9999,45.0,335.47,8.0
TOR,blue_jays,Rogers Centre,2015,9999,-45.0,335.7,10.0
TOR,blue_jays,Rogers Centre,2015,9999,-44.5,336.19,10.0
TOR,blue_jays,Rogers Centre,2015,9999,-44.0,336.71,10.0
TOR,blue_jays,Rogers Centre,2015,9999,-43.5,337.4,10.0
TOR,blue_jays,Rogers Centre,2015,9999,-43.0,338.09,10.0
TOR,blue_jays,Rogers Centre,2015,9999,-42.5,338.78,10.0
TOR,blue_jays,Rogers Centre,2015,9999,-42.0,339.47,10.0
TOR,blue_jays,Rogers Centre,2015,9999,-41.5,340.15,10.0
TOR,blue_jays,Rogers Centre,2015,9999,-41.0,340.94,10.0
TOR,blue_jays,Rogers Centre,2015,9999,-40.5,341.73,10.0
TOR,blue_jays,Rogers Centre,2015,9999,-40.0,342.51,10.0
TOR,blue_jays,Rogers Centre,2015,9999,-39.5,343.3,10.0
TOR,blue_jays,Rogers Centre,2015,9999,-39.0,344.09,10.0
TOR,blue_jays,Rogers Centre,2015,9999,-38.5,345.01,10.0
TOR,blue_jays,Rogers Centre,2015,9999,-38.0,345.95,10.0
TOR,blue_jays,Rogers Centre,2015,9999,-37.5,346.89,10.0
TOR,blue_jays,Rogers Centre,2015,9999,-37.0,347.83,10.0
TOR,blue_jays,Rogers Centre,2015,9999,-36.5,348.76,10.0
TOR,blue_jays,Rogers Centre,2015,9999,-36.0,349.86,10.0
TOR,blue_jays,Rogers Centre,2015,9999,-35.5,350.97,10.0
TOR,blue_jays,Rogers Centre,2015,9999,-35.0,352.08,10.0
TOR,blue_jays,Rogers Centre,2015,9999,-34.5,353.18,10.0
TOR,blue_jays,Rogers Centre,2015,9999,-34.0,354.32,10.0
TOR,blue_jays,Rogers Centre,2015,9999,-33.5,355.6,10.0
TOR,blue_jays,Rogers Centre,2015,9999,-33.0,356.87,10.0
TOR,blue_jays,Rogers Centre,2015,9999,-32.5,358.15,10.0
TOR,blue_jays,Rogers Centre,2015,9999,-32.0,359.42,10.0
TOR,blue_jays,Rogers Centre,2015,9999,-31.5,360.8,10.0
TOR,blue_jays,Rogers Centre,2015,9999,-31.0,362.25,10.0
TOR,blue_jays,Rogers Centre,2015,9999,-30.5,363.71,10.0
TOR,blue_jays,Rogers Centre,2015,9999,-30.0,365.16,10.0
TOR,blue_jays,Rogers Centre,2015,9999,-29.5,366.63,10.0
TOR,blue_jays,Rogers Centre,2015,9999,-29.0,368.28,10.0
TOR,blue_jays,Rogers Centre,2015,9999,-28.5,369.93,10.0
TOR,blue_jays,Rogers Centre,2015,9999,-28.0,371.58,10.0
TOR,blue_jays,Rogers Centre,2015,9999,-27.5,373.24,10.0
TOR,blue_jays,Rogers Centre,2015,9999,-27.0,374.77,10.0
TOR,blue_jays,Rogers Centre,2015,9999,-26.5,376.25,10.0
TOR,blue_jays,Rogers Centre,2015,9999,-26.0,377.74,10.0
TOR,blue_jays,Rogers Centre,2015,9999,-25.5,379.23,10.0
TOR,blue_jays,Rogers Centre,2015,9999,-25.0,380.37,10.0
TOR,blue_jays,Rogers Centre,2015,9999,-24.5,381.07,10.0
TOR,blue_jays,Rogers Centre,2015,9999,-24.0,381.78,10.0
TOR,blue_jays,Rogers Centre,2015,9999,-23.5,382.49,10.0
TOR,blue_jays,Rogers Centre,2015,9999,-23.0,383.19,10.0
TOR,blue_jays,Rogers Centre,2015,9999,-22.5,383.97,10.0
TOR,blue_jays,Rogers Centre,2015,9999,-22.0,384.77,10.0
TOR,blue_jays,Rogers Centre,2015,9999,-21.5,385.56,10.0
TOR,blue_jays,Rogers Centre,2015,9999,-21.0,386.35,10.0
TOR,blue_jays,Rogers Centre,2015,9999,-20.5,387.21,10.0
TOR,blue_jays,Rogers Centre,2015,9999,-20.0,388.19,10.0
TOR,blue_jays,Rogers Centre,2015,9999,-19.5,389.17,10.0
TOR,blue_jays,Rogers Centre,2015,9999,-19.0,390.14,10.0
TOR,blue_jays,Rogers Centre,2015,9999,-18.5,391.12,10.0
TOR,blue_jays,Rogers Centre,2015,9999,-18.0,392.21,10.0
TOR,blue_jays,Rogers Centre,2015,9999,-17.5,393.31,10.0
TOR,blue_jays,Rogers Centre,2015,9999,-17.0,394.41,10.0
TOR,blue_jays,Rogers Centre,2015,9999,-16.5,395.52,10.0
TOR,blue_jays,Rogers Centre,2015,9999,-16.0,396.71,10.0
TOR,blue_jays,Rogers Centre,2015,9999,-15.5,397.96,10.0
TOR,blue_jays,Rogers Centre,2015,9999,-15.0,399.22,10.0
TOR,blue_jays,Rogers Centre,2015,9999,-14.5,400.47,10.0
TOR,blue_jays,Rogers Centre,2015,9999,-14.0,401.57,10.0
TOR,blue_jays,Rogers Centre,2015,9999,-13.5,402.39,10.0
TOR,blue_jays,Rogers Centre,2015,9999,-13.0,403.21,10.0
TOR,blue_jays,Rogers Centre,2015,9999,-12.5,404.02,10.0
TOR,blue_jays,Rogers Centre,2015,9999,-12.0,404.77,10.0
TOR,blue_jays,Rogers Centre,2015,9999,-11.5,404.74,10.0
TOR,blue_jays,Rogers Centre,2015,9999,-11.0,404.71,10.0
TOR,blue_jays,Rogers Centre,2015,9999,-10.5,404.68,10.0
TOR,blue_jays,Rogers Centre,2015,9999,-10.0,404.64,10.0
TOR,blue_jays,Rogers Centre,2015,9999,-9.5,404.62,10.0
TOR,blue_jays,Rogers Centre,2015,9999,-9.0,404.59,10.0
TOR,blue_jays,Rogers Centre,2015,9999,-8.5,404.56,10.0
TOR,blue_jays,Rogers Centre,2015,9999,-8.0,404.53,10.0
TOR,blue_jays,Rogers Centre,2015,9999,-7.5,404.5,10.0
TOR,blue_jays,Rogers Centre,2015,9999,-7.0,404.48,10.0
TOR,blue_jays,Rogers Centre,2015,9999,-6.5,404.45,10.0
TOR,blue_jays,Rogers Centre,2015,9999,-6.0,404.43,10.0
TOR,blue_jays,Rogers Centre,2015,9999,-5.5,404.41,10.0
TOR,blue_jays,Rogers Centre,2015,9999,-5.0,404.38,10.0
TOR,blue_jays,Rogers Centre,2015,9999,-4.5,404.35,10.0
TOR,blue_jays,Rogers Centre,2015,9999,-4.0,404.33,10.0
TOR,blue_jays,Rogers Centre,2015,9999,-3.5,404.3,10.0
TOR,blue_jays,Rogers Centre,2015,9999,-3.0,404.28,10.0
TOR,blue_jays,Rogers Centre,2015,9999,-2.5,404.25,10.0
TOR,blue_jays,Rogers Centre,2015,9999,-2.0,404.23,10.0
TOR,blue_jays,Rogers Centre,2015,9999,-1.5,404.2,10.0
TOR,blue_jays,Rogers Centre,2015,9999,-1.0,404.18,10.0
TOR,blue_jays,Rogers Centre,2015,9999,-0.5,404.17,10.0
TOR,blue_jays,Rogers Centre,2015,9999,0.0,404.16,10.0
TOR,blue_jays,Rogers Centre,2015,9999,0.5,404.15,10.0
TOR,blue_jays,Rogers Centre,2015,9999,1.0,404.14,10.0
TOR,blue_jays,Rogers Centre,2015,9999,1.5,404.13,10.0
TOR,blue_jays,Rogers Centre,2015,9999,2.0,404.12,10.0
TOR,blue_jays,Rogers Centre,2015,9999,2.5,404.11,10.0
TOR,blue_jays,Rogers Centre,2015,9999,3.0,404.1,10.0
TOR,blue_jays,Rogers Centre,2015,9999,3.5,404.09,10.0
TOR,blue_jays,Rogers Centre,2015,9999,4.0,404.09,10.0
TOR,blue_jays,Rogers Centre,2015,9999,4.5,404.09,10.0
TOR,blue_jays,Rogers Centre,2015,9999,5.0,404.09,10.0
TOR,blue_jays,Rogers Centre,2015,9999,5.5,404.09,10.0
TOR,blue_jays,Rogers Centre,2015,9999,6.0,404.09,10.0
TOR,blue_jays,Rogers Centre,2015,9999,6.5,404.09,10.0
TOR,blue_jays,Rogers Centre,2015,9999,7.0,404.09,10.0
TOR,blue_jays,Rogers Centre,2015,9999,7.5,404.09,10.0
TOR,blue_jays,Rogers Centre,2015,9999,8.0,404.09,10.0
TOR,blue_jays,Rogers Centre,2015,9999,8.5,404.09,10.0
TOR,blue_jays,Rogers Centre,2015,9999,9.0,404.1,10.0
TOR,blue_jays,Rogers Centre,2015,9999,9.5,404.1,10.0
TOR,blue_jays,Rogers Centre,2015,9999,10.0,404.11,10.0
TOR,blue_jays,Rogers Centre,2015,9999,10.5,404.05,10.0
TOR,blue_jays,Rogers Centre,2015,9999,11.0,403.97,10.0
TOR,blue_jays,Rogers Centre,2015,9999,11.5,403.89,10.0
TOR,blue_jays,Rogers Centre,2015,9999,12.0,403.82,10.0
TOR,blue_jays,Rogers Centre,2015,9999,12.5,403.29,10.0
TOR,blue_jays,Rogers Centre,2015,9999,13.0,402.08,10.0
TOR,blue_jays,Rogers Centre,2015,9999,13.5,400.87,10.0
TOR,blue_jays,Rogers Centre,2015,9999,14.0,399.65,10.0
TOR,blue_jays,Rogers Centre,2015,9999,14.5,398.44,10.0
TOR,blue_jays,Rogers Centre,2015,9999,15.0,397.21,10.0
TOR,blue_jays,Rogers Centre,2015,9999,15.5,395.97,10.0
TOR,blue_jays,Rogers Centre,2015,9999,16.0,394.74,10.0
TOR,blue_jays,Rogers Centre,2015,9999,16.5,393.51,10.0
TOR,blue_jays,Rogers Centre,2015,9999,17.0,392.42,10.0
TOR,blue_jays,Rogers Centre,2015,9999,17.5,391.34,10.0
TOR,blue_jays,Rogers Centre,2015,9999,18.0,390.26,10.0
TOR,blue_jays,Rogers Centre,2015,9999,18.5,389.18,10.0
TOR,blue_jays,Rogers Centre,2015,9999,19.0,388.19,10.0
TOR,blue_jays,Rogers Centre,2015,9999,19.5,387.27,10.0
TOR,blue_jays,Rogers Centre,2015,9999,20.0,386.34,10.0
TOR,blue_jays,Rogers Centre,2015,9999,20.5,385.42,10.0
TOR,blue_jays,Rogers Centre,2015,9999,21.0,384.51,10.0
TOR,blue_jays,Rogers Centre,2015,9999,21.5,383.75,10.0
TOR,blue_jays,Rogers Centre,2015,9999,22.0,382.99,10.0
TOR,blue_jays,Rogers Centre,2015,9999,22.5,382.24,10.0
TOR,blue_jays,Rogers Centre,2015,9999,23.0,381.48,10.0
TOR,blue_jays,Rogers Centre,2015,9999,23.5,380.66,10.0
TOR,blue_jays,Rogers Centre,2015,9999,24.0,379.78,10.0
TOR,blue_jays,Rogers Centre,2015,9999,24.5,378.91,10.0
TOR,blue_jays,Rogers Centre,2015,9999,25.0,378.04,10.0
TOR,blue_jays,Rogers Centre,2015,9999,25.5,377.16,10.0
TOR,blue_jays,Rogers Centre,2015,9999,26.0,375.45,10.0
TOR,blue_jays,Rogers Centre,2015,9999,26.5,373.73,10.0
TOR,blue_jays,Rogers Centre,2015,9999,27.0,372.0,10.0
TOR,blue_jays,Rogers Centre,2015,9999,27.5,370.27,10.0
TOR,blue_jays,Rogers Centre,2015,9999,28.0,368.65,10.0
TOR,blue_jays,Rogers Centre,2015,9999,28.5,367.06,10.0
TOR,blue_jays,Rogers Centre,2015,9999,29.0,365.48,10.0
TOR,blue_jays,Rogers Centre,2015,9999,29.5,363.89,10.0
TOR,blue_jays,Rogers Centre,2015,9999,30.0,362.36,10.0
TOR,blue_jays,Rogers Centre,2015,9999,30.5,360.94,10.0
TOR,blue_jays,Rogers Centre,2015,9999,31.0,359.52,10.0
TOR,blue_jays,Rogers Centre,2015,9999,31.5,358.11,10.0
TOR,blue_jays,Rogers Centre,2015,9999,32.0,356.69,10.0
TOR,blue_jays,Rogers Centre,2015,9999,32.5,355.42,10.0
TOR,blue_jays,Rogers Centre,2015,9999,33.0,354.18,10.0
TOR,blue_jays,Rogers Centre,2015,9999,33.5,352.93,10.0
TOR,blue_jays,Rogers Centre,2015,9999,34.0,351.69,10.0
TOR,blue_jays,Rogers Centre,2015,9999,34.5,350.48,10.0
TOR,blue_jays,Rogers Centre,2015,9999,35.0,349.4,10.0
TOR,blue_jays,Rogers Centre,2015,9999,35.5,348.32,10.0
TOR,blue_jays,Rogers Centre,2015,9999,36.0,347.25,10.0
TOR,blue_jays,Rogers Centre,2015,9999,36.5,346.17,10.0
TOR,blue_jays,Rogers Centre,2015,9999,37.0,345.14,10.0
TOR,blue_jays,Rogers Centre,2015,9999,37.5,344.22,10.0
TOR,blue_jays,Rogers Centre,2015,9999,38.0,343.29,10.0
TOR,blue_jays,Rogers Centre,2015,9999,38.5,342.37,10.0
TOR,blue_jays,Rogers Centre,2015,9999,39.0,341.45,10.0
TOR,blue_jays,Rogers Centre,2015,9999,39.5,340.57,10.0
TOR,blue_jays,Rogers Centre,2015,9999,40.0,339.81,10.0
TOR,blue_jays,Rogers Centre,2015,9999,40.5,339.04,10.0
TOR,blue_jays,Rogers Centre,2015,9999,41.0,338.28,10.0
TOR,blue_jays,Rogers Centre,2015,9999,41.5,337.51,10.0
TOR,blue_jays,Rogers Centre,2015,9999,42.0,336.78,10.0
TOR,blue_jays,Rogers Centre,2015,9999,42.5,336.17,10.0
TOR,blue_jays,Rogers Centre,2015,9999,43.0,335.56,10.0
TOR,blue_jays,Rogers Centre,2015,9999,43.5,334.95,10.0
TOR,blue_jays,Rogers Centre,2015,9999,44.0,334.34,10.0
TOR,blue_jays,Rogers Centre,2015,9999,44.5,333.73,10.0
TOR,blue_jays,Rogers Centre,2015,9999,45.0,332.87,10.0
ATL,braves,Truist Park,2017,9999,-45.0,341.93,8.0
ATL,braves,Truist Park,2017,9999,-44.5,342.96,8.0
ATL,braves,Truist Park,2017,9999,-44.0,344.02,8.0
ATL,braves,Truist Park,2017,9999,-43.5,345.16,8.0
ATL,braves,Truist Park,2017,9999,-43.0,346.3,8.0
ATL,braves,Truist Park,2017,9999,-42.5,347.44,8.0
ATL,braves,Truist Park,2017,9999,-42.0,348.57,8.0
ATL,braves,Truist Park,2017,9999,-41.5,349.89,8.0
ATL,braves,Truist Park,2017,9999,-41.0,351.23,8.0
ATL,braves,Truist Park,2017,9999,-40.5,352.57,8.0
ATL,braves,Truist Park,2017,9999,-40.0,353.91,8.0
ATL,braves,Truist Park,2017,9999,-39.5,355.35,8.0
ATL,braves,Truist Park,2017,9999,-39.0,356.85,8.0
ATL,braves,Truist Park,2017,9999,-38.5,358.35,8.0
ATL,braves,Truist Park,2017,9999,-38.0,359.85,8.0
ATL,braves,Truist Park,2017,9999,-37.5,361.43,8.0
ATL,braves,Truist Park,2017,9999,-37.0,363.08,8.0
ATL,braves,Truist Park,2017,9999,-36.5,364.74,8.0
ATL,braves,Truist Park,2017,9999,-36.0,366.4,8.0
ATL,braves,Truist Park,2017,9999,-35.5,368.13,8.0
ATL,braves,Truist Park,2017,9999,-35.0,369.97,8.0
ATL,braves,Truist Park,2017,9999,-34.5,371.8,8.0
ATL,braves,Truist Park,2017,9999,-34.0,373.64,8.0
ATL,braves,Truist Park,2017,9999,-33.5,375.03,8.0
ATL,braves,Truist Park,2017,9999,-33.0,376.09,8.0
ATL,braves,Truist Park,2017,9999,-32.5,377.16,8.0
ATL,braves,Truist Park,2017,9999,-32.0,378.23,8.0
ATL,braves,Truist Park,2017,9999,-31.5,378.91,8.0
ATL,braves,Truist Park,2017,9999,-31.0,379.19,8.0
ATL,braves,Truist Park,2017,9999,-30.5,379.48,8.0
ATL,braves,Truist Park,2017,9999,-30.0,379.76,8.0
ATL,braves,Truist Park,2017,9999,-29.5,380.06,8.0
ATL,braves,Truist Park,2017,9999,-29.0,380.46,8.0
ATL,braves,Truist Park,2017,9999,-28.5,380.85,8.0
ATL,braves,Truist Park,2017,9999,-28.0,381.25,8.0
ATL,braves,Truist Park,2017,9999,-27.5,381.65,8.0
ATL,braves,Truist Park,2017,9999,-27.0,382.13,8.0
ATL,braves,Truist Park,2017,9999,-26.5,382.63,8.0
ATL,braves,Truist Park,2017,9999,-26.0,383.13,8.0
ATL,braves,Truist Park,2017,9999,-25.5,383.63,8.0
ATL,braves,Truist Park,2017,9999,-25.0,384.23,8.0
ATL,braves,Truist Park,2017,9999,-24.5,384.89,8.0
ATL,braves,Truist Park,2017,9999,-24.0,385.54,8.0
ATL,braves,Truist Park,2017,9999,-23.5,386.2,8.0
ATL,braves,Truist Park,2017,9999,-23.0,386.67,8.0
ATL,braves,Truist Park,2017,9999,-22.5,386.89,8.0
ATL,braves,Truist Park,2017,9999,-22.0,387.1,8.0
ATL,braves,Truist Park,2017,9999,-21.5,387.32,8.0
ATL,braves,Truist Park,2017,9999,-21.0,387.5,8.0
ATL,braves,Truist Park,2017,9999,-20.5,387.58,8.0
ATL,braves,Truist Park,2017,9999,-20.0,387.65,8.0
ATL,braves,Truist Park,2017,9999,-19.5,387.72,8.0
ATL,braves,Truist Park,2017,9999,-19.0,387.8,8.0
ATL,braves,Truist Park,2017,9999,-18.5,388.0,8.0
ATL,braves,Truist Park,2017,9999,-18.0,388.2,8.0
ATL,braves,Truist Park,2017,9999,-17.5,388.41,8.0
ATL,braves,Truist Park,2017,9999,-17.0,388.62,8.0
ATL,braves,Truist Park,2017,9999,-16.5,388.92,8.0
ATL,braves,Truist Park,2017,9999,-16.0,389.25,8.0
ATL,braves,Truist Park,2017,9999,-15.5,389.59,8.0
ATL,braves,Truist Park,2017,9999,-15.0,389.93,8.0
ATL,braves,Truist Park,2017,9999,-14.5,390.39,8.0
ATL,braves,Truist Park,2017,9999,-14.0,390.98,8.0
ATL,braves,Truist Park,2017,9999,-13.5,391.56,8.0
ATL,braves,Truist Park,2017,9999,-13.0,392.15,8.0
ATL,braves,Truist Park,2017,9999,-12.5,392.74,8.0
ATL,braves,Truist Park,2017,9999,-12.0,393.35,8.0
ATL,braves,Truist Park,2017,9999,-11.5,393.96,8.0
ATL,braves,Truist Park,2017,9999,-11.0,394.56,8.0
ATL,braves,Truist Park,2017,9999,-10.5,395.21,8.0
ATL,braves,Truist Park,2017,9999,-10.0,395.95,8.0
ATL,braves,Truist Park,2017,9999,-9.5,396.7,8.0
ATL,braves,Truist Park,2017,9999,-9.0,397.45,8.0
ATL,braves,Truist Park,2017,9999,-8.5,398.22,8.0
ATL,braves,Truist Park,2017,9999,-8.0,399.11,8.0
ATL,braves,Truist Park,2017,9999,-7.5,400.01,8.0
ATL,braves,Truist Park,2017,9999,-7.0,400.9,8.0
ATL,braves,Truist Park,2017,9999,-6.5,401.68,8.0
ATL,braves,Truist Park,2017,9999,-6.0,402.08,8.0
ATL,braves,Truist Park,2017,9999,-5.5,402.47,8.0
ATL,braves,Truist Park,2017,9999,-5.0,402.87,8.0
ATL,braves,Truist Park,2017,9999,-4.5,403.16,8.0
ATL,braves,Truist Park,2017,9999,-4.0,402.97,8.0
ATL,braves,Truist Park,2017,9999,-3.5,402.79,8.0
ATL,braves,Truist Park,2017,9999,-3.0,402.61,8.0
ATL,braves,Truist Park,2017,9999,-2.5,402.43,8.0
ATL,braves,Truist Park,2017,9999,-2.0,402.34,8.0
ATL,braves,Truist Park,2017,9999,-1.5,402.25,8.0
ATL,braves,Truist Park,2017,9999,-1.0,402.15,8.0
ATL,braves,Truist Park,2017,9999,-0.5,402.06,8.0
ATL,braves,Truist Park,2017,9999,0.0,402.09,8.0
ATL,braves,Truist Park,2017,9999,0.5,402.12,8.0
ATL,braves,Truist Park,2017,9999,1.0,402.16,8.0
ATL,braves,Truist Park,2017,9999,1.5,402.19,8.0
ATL,braves,Truist Park,2017,9999,2.0,402.33,8.0
ATL,braves,Truist Park,2017,9999,2.5,402.49,8.0
ATL,braves,Truist Park,2017,9999,3.0,402.65,8.0
ATL,braves,Truist Park,2017,9999,3.5,402.81,8.0
ATL,braves,Truist Park,2017,9999,4.0,402.99,8.0
ATL,braves,Truist Park,2017,9999,4.5,403.18,8.0
ATL,braves,Truist Park,2017,9999,5.0,403.37,8.0
ATL,braves,Truist Park,2017,9999,5.5,403.56,8.0
ATL,braves,Truist Park,2017,9999,6.0,402.9,8.0
ATL,braves,Truist Park,2017,9999,6.5,401.97,8.0
ATL,braves,Truist Park,2017,9999,7.0,401.05,8.0
ATL,braves,Truist Park,2017,9999,7.5,400.12,8.0
ATL,braves,Truist Park,2017,9999,8.0,398.98,8.0
ATL,braves,Truist Park,2017,9999,8.5,397.79,8.0
ATL,braves,Truist Park,2017,9999,9.0,396.61,8.0
ATL,braves,Truist Park,2017,9999,9.5,395.42,8.0
ATL,braves,Truist Park,2017,9999,10.0,394.39,8.0
ATL,braves,Truist Park,2017,9999,10.5,393.37,8.0
ATL,braves,Truist Park,2017,9999,11.0,392.34,8.0
ATL,braves,Truist Park,2017,9999,11.5,391.32,8.0
ATL,braves,Truist Park,2017,9999,12.0,390.39,8.0
ATL,braves,Truist Park,2017,9999,12.5,389.47,8.0
ATL,braves,Truist Park,2017,9999,13.0,388.55,8.0
ATL,braves,Truist Park,2017,9999,13.5,387.63,8.0
ATL,braves,Truist Park,2017,9999,14.0,386.84,8.0
ATL,braves,Truist Park,2017,9999,14.5,386.08,8.0
ATL,braves,Truist Park,2017,9999,15.0,385.31,8.0
ATL,braves,Truist Park,2017,9999,15.5,384.55,8.0
ATL,braves,Truist Park,2017,9999,16.0,383.89,8.0
ATL,braves,Truist Park,2017,9999,16.5,383.28,8.0
ATL,braves,Truist Park,2017,9999,17.0,382.68,8.0
ATL,braves,Truist Park,2017,9999,17.5,382.07,8.0
ATL,braves,Truist Park,2017,9999,18.0,381.51,8.0
ATL,braves,Truist Park,2017,9999,18.5,381.03,8.0
ATL,braves,Truist Park,2017,9999,19.0,380.54,8.0
ATL,braves,Truist Park,2017,9999,19.5,380.05,8.0
ATL,braves,Truist Park,2017,9999,20.0,379.59,8.0
ATL,braves,Truist Park,2017,9999,20.5,379.22,8.0
ATL,braves,Truist Park,2017,9999,21.0,378.86,8.0
ATL,braves,Truist Park,2017,9999,21.5,378.49,8.0
ATL,braves,Truist Park,2017,9999,22.0,378.12,8.0
ATL,braves,Truist Park,2017,9999,22.5,377.16,8.0
ATL,braves,Truist Park,2017,9999,23.0,376.1,8.0
ATL,braves,Truist Park,2017,9999,23.5,375.05,8.0
ATL,braves,Truist Park,2017,9999,24.0,373.99,8.0
ATL,braves,Truist Park,2017,9999,24.5,372.43,8.0
ATL,braves,Truist Park,2017,9999,25.0,370.7,8.0
ATL,braves,Truist Park,2017,9999,25.5,368.98,8.0
ATL,braves,Truist Park,2017,9999,26.0,367.25,8.0
ATL,braves,Truist Park,2017,9999,26.5,365.67,8.0
ATL,braves,Truist Park,2017,9999,27.0,364.11,8.0
ATL,braves,Truist Park,2017,9999,27.5,362.55,8.0
ATL,braves,Truist Park,2017,9999,28.0,360.99,8.0
ATL,braves,Truist Park,2017,9999,28.5,359.55,8.0
ATL,braves,Truist Park,2017,9999,29.0,358.14,8.0
ATL,braves,Truist Park,2017,9999,29.5,356.73,8.0
ATL,braves,Truist Park,2017,9999,30.0,355.32,8.0
ATL,braves,Truist Park,2017,9999,30.5,354.02,8.0
ATL,braves,Truist Park,2017,9999,31.0,352.79,8.0
ATL,braves,Truist Park,2017,9999,31.5,351.56,8.0
ATL,braves,Truist Park,2017,9999,32.0,350.34,8.0
ATL,braves,Truist Park,2017,9999,32.5,349.15,8.0
ATL,braves,Truist Park,2017,9999,33.0,348.09,8.0
ATL,braves,Truist Park,2017,9999,33.5,347.03,8.0
ATL,braves,Truist Park,2017,9999,34.0,345.96,8.0
ATL,braves,Truist Park,2017,9999,34.5,344.9,8.0
ATL,braves,Truist Park,2017,9999,35.0,343.94,8.0
ATL,braves,Truist Park,2017,9999,35.5,343.0,8.0
ATL,braves,Truist Park,2017,9999,36.0,342.07,8.0
ATL,braves,Truist Park,2017,9999,36.5,341.13,8.0
ATL,braves,Truist Park,2017,9999,37.0,340.22,8.0
ATL,braves,Truist Park,2017,9999,37.5,339.42,8.0
ATL,braves,Truist Park,2017,9999,38.0,338.62,8.0
ATL,braves,Truist Park,2017,9999,38.5,337.83,8.0
ATL,braves,Truist Park,2017,9999,39.0,337.03,8.0
ATL,braves,Truist Park,2017,9999,39.5,336.29,8.0
ATL,braves,Truist Park,2017,9999,40.0,335.63,8.0
ATL,braves,Truist Park,2017,9999,40.5,334.96,8.0
ATL,braves,Truist Park,2017,9999,41.0,334.29,8.0
ATL,braves,Truist Park,2017,9999,41.5,333.62,8.0
ATL,braves,Truist Park,2017,9999,42.0,333.04,8.0
ATL,braves,Truist Park,2017,9999,42.5,332.5,8.0
ATL,braves,Truist Park,2017,9999,43.0,331.95,8.0
ATL,braves,Truist Park,2017,9999,43.5,331.41,8.0
ATL,braves,Truist Park,2017,9999,44.0,330.86,8.0
ATL,braves,Truist Park,2017,9999,44.5,329.85,8.0
ATL,braves,Truist Park,2017,9999,45.0,328.73,8.0
MIL,brewers,American Family Field,2015,9999,-45.0,349.78,8.0
MIL,brewers,American Family Field,2015,9999,-44.5,351.16,8.0
MIL,brewers,American Family Field,2015,9999,-44.0,352.53,8.0
MIL,brewers,American Family Field,2015,9999,-43.5,353.92,8.0
MIL,brewers,American Family Field,2015,9999,-43.0,355.46,8.0
MIL,brewers,American Family Field,2015,9999,-42.5,357.01,8.0
MIL,brewers,American Family Field,2015,9999,-42.0,358.55,8.0
MIL,brewers,American Family Field,2015,9999,-41.5,360.09,8.0
MIL,brewers,American Family Field,2015,9999,-41.0,360.53,8.0
MIL,brewers,American Family Field,2015,9999,-40.5,360.8,8.0
MIL,brewers,American Family Field,2015,9999,-40.0,361.07,8.0
MIL,brewers,American Family Field,2015,9999,-39.5,361.34,8.0
MIL,brewers,American Family Field,2015,9999,-39.0,361.64,8.0
MIL,brewers,American Family Field,2015,9999,-38.5,362.04,8.0
MIL,brewers,American Family Field,2015,9999,-38.0,362.44,8.0
MIL,brewers,American Family Field,2015,9999,-37.5,362.84,8.0
MIL,brewers,American Family Field,2015,9999,-37.0,363.24,8.0
MIL,brewers,American Family Field,2015,9999,-36.5,363.72,8.0
MIL,brewers,American Family Field,2015,9999,-36.0,364.25,8.0
MIL,brewers,American Family Field,2015,9999,-35.5,364.78,8.0
MIL,brewers,American Family Field,2015,9999,-35.0,365.31,8.0
MIL,brewers,American Family Field,2015,9999,-34.5,365.85,8.0
MIL,brewers,American Family Field,2015,9999,-34.0,366.52,8.0
MIL,brewers,American Family Field,2015,9999,-33.5,367.18,8.0
MIL,brewers,American Family Field,2015,9999,-33.0,367.85,8.0
MIL,brewers,American Family Field,2015,9999,-32.5,368.52,8.0
MIL,brewers,American Family Field,2015,9999,-32.0,369.23,8.0
MIL,brewers,American Family Field,2015,9999,-31.5,369.98,8.0
MIL,brewers,American Family Field,2015,9999,-31.0,370.74,8.0
MIL,brewers,American Family Field,2015,9999,-30.5,371.49,8.0
MIL,brewers,American Family Field,2015,9999,-30.0,372.14,8.0
MIL,brewers,American Family Field,2015,9999,-29.5,371.88,8.0
MIL,brewers,American Family Field,2015,9999,-29.0,371.61,8.0
MIL,brewers,American Family Field,2015,9999,-28.5,371.34,8.0
MIL,brewers,American Family Field,2015,9999,-28.0,371.08,8.0
MIL,brewers,American Family Field,2015,9999,-27.5,370.89,8.0
MIL,brewers,American Family Field,2015,9999,-27.0,370.75,8.0
MIL,brewers,American Family Field,2015,9999,-26.5,370.61,8.0
MIL,brewers,American Family Field,2015,9999,-26.0,370.48,8.0
MIL,brewers,American Family Field,2015,9999,-25.5,370.35,8.0
MIL,brewers,American Family Field,2015,9999,-25.0,370.34,8.0
MIL,brewers,American Family Field,2015,9999,-24.5,370.33,8.0
MIL,brewers,American Family Field,2015,9999,-24.0,370.32,8.0
MIL,brewers,American Family Field,2015,9999,-23.5,370.32,8.0
MIL,brewers,American Family Field,2015,9999,-23.0,370.37,8.0
MIL,brewers,American Family Field,2015,9999,-22.5,370.49,8.0
MIL,brewers,American Family Field,2015,9999,-22.0,370.61,8.0
MIL,brewers,American Family Field,2015,9999,-21.5,370.73,8.0
MIL,brewers,American Family Field,2015,9999,-21.0,370.85,8.0
MIL,brewers,American Family Field,2015,9999,-20.5,371.09,8.0
MIL,brewers,American Family Field,2015,9999,-20.0,371.34,8.0
MIL,brewers,American Family Field,2015,9999,-19.5,371.59,8.0
MIL,brewers,American Family Field,2015,9999,-19.0,371.84,8.0
MIL,brewers,American Family Field,2015,9999,-18.5,372.14,8.0
MIL,brewers,American Family Field,2015,9999,-18.0,372.52,8.0
MIL,brewers,American Family Field,2015,9999,-17.5,372.9,8.0
MIL,brewers,American Family Field,2015,9999,-17.0,373.28,8.0
MIL,brewers,American Family Field,2015,9999,-16.5,373.67,8.0
MIL,brewers,American Family Field,2015,9999,-16.0,374.16,8.0
MIL,brewers,American Family Field,2015,9999,-15.5,374.68,8.0
MIL,brewers,American Family Field,2015,9999,-15.0,375.19,8.0
MIL,brewers,American Family Field,2015,9999,-14.5,375.7,8.0
MIL,brewers,American Family Field,2015,9999,-14.0,376.27,8.0
MIL,brewers,American Family Field,2015,9999,-13.5,376.92,8.0
MIL,brewers,American Family Field,2015,9999,-13.0,377.57,8.0
MIL,brewers,American Family Field,2015,9999,-12.5,378.21,8.0
MIL,brewers,American Family Field,2015,9999,-12.0,378.93,8.0
MIL,brewers,American Family Field,2015,9999,-11.5,381.24,8.0
MIL,brewers,American Family Field,2015,9999,-11.0,383.55,8.0
MIL,brewers,American Family Field,2015,9999,-10.5,386.19,8.0
MIL,brewers,American Family Field,2015,9999,-10.0,389.02,8.0
MIL,brewers,American Family Field,2015,9999,-9.5,391.84,8.0
MIL,brewers,American Family Field,2015,9999,-9.0,394.67,8.0
MIL,brewers,American Family Field,2015,9999,-8.5,397.01,8.0
MIL,brewers,American Family Field,2015,9999,-8.0,398.45,8.0
MIL,brewers,American Family Field,2015,9999,-7.5,399.9,8.0
MIL,brewers,American Family Field,2015,9999,-7.0,401.35,8.0
MIL,brewers,American Family Field,2015,9999,-6.5,401.79,8.0
MIL,brewers,American Family Field,2015,9999,-6.0,401.44,8.0
MIL,brewers,American Family Field,2015,9999,-5.5,401.09,8.0
MIL,brewers,American Family Field,2015,9999,-5.0,400.73,8.0
MIL,brewers,American Family Field,2015,9999,-4.5,400.43,8.0
MIL,brewers,American Family Field,2015,9999,-4.0,400.21,8.0
MIL,brewers,American Family Field,2015,9999,-3.5,399.99,8.0
MIL,brewers,American Family Field,2015,9999,-3.0,399.77,8.0
MIL,brewers,American Family Field,2015,9999,-2.5,399.57,8.0
MIL,brewers,American Family Field,2015,9999,-2.0,399.47,8.0
MIL,brewers,American Family Field,2015,9999,-1.5,399.38,8.0
MIL,brewers,American Family Field,2015,9999,-1.0,399.29,8.0
MIL,brewers,American Family Field,2015,9999,-0.5,399.19,8.0
MIL,brewers,American Family Field,2015,9999,0.0,399.22,8.0
MIL,brewers,American Family Field,2015,9999,0.5,399.26,8.0
MIL,brewers,American Family Field,2015,9999,1.0,399.29,8.0
MIL,brewers,American Family Field,2015,9999,1.5,399.33,8.0
MIL,brewers,American Family Field,2015,9999,2.0,399.46,8.0
MIL,brewers,American Family Field,2015,9999,2.5,399.62,8.0
MIL,brewers,American Family Field,2015,9999,3.0,399.79,8.0
MIL,brewers,American Family Field,2015,9999,3.5,399.95,8.0
MIL,brewers,American Family Field,2015,9999,4.0,400.18,8.0
MIL,brewers,American Family Field,2015,9999,4.5,400.47,8.0
MIL,brewers,American Family Field,2015,9999,5.0,400.77,8.0
MIL,brewers,American Family Field,2015,9999,5.5,401.06,8.0
MIL,brewers,American Family Field,2015,9999,6.0,400.98,8.0
MIL,brewers,American Family Field,2015,9999,6.5,399.96,8.0
MIL,brewers,American Family Field,2015,9999,7.0,398.95,8.0
MIL,brewers,American Family Field,2015,9999,7.5,397.94,8.0
MIL,brewers,American Family Field,2015,9999,8.0,395.52,8.0
MIL,brewers,American Family Field,2015,9999,8.5,392.07,8.0
MIL,brewers,American Family Field,2015,9999,9.0,388.62,8.0
MIL,brewers,American Family Field,2015,9999,9.5,386.36,8.0
MIL,brewers,American Family Field,2015,9999,10.0,385.09,8.0
MIL,brewers,American Family Field,2015,9999,10.5,383.82,8.0
MIL,brewers,American Family Field,2015,9999,11.0,382.55,8.0
MIL,brewers,American Family Field,2015,9999,11.5,381.6,8.0
MIL,brewers,American Family Field,2015,9999,12.0,380.95,8.0
MIL,brewers,American Family Field,2015,9999,12.5,380.31,8.0
MIL,brewers,American Family Field,2015,9999,13.0,379.67,8.0
MIL,brewers,American Family Field,2015,9999,13.5,379.05,8.0
MIL,brewers,American Family Field,2015,9999,14.0,378.54,8.0
MIL,brewers,American Family Field,2015,9999,14.5,378.04,8.0
MIL,brewers,American Family Field,2015,9999,15.0,377.53,8.0
MIL,brewers,American Family Field,2015,9999,15.5,377.02,8.0
MIL,brewers,American Family Field,2015,9999,16.0,376.61,8.0
MIL,brewers,American Family Field,2015,9999,16.5,376.24,8.0
MIL,brewers,American Family Field,2015,9999,17.0,375.86,8.0
MIL,brewers,American Family Field,2015,9999,17.5,375.49,8.0
MIL,brewers,American Family Field,2015,9999,18.0,375.15,8.0
MIL,brewers,American Family Field,2015,9999,18.5,374.9,8.0
MIL,brewers,American Family Field,2015,9999,19.0,374.66,8.0
MIL,brewers,American Family Field,2015,9999,19.5,374.41,8.0
MIL,brewers,American Family Field,2015,9999,20.0,374.17,8.0
MIL,brewers,American Family Field,2015,9999,20.5,373.98,8.0
MIL,brewers,American Family Field,2015,9999,21.0,373.81,8.0
MIL,brewers,American Family Field,2015,9999,21.5,373.63,8.0
MIL,brewers,American Family Field,2015,9999,22.0,373.46,8.0
MIL,brewers,American Family Field,2015,9999,22.5,373.06,8.0
MIL,brewers,American Family Field,2015,9999,23.0,372.04,8.0
MIL,brewers,American Family Field,2015,9999,23.5,371.03,8.0
MIL,brewers,American Family Field,2015,9999,24.0,370.01,8.0
MIL,brewers,American Family Field,2015,9999,24.5,368.99,8.0
MIL,brewers,American Family Field,2015,9999,25.0,368.11,8.0
MIL,brewers,American Family Field,2015,9999,25.5,367.24,8.0
MIL,brewers,American Family Field,2015,9999,26.0,366.36,8.0
MIL,brewers,American Family Field,2015,9999,26.5,365.49,8.0
MIL,brewers,American Family Field,2015,9999,27.0,364.46,8.0
MIL,brewers,American Family Field,2015,9999,27.5,363.26,8.0
MIL,brewers,American Family Field,2015,9999,28.0,362.06,8.0
MIL,brewers,American Family Field,2015,9999,28.5,360.86,8.0
MIL,brewers,American Family Field,2015,9999,29.0,358.74,8.0
MIL,brewers,American Family Field,2015,9999,29.5,354.92,8.0
MIL,brewers,American Family Field,2015,9999,30.0,351.1,8.0
MIL,brewers,American Family Field,2015,9999,30.5,349.0,8.0
MIL,brewers,American Family Field,2015,9999,31.0,348.45,8.0
MIL,brewers,American Family Field,2015,9999,31.5,347.9,8.0
MIL,brewers,American Family Field,2015,9999,32.0,347.34,8.0
MIL,brewers,American Family Field,2015,9999,32.5,346.79,8.0
MIL,brewers,American Family Field,2015,9999,33.0,346.34,8.0
MIL,brewers,American Family Field,2015,9999,33.5,345.92,8.0
MIL,brewers,American Family Field,2015,9999,34.0,345.5,8.0
MIL,brewers,American Family Field,2015,9999,34.5,345.08,8.0
MIL,brewers,American Family Field,2015,9999,35.0,344.66,8.0
MIL,brewers,American Family Field,2015,9999,35.5,344.36,8.0
MIL,brewers,American Family Field,2015,9999,36.0,344.08,8.0
MIL,brewers,American Family Field,2015,9999,36.5,343.79,8.0
MIL,brewers,American Family Field,2015,9999,37.0,343.5,8.0
MIL,brewers,American Family Field,2015,9999,37.5,343.22,8.0
MIL,brewers,American Family Field,2015,9999,38.0,343.06,8.0
MIL,brewers,American Family Field,2015,9999,38.5,342.9,8.0
MIL,brewers,American Family Field,2015,9999,39.0,342.74,8.0
MIL,brewers,American Family Field,2015,9999,39.5,342.58,8.0
MIL,brewers,American Family Field,2015,9999,40.0,342.44,8.0
MIL,brewers,American Family Field,2015,9999,40.5,342.41,8.0
MIL,brewers,American Family Field,2015,9999,41.0,342.38,8.0
MIL,brewers,American Family Field,2015,9999,41.5,342.35,8.0
MIL,brewers,American Family Field,2015,9999,42.0,342.32,8.0
MIL,brewers,American Family Field,2015,9999,42.5,342.32,8.0
MIL,brewers,American Family Field,2015,9999,43.0,342.42,8.0
MIL,brewers,American Family Field,2015,9999,43.5,342.52,8.0
MIL,brewers,American Family Field,2015,9999,44.0,342.62,8.0
MIL,brewers,American Family Field,2015,9999,44.5,342.71,8.0
MIL,brewers,American Family Field,2015,9999,45.0,342.8,8.0
STL,cardinals,Busch Stadium,2015,9999,-45.0,350.43,8.0
STL,cardinals,Busch Stadium,2015,9999,-44.5,351.2,8.0
STL,cardinals,Busch Stadium,2015,9999,-44.0,351.97,8.0
STL,cardinals,Busch Stadium,2015,9999,-43.5,352.74,8.0
STL,cardinals,Busch Stadium,2015,9999,-43.0,353.51,8.0
STL,cardinals,Busch Stadium,2015,9999,-42.5,353.87,8.0
STL,cardinals,Busch Stadium,2015,9999,-42.0,354.03,8.0
STL,cardinals,Busch Stadium,2015,9999,-41.5,354.2,8.0
STL,cardinals,Busch Stadium,2015,9999,-41.0,354.36,8.0
STL,cardinals,Busch Stadium,2015,9999,-40.5,354.53,8.0
STL,cardinals,Busch Stadium,2015,9999,-40.0,354.83,8.0
STL,cardinals,Busch Stadium,2015,9999,-39.5,355.14,8.0
STL,cardinals,Busch Stadium,2015,9999,-39.0,355.45,8.0
STL,cardinals,Busch Stadium,2015,9999,-38.5,355.75,8.0
STL,cardinals,Busch Stadium,2015,9999,-38.0,356.1,8.0
STL,cardinals,Busch Stadium,2015,9999,-37.5,356.53,8.0
STL,cardinals,Busch Stadium,2015,9999,-37.0,356.96,8.0
STL,cardinals,Busch Stadium,2015,9999,-36.5,357.4,8.0
STL,cardinals,Busch Stadium,2015,9999,-36.0,357.83,8.0
STL,cardinals,Busch Stadium,2015,9999,-35.5,358.36,8.0
STL,cardinals,Busch Stadium,2015,9999,-35.0,358.93,8.0
STL,cardinals,Busch Stadium,2015,9999,-34.5,359.5,8.0
STL,cardinals,Busch Stadium,2015,9999,-34.0,360.07,8.0
STL,cardinals,Busch Stadium,2015,9999,-33.5,360.66,8.0
STL,cardinals,Busch Stadium,2015,9999,-33.0,361.38,8.0
STL,cardinals,Busch Stadium,2015,9999,-32.5,362.09,8.0
STL,cardinals,Busch Stadium,2015,9999,-32.0,362.81,8.0
STL,cardinals,Busch Stadium,2015,9999,-31.5,363.53,8.0
STL,cardinals,Busch Stadium,2015,9999,-31.0,364.34,8.0
STL,cardinals,Busch Stadium,2015,9999,-30.5,365.19,8.0
STL,cardinals,Busch Stadium,2015,9999,-30.0,366.05,8.0
STL,cardinals,Busch Stadium,2015,9999,-29.5,366.91,8.0
STL,cardinals,Busch Stadium,2015,9999,-29.0,367.8,8.0
STL,cardinals,Busch Stadium,2015,9999,-28.5,368.78,8.0
STL,cardinals,Busch Stadium,2015,9999,-28.0,369.77,8.0
STL,cardinals,Busch Stadium,2015,9999,-27.5,370.76,8.0
STL,cardinals,Busch Stadium,2015,9999,-27.0,371.75,8.0
STL,cardinals,Busch Stadium,2015,9999,-26.5,372.85,8.0
STL,cardinals,Busch Stadium,2015,9999,-26.0,373.96,8.0
STL,cardinals,Busch Stadium,2015,9999,-25.5,375.07,8.0
STL,cardinals,Busch Stadium,2015,9999,-25.0,376.18,8.0
STL,cardinals,Busch Stadium,2015,9999,-24.5,377.4,8.0
STL,cardinals,Busch Stadium,2015,9999,-24.0,378.66,8.0
STL,cardinals,Busch Stadium,2015,9999,-23.5,379.92,8.0
STL,cardinals,Busch Stadium,2015,9999,-23.0,381.18,8.0
STL,cardinals,Busch Stadium,2015,9999,-22.5,382.54,8.0
STL,cardinals,Busch Stadium,2015,9999,-22.0,383.96,8.0
STL,cardinals,Busch Stadium,2015,9999,-21.5,385.38,8.0
STL,cardinals,Busch Stadium,2015,9999,-21.0,386.8,8.0
STL,cardinals,Busch Stadium,2015,9999,-20.5,387.97,8.0
STL,cardinals,Busch Stadium,2015,9999,-20.0,388.99,8.0
STL,cardinals,Busch Stadium,2015,9999,-19.5,390.01,8.0
STL,cardinals,Busch Stadium,2015,9999,-19.0,391.03,8.0
STL,cardinals,Busch Stadium,2015,9999,-18.5,391.42,8.0
STL,cardinals,Busch Stadium,2015,9999,-18.0,391.45,8.0
STL,cardinals,Busch Stadium,2015,9999,-17.5,391.48,8.0
STL,cardinals,Busch Stadium,2015,9999,-17.0,391.51,8.0
STL,cardinals,Busch Stadium,2015,9999,-16.5,391.58,8.0
STL,cardinals,Busch Stadium,2015,9999,-16.0,391.71,8.0
STL,cardinals,Busch Stadium,2015,9999,-15.5,391.85,8.0
STL,cardinals,Busch Stadium,2015,9999,-15.0,391.98,8.0
STL,cardinals,Busch Stadium,2015,9999,-14.5,392.12,8.0
STL,cardinals,Busch Stadium,2015,9999,-14.0,392.36,8.0
STL,cardinals,Busch Stadium,2015,9999,-13.5,392.6,8.0
STL,cardinals,Busch Stadium,2015,9999,-13.0,392.84,8.0
STL,cardinals,Busch Stadium,2015,9999,-12.5,393.08,8.0
STL,cardinals,Busch Stadium,2015,9999,-12.0,393.47,8.0
STL,cardinals,Busch Stadium,2015,9999,-11.5,393.87,8.0
STL,cardinals,Busch Stadium,2015,9999,-11.0,394.27,8.0
STL,cardinals,Busch Stadium,2015,9999,-10.5,394.67,8.0
STL,cardinals,Busch Stadium,2015,9999,-10.0,395.15,8.0
STL,cardinals,Busch Stadium,2015,9999,-9.5,395.65,8.0
STL,cardinals,Busch Stadium,2015,9999,-9.0,396.16,8.0
STL,cardinals,Busch Stadium,2015,9999,-8.5,396.66,8.0
STL,cardinals,Busch Stadium,2015,9999,-8.0,397.25,8.0
STL,cardinals,Busch Stadium,2015,9999,-7.5,397.91,8.0
STL,cardinals,Busch Stadium,2015,9999,-7.0,398.58,8.0
STL,cardinals,Busch Stadium,2015,9999,-6.5,399.24,8.0
STL,cardinals,Busch Stadium,2015,9999,-6.0,399.77,8.0
STL,cardinals,Busch Stadium,2015,9999,-5.5,400.14,8.0
STL,cardinals,Busch Stadium,2015,9999,-5.0,400.51,8.0
STL,cardinals,Busch Stadium,2015,9999,-4.5,400.88,8.0
STL,cardinals,Busch Stadium,2015,9999,-4.0,401.07,8.0
STL,cardinals,Busch Stadium,2015,9999,-3.5,400.88,8.0
STL,cardinals,Busch Stadium,2015,9999,-3.0,400.7,8.0
STL,cardinals,Busch Stadium,2015,9999,-2.5,400.52,8.0
STL,cardinals,Busch Stadium,2015,9999,-2.0,400.35,8.0
STL,cardinals,Busch Stadium,2015,9999,-1.5,400.29,8.0
STL,cardinals,Busch Stadium,2015,9999,-1.0,400.22,8.0
STL,cardinals,Busch Stadium,2015,9999,-0.5,400.16,8.0
STL,cardinals,Busch Stadium,2015,9999,0.0,400.1,8.0
STL,cardinals,Busch Stadium,2015,9999,0.5,400.16,8.0
STL,cardinals,Busch Stadium,2015,9999,1.0,400.23,8.0
STL,cardinals,Busch Stadium,2015,9999,1.5,400.29,8.0
STL,cardinals,Busch Stadium,2015,9999,2.0,400.35,8.0
STL,cardinals,Busch Stadium,2015,9999,2.5,400.52,8.0
STL,cardinals,Busch Stadium,2015,9999,3.0,400.71,8.0
STL,cardinals,Busch Stadium,2015,9999,3.5,400.9,8.0
STL,cardinals,Busch Stadium,2015,9999,4.0,401.09,8.0
STL,cardinals,Busch Stadium,2015,9999,4.5,400.86,8.0
STL,cardinals,Busch Stadium,2015,9999,5.0,400.46,8.0
STL,cardinals,Busch Stadium,2015,9999,5.5,400.05,8.0
STL,cardinals,Busch Stadium,2015,9999,6.0,399.65,8.0
STL,cardinals,Busch Stadium,2015,9999,6.5,399.07,8.0
STL,cardinals,Busch Stadium,2015,9999,7.0,398.38,8.0
STL,cardinals,Busch Stadium,2015,9999,7.5,397.69,8.0
STL,cardinals,Busch Stadium,2015,9999,8.0,397.0,8.0
STL,cardinals,Busch Stadium,2015,9999,8.5,396.35,8.0
STL,cardinals,Busch Stadium,2015,9999,9.0,395.74,8.0
STL,cardinals,Busch Stadium,2015,9999,9.5,395.13,8.0
STL,cardinals,Busch Stadium,2015,9999,10.0,394.52,8.0
STL,cardinals,Busch Stadium,2015,9999,10.5,393.98,8.0
STL,cardinals,Busch Stadium,2015,9999,11.0,393.55,8.0
STL,cardinals,Busch Stadium,2015,9999,11.5,393.11,8.0
STL,cardinals,Busch Stadium,2015,9999,12.0,392.68,8.0
STL,cardinals,Busch Stadium,2015,9999,12.5,392.27,8.0
STL,cardinals,Busch Stadium,2015,9999,13.0,391.95,8.0
STL,cardinals,Busch Stadium,2015,9999,13.5,391.62,8.0
STL,cardinals,Busch Stadium,2015,9999,14.0,391.3,8.0
STL,cardinals,Busch Stadium,2015,9999,14.5,390.98,8.0
STL,cardinals,Busch Stadium,2015,9999,15.0,390.78,8.0
STL,cardinals,Busch Stadium,2015,9999,15.5,390.59,8.0
STL,cardinals,Busch Stadium,2015,9999,16.0,390.4,8.0
STL,cardinals,Busch Stadium,2015,9999,16.5,390.22,8.0
STL,cardinals,Busch Stadium,2015,9999,17.0,390.11,8.0
STL,cardinals,Busch Stadium,2015,9999,17.5,390.05,8.0
STL,cardinals,Busch Stadium,2015,9999,18.0,389.99,8.0
STL,cardinals,Busch Stadium,2015,9999,18.5,389.93,8.0
STL,cardinals,Busch Stadium,2015,9999,19.0,389.58,8.0
STL,cardinals,Busch Stadium,2015,9999,19.5,388.81,8.0
STL,cardinals,Busch Stadium,2015,9999,20.0,388.04,8.0
STL,cardinals,Busch Stadium,2015,9999,20.5,387.26,8.0
STL,cardinals,Busch Stadium,2015,9999,21.0,386.29,8.0
STL,cardinals,Busch Stadium,2015,9999,21.5,384.87,8.0
STL,cardinals,Busch Stadium,2015,9999,22.0,383.44,8.0
STL,cardinals,Busch Stadium,2015,9999,22.5,382.01,8.0
STL,cardinals,Busch Stadium,2015,9999,23.0,380.64,8.0
STL,cardinals,Busch Stadium,2015,9999,23.5,379.39,8.0
STL,cardinals,Busch Stadium,2015,9999,24.0,378.14,8.0
STL,cardinals,Busch Stadium,2015,9999,24.5,376.89,8.0
STL,cardinals,Busch Stadium,2015,9999,25.0,375.65,8.0
STL,cardinals,Busch Stadium,2015,9999,25.5,374.5,8.0
STL,cardinals,Busch Stadium,2015,9999,26.0,373.35,8.0
STL,cardinals,Busch Stadium,2015,9999,26.5,372.2,8.0
STL,cardinals,Busch Stadium,2015,9999,27.0,371.04,8.0
STL,cardinals,Busch Stadium,2015,9999,27.5,370.06,8.0
STL,cardinals,Busch Stadium,2015,9999,28.0,369.07,8.0
STL,cardinals,Busch Stadium,2015,9999,28.5,368.09,8.0
STL,cardinals,Busch Stadium,2015,9999,29.0,367.1,8.0
STL,cardinals,Busch Stadium,2015,9999,29.5,366.2,8.0
STL,cardinals,Busch Stadium,2015,9999,30.0,365.34,8.0
STL,cardinals,Busch Stadium,2015,9999,30.5,364.47,8.0
STL,cardinals,Busch Stadium,2015,9999,31.0,363.61,8.0
STL,cardinals,Busch Stadium,2015,9999,31.5,362.8,8.0
STL,cardinals,Busch Stadium,2015,9999,32.0,362.11,8.0
STL,cardinals,Busch Stadium,2015,9999,32.5,361.43,8.0
STL,cardinals,Busch Stadium,2015,9999,33.0,360.74,8.0
STL,cardinals,Busch Stadium,2015,9999,33.5,360.05,8.0
STL,cardinals,Busch Stadium,2015,9999,34.0,359.45,8.0
STL,cardinals,Busch Stadium,2015,9999,34.5,358.88,8.0
STL,cardinals,Busch Stadium,2015,9999,35.0,358.3,8.0
STL,cardinals,Busch Stadium,2015,9999,35.5,357.73,8.0
STL,cardinals,Busch Stadium,2015,9999,36.0,357.18,8.0
STL,cardinals,Busch Stadium,2015,9999,36.5,356.73,8.0
STL,cardinals,Busch Stadium,2015,9999,37.0,356.28,8.0
STL,cardinals,Busch Stadium,2015,9999,37.5,355.83,8.0
STL,cardinals,Busch Stadium,2015,9999,38.0,355.39,8.0
STL,cardinals,Busch Stadium,2015,9999,38.5,355.04,8.0
STL,cardinals,Busch Stadium,2015,9999,39.0,354.77,8.0
STL,cardinals,Busch Stadium,2015,9999,39.5,354.49,8.0
STL,cardinals,Busch Stadium,2015,9999,40.0,354.22,8.0
STL,cardinals,Busch Stadium,2015,9999,40.5,353.95,8.0
STL,cardinals,Busch Stadium,2015,9999,41.0,353.62,8.0
STL,cardinals,Busch Stadium,2015,9999,41.5,353.28,8.0
STL,cardinals,Busch Stadium,2015,9999,42.0,352.94,8.0
STL,cardinals,Busch Stadium,2015,9999,42.5,352.61,8.0
STL,cardinals,Busch Stadium,2015,9999,43.0,351.92,8.0
STL,cardinals,Busch Stadium,2015,9999,43.5,350.06,8.0
STL,cardinals,Busch Stadium,2015,9999,44.0,348.19,8.0
STL,cardinals,Busch Stadium,2015,9999,44.5,346.33,8.0
STL,cardinals,Busch Stadium,2015,9999,45.0,344.47,8.0
CHC,cubs,Wrigley Field,2015,9999,-45.0,352.96,11.5
CHC,cubs,Wrigley Field,2015,9999,-44.5,352.66,11.5
CHC,cubs,Wrigley Field,2015,9999,-44.0,352.36,11.5
CHC,cubs,Wrigley Field,2015,9999,-43.5,352.12,11.5
CHC,cubs,Wrigley Field,2015,9999,-43.0,351.98,11.5
CHC,cubs,Wrigley Field,2015,9999,-42.5,351.85,11.5
CHC,cubs,Wrigley Field,2015,9999,-42.0,351.71,11.5
CHC,cubs,Wrigley Field,2015,9999,-41.5,351.57,11.5
CHC,cubs,Wrigley Field,2015,9999,-41.0,351.52,11.5
CHC,cubs,Wrigley Field,2015,9999,-40.5,351.53,11.5
CHC,cubs,Wrigley Field,2015,9999,-40.0,351.54,11.5
CHC,cubs,Wrigley Field,2015,9999,-39.5,351.55,11.5
CHC,cubs,Wrigley Field,2015,9999,-39.0,351.57,11.5
CHC,cubs,Wrigley Field,2015,9999,-38.5,351.66,11.5
CHC,cubs,Wrigley Field,2015,9999,-38.0,351.78,11.5
CHC,cubs,Wrigley Field,2015,9999,-37.5,351.91,11.5
CHC,cubs,Wrigley Field,2015,9999,-37.0,352.04,11.5
CHC,cubs,Wrigley Field,2015,9999,-36.5,352.17,11.5
CHC,cubs,Wrigley Field,2015,9999,-36.0,352.39,11.5
CHC,cubs,Wrigley Field,2015,9999,-35.5,352.63,11.5
CHC,cubs,Wrigley Field,2015,9999,-35.0,352.87,11.5
CHC,cubs,Wrigley Field,2015,9999,-34.5,353.11,11.5
CHC,cubs,Wrigley Field,2015,9999,-34.0,353.35,11.5
CHC,cubs,Wrigley Field,2015,9999,-33.5,353.64,11.5
CHC,cubs,Wrigley Field,2015,9999,-33.0,353.94,11.5
CHC,cubs,Wrigley Field,2015,9999,-32.5,354.23,11.5
CHC,cubs,Wrigley Field,2015,9999,-32.0,354.52,11.5
CHC,cubs,Wrigley Field,2015,9999,-31.5,354.39,11.5
CHC,cubs,Wrigley Field,2015,9999,-31.0,353.07,11.5
CHC,cubs,Wrigley Field,2015,9999,-30.5,351.75,11.5
CHC,cubs,Wrigley Field,2015,9999,-30.0,350.42,11.5
CHC,cubs,Wrigley Field,2015,9999,-29.5,349.1,11.5
CHC,cubs,Wrigley Field,2015,9999,-29.0,348.87,11.5
CHC,cubs,Wrigley Field,2015,9999,-28.5,348.71,11.5
CHC,cubs,Wrigley Field,2015,9999,-28.0,348.56,11.5
CHC,cubs,Wrigley Field,2015,9999,-27.5,348.41,11.5
CHC,cubs,Wrigley Field,2015,9999,-27.0,348.3,11.5
CHC,cubs,Wrigley Field,2015,9999,-26.5,348.6,11.5
CHC,cubs,Wrigley Field,2015,9999,-26.0,348.91,11.5
CHC,cubs,Wrigley Field,2015,9999,-25.5,349.21,11.5
CHC,cubs,Wrigley Field,2015,9999,-25.0,349.51,11.5
CHC,cubs,Wrigley Field,2015,9999,-24.5,349.85,11.5
CHC,cubs,Wrigley Field,2015,9999,-24.0,350.28,11.5
CHC,cubs,Wrigley Field,2015,9999,-23.5,350.71,11.5
CHC,cubs,Wrigley Field,2015,9999,-23.0,351.14,11.5
CHC,cubs,Wrigley Field,2015,9999,-22.5,351.57,11.5
CHC,cubs,Wrigley Field,2015,9999,-22.0,352.07,11.5
CHC,cubs,Wrigley Field,2015,9999,-21.5,352.63,11.5
CHC,cubs,Wrigley Field,2015,9999,-21.0,353.2,11.5
CHC,cubs,Wrigley Field,2015,9999,-20.5,353.77,11.5
CHC,cubs,Wrigley Field,2015,9999,-20.0,354.34,11.5
CHC,cubs,Wrigley Field,2015,9999,-19.5,355.0,11.5
CHC,cubs,Wrigley Field,2015,9999,-19.0,355.71,11.5
CHC,cubs,Wrigley Field,2015,9999,-18.5,356.41,11.5
CHC,cubs,Wrigley Field,2015,9999,-18.0,357.11,11.5
CHC,cubs,Wrigley Field,2015,9999,-17.5,357.82,11.5
CHC,cubs,Wrigley Field,2015,9999,-17.0,358.65,11.5
CHC,cubs,Wrigley Field,2015,9999,-16.5,359.48,11.5
CHC,cubs,Wrigley Field,2015,9999,-16.0,360.32,11.5
CHC,cubs,Wrigley Field,2015,9999,-15.5,361.15,11.5
CHC,cubs,Wrigley Field,2015,9999,-15.0,362.05,11.5
CHC,cubs,Wrigley Field,2015,9999,-14.5,363.05,11.5
CHC,cubs,Wrigley Field,2015,9999,-14.0,364.05,11.5
CHC,cubs,Wrigley Field,2015,9999,-13.5,365.05,11.5
CHC,cubs,Wrigley Field,2015,9999,-13.0,366.04,11.5
CHC,cubs,Wrigley Field,2015,9999,-12.5,367.18,11.5
CHC,cubs,Wrigley Field,2015,9999,-12.0,368.33,11.5
CHC,cubs,Wrigley Field,2015,9999,-11.5,369.47,11.5
CHC,cubs,Wrigley Field,2015,9999,-11.0,370.62,11.5
CHC,cubs,Wrigley Field,2015,9999,-10.5,371.85,11.5
CHC,cubs,Wrigley Field,2015,9999,-10.0,373.13,11.5
CHC,cubs,Wrigley Field,2015,9999,-9.5,374.42,11.5
CHC,cubs,Wrigley Field,2015,9999,-9.0,375.7,11.5
CHC,cubs,Wrigley Field,2015,9999,-8.5,377.05,11.5
CHC,cubs,Wrigley Field,2015,9999,-8.0,378.52,11.5
CHC,cubs,Wrigley Field,2015,9999,-7.5,379.98,11.5
CHC,cubs,Wrigley Field,2015,9999,-7.0,381.45,11.5
CHC,cubs,Wrigley Field,2015,9999,-6.5,382.94,11.5
CHC,cubs,Wrigley Field,2015,9999,-6.0,384.49,11.5
CHC,cubs,Wrigley Field,2015,9999,-5.5,386.04,11.5
CHC,cubs,Wrigley Field,2015,9999,-5.0,387.59,11.5
CHC,cubs,Wrigley Field,2015,9999,-4.5,389.12,11.5
CHC,cubs,Wrigley Field,2015,9999,-4.0,390.58,11.5
CHC,cubs,Wrigley Field,2015,9999,-3.5,392.04,11.5
CHC,cubs,Wrigley Field,2015,9999,-3.0,393.5,11.5
CHC,cubs,Wrigley Field,2015,9999,-2.5,394.8,11.5
CHC,cubs,Wrigley Field,2015,9999,-2.0,395.64,11.5
CHC,cubs,Wrigley Field,2015,9999,-1.5,396.49,11.5
CHC,cubs,Wrigley Field,2015,9999,-1.0,397.33,11.5
CHC,cubs,Wrigley Field,2015,9999,-0.5,398.15,11.5
CHC,cubs,Wrigley Field,2015,9999,0.0,398.75,11.5
CHC,cubs,Wrigley Field,2015,9999,0.5,399.36,11.5
CHC,cubs,Wrigley Field,2015,9999,1.0,399.96,11.5
CHC,cubs,Wrigley Field,2015,9999,1.5,400.56,11.5
CHC,cubs,Wrigley Field,2015,9999,2.0,401.05,11.5
CHC,cubs,Wrigley Field,2015,9999,2.5,401.52,11.5
CHC,cubs,Wrigley Field,2015,9999,3.0,401.99,11.5
CHC,cubs,Wrigley Field,2015,9999,3.5,402.46,11.5
CHC,cubs,Wrigley Field,2015,9999,4.0,402.65,11.5
CHC,cubs,Wrigley Field,2015,9999,4.5,402.72,11.5
CHC,cubs,Wrigley Field,2015,9999,5.0,402.78,11.5
CHC,cubs,Wrigley Field,2015,9999,5.5,402.85,11.5
CHC,cubs,Wrigley Field,2015,9999,6.0,402.85,11.5
CHC,cubs,Wrigley Field,2015,9999,6.5,402.79,11.5
CHC,cubs,Wrigley Field,2015,9999,7.0,402.72,11.5
CHC,cubs,Wrigley Field,2015,9999,7.5,402.65,11.5
CHC,cubs,Wrigley Field,2015,9999,8.0,402.5,11.5
CHC,cubs,Wrigley Field,2015,9999,8.5,402.07,11.5
CHC,cubs,Wrigley Field,2015,9999,9.0,401.63,11.5
CHC,cubs,Wrigley Field,2015,9999,9.5,401.2,11.5
CHC,cubs,Wrigley Field,2015,9999,10.0,400.76,11.5
CHC,cubs,Wrigley Field,2015,9999,10.5,400.11,11.5
CHC,cubs,Wrigley Field,2015,9999,11.0,399.46,11.5
CHC,cubs,Wrigley Field,2015,9999,11.5,398.82,11.5
CHC,cubs,Wrigley Field,2015,9999,12.0,398.17,11.5
CHC,cubs,Wrigley Field,2015,9999,12.5,397.32,11.5
CHC,cubs,Wrigley Field,2015,9999,13.0,396.43,11.5
CHC,cubs,Wrigley Field,2015,9999,13.5,395.55,11.5
CHC,cubs,Wrigley Field,2015,9999,14.0,394.66,11.5
CHC,cubs,Wrigley Field,2015,9999,14.5,393.62,11.5
CHC,cubs,Wrigley Field,2015,9999,15.0,392.51,11.5
CHC,cubs,Wrigley Field,2015,9999,15.5,391.4,11.5
CHC,cubs,Wrigley Field,2015,9999,16.0,390.29,11.5
CHC,cubs,Wrigley Field,2015,9999,16.5,389.05,11.5
CHC,cubs,Wrigley Field,2015,9999,17.0,387.7,11.5
CHC,cubs,Wrigley Field,2015,9999,17.5,386.35,11.5
CHC,cubs,Wrigley Field,2015,9999,18.0,385.01,11.5
CHC,cubs,Wrigley Field,2015,9999,18.5,383.55,11.5
CHC,cubs,Wrigley Field,2015,9999,19.0,381.95,11.5
CHC,cubs,Wrigley Field,2015,9999,19.5,380.35,11.5
CHC,cubs,Wrigley Field,2015,9999,20.0,378.76,11.5
CHC,cubs,Wrigley Field,2015,9999,20.5,377.23,11.5
CHC,cubs,Wrigley Field,2015,9999,21.0,375.8,11.5
CHC,cubs,Wrigley Field,2015,9999,21.5,374.37,11.5
CHC,cubs,Wrigley Field,2015,9999,22.0,372.94,11.5
CHC,cubs,Wrigley Field,2015,9999,22.5,371.54,11.5
CHC,cubs,Wrigley Field,2015,9999,23.0,370.23,11.5
CHC,cubs,Wrigley Field,2015,9999,23.5,368.93,11.5
CHC,cubs,Wrigley Field,2015,9999,24.0,367.63,11.5
CHC,cubs,Wrigley Field,2015,9999,24.5,366.33,11.5
CHC,cubs,Wrigley Field,2015,9999,25.0,365.2,11.5
CHC,cubs,Wrigley Field,2015,9999,25.5,364.07,11.5
CHC,cubs,Wrigley Field,2015,9999,26.0,362.94,11.5
CHC,cubs,Wrigley Field,2015,9999,26.5,361.82,11.5
CHC,cubs,Wrigley Field,2015,9999,27.0,360.78,11.5
CHC,cubs,Wrigley Field,2015,9999,27.5,359.81,11.5
CHC,cubs,Wrigley Field,2015,9999,28.0,358.84,11.5
CHC,cubs,Wrigley Field,2015,9999,28.5,357.87,11.5
CHC,cubs,Wrigley Field,2015,9999,29.0,356.91,11.5
CHC,cubs,Wrigley Field,2015,9999,29.5,356.03,11.5
CHC,cubs,Wrigley Field,2015,9999,30.0,355.16,11.5
CHC,cubs,Wrigley Field,2015,9999,30.5,354.29,11.5
CHC,cubs,Wrigley Field,2015,9999,31.0,353.42,11.5
CHC,cubs,Wrigley Field,2015,9999,31.5,352.94,11.5
CHC,cubs,Wrigley Field,2015,9999,32.0,353.01,11.5
CHC,cubs,Wrigley Field,2015,9999,32.5,353.09,11.5
CHC,cubs,Wrigley Field,2015,9999,33.0,353.16,11.5
CHC,cubs,Wrigley Field,2015,9999,33.5,353.24,11.5
CHC,cubs,Wrigley Field,2015,9999,34.0,355.59,11.5
CHC,cubs,Wrigley Field,2015,9999,34.5,358.62,11.5
CHC,cubs,Wrigley Field,2015,9999,35.0,361.65,11.5
CHC,cubs,Wrigley Field,2015,9999,35.5,363.47,11.5
CHC,cubs,Wrigley Field,2015,9999,36.0,363.34,11.5
CHC,cubs,Wrigley Field,2015,9999,36.5,363.2,11.5
CHC,cubs,Wrigley Field,2015,9999,37.0,363.07,11.5
CHC,cubs,Wrigley Field,2015,9999,37.5,362.93,11.5
CHC,cubs,Wrigley Field,2015,9999,38.0,362.33,11.5
CHC,cubs,Wrigley Field,2015,9999,38.5,361.69,11.5
CHC,cubs,Wrigley Field,2015,9999,39.0,361.04,11.5
CHC,cubs,Wrigley Field,2015,9999,39.5,360.4,11.5
CHC,cubs,Wrigley Field,2015,9999,40.0,359.79,11.5
CHC,cubs,Wrigley Field,2015,9999,40.5,359.26,11.5
CHC,cubs,Wrigley Field,2015,9999,41.0,358.73,11.5
CHC,cubs,Wrigley Field,2015,9999,41.5,358.2,11.5
CHC,cubs,Wrigley Field,2015,9999,42.0,357.67,11.5
CHC,cubs,Wrigley Field,2015,9999,42.5,357.22,11.5
CHC,cubs,Wrigley Field,2015,9999,43.0,356.82,11.5
CHC,cubs,Wrigley Field,2015,9999,43.5,356.43,11.5
CHC,cubs,Wrigley Field,2015,9999,44.0,356.03,11.5
CHC,cubs,Wrigley Field,2015,9999,44.5,355.64,11.5
CHC,cubs,Wrigley Field,2015,9999,45.0,355.35,11.5
ARI,diamondbacks,Chase Field,2015,9999,-45.0,343.61,7.5
ARI,diamondbacks,Chase Field,2015,9999,-44.5,346.16,7.5
ARI,diamondbacks,Chase Field,2015,9999,-44.0,348.94,7.5
ARI,diamondbacks,Chase Field,2015,9999,-43.5,351.71,7.5
ARI,diamondbacks,Chase Field,2015,9999,-43.0,354.48,7.5
ARI,diamondbacks,Chase Field,2015,9999,-42.5,356.78,7.5
ARI,diamondbacks,Chase Field,2015,9999,-42.0,358.69,7.5
ARI,diamondbacks,Chase Field,2015,9999,-41.5,360.6,7.5
ARI,diamondbacks,Chase Field,2015,9999,-41.0,362.5,7.5
ARI,diamondbacks,Chase Field,2015,9999,-40.5,362.0,7.5
ARI,diamondbacks,Chase Field,2015,9999,-40.0,360.48,7.5
ARI,diamondbacks,Chase Field,2015,9999,-39.5,358.95,7.5
ARI,diamondbacks,Chase Field,2015,9999,-39.0,357.42,7.5
ARI,diamondbacks,Chase Field,2015,9999,-38.5,357.1,7.5
ARI,diamondbacks,Chase Field,2015,9999,-38.0,357.29,7.5
ARI,diamondbacks,Chase Field,2015,9999,-37.5,357.47,7.5
ARI,diamondbacks,Chase Field,2015,9999,-37.0,357.66,7.5
ARI,diamondbacks,Chase Field,2015,9999,-36.5,357.85,7.5
ARI,diamondbacks,Chase Field,2015,9999,-36.0,358.18,7.5
ARI,diamondbacks,Chase Field,2015,9999,-35.5,358.51,7.5
ARI,diamondbacks,Chase Field,2015,9999,-35.0,358.84,7.5
ARI,diamondbacks,Chase Field,2015,9999,-34.5,359.17,7.5
ARI,diamondbacks,Chase Field,2015,9999,-34.0,359.56,7.5
ARI,diamondbacks,Chase Field,2015,9999,-33.5,360.02,7.5
ARI,diamondbacks,Chase Field,2015,9999,-33.0,360.48,7.5
ARI,diamondbacks,Chase Field,2015,9999,-32.5,360.94,7.5
ARI,diamondbacks,Chase Field,2015,9999,-32.0,361.41,7.5
ARI,diamondbacks,Chase Field,2015,9999,-31.5,362.0,7.5
ARI,diamondbacks,Chase Field,2015,9999,-31.0,362.62,7.5
ARI,diamondbacks,Chase Field,2015,9999,-30.5,363.24,7.5
ARI,diamondbacks,Chase Field,2015,9999,-30.0,363.87,7.5
ARI,diamondbacks,Chase Field,2015,9999,-29.5,364.55,7.5
ARI,diamondbacks,Chase Field,2015,9999,-29.0,365.37,7.5
ARI,diamondbacks,Chase Field,2015,9999,-28.5,366.19,7.5
ARI,diamondbacks,Chase Field,2015,9999,-28.0,367.01,7.5
ARI,diamondbacks,Chase Field,2015,9999,-27.5,367.84,7.5
ARI,diamondbacks,Chase Field,2015,9999,-27.0,368.73,7.5
ARI,diamondbacks,Chase Field,2015,9999,-26.5,369.63,7.5
ARI,diamondbacks,Chase Field,2015,9999,-26.0,370.54,7.5
ARI,diamondbacks,Chase Field,2015,9999,-25.5,371.44,7.5
ARI,diamondbacks,Chase Field,2015,9999,-25.0,372.41,7.5
ARI,diamondbacks,Chase Field,2015,9999,-24.5,373.43,7.5
ARI,diamondbacks,Chase Field,2015,9999,-24.0,374.46,7.5
ARI,diamondbacks,Chase Field,2015,9999,-23.5,375.48,7.5
ARI,diamondbacks,Chase Field,2015,9999,-23.0,376.55,7.5
ARI,diamondbacks,Chase Field,2015,9999,-22.5,377.74,7.5
ARI,diamondbacks,Chase Field,2015,9999,-22.0,378.94,7.5
ARI,diamondbacks,Chase Field,2015,9999,-21.5,380.13,7.5
ARI,diamondbacks,Chase Field,2015,9999,-21.0,381.34,7.5
ARI,diamondbacks,Chase Field,2015,9999,-20.5,382.66,7.5
ARI,diamondbacks,Chase Field,2015,9999,-20.0,383.97,7.5
ARI,diamondbacks,Chase Field,2015,9999,-19.5,385.29,7.5
ARI,diamondbacks,Chase Field,2015,9999,-19.0,386.61,7.5
ARI,diamondbacks,Chase Field,2015,9999,-18.5,388.1,7.5
ARI,diamondbacks,Chase Field,2015,9999,-18.0,389.6,7.5
ARI,diamondbacks,Chase Field,2015,9999,-17.5,391.09,7.5
ARI,diamondbacks,Chase Field,2015,9999,-17.0,392.6,7.5
ARI,diamondbacks,Chase Field,2015,9999,-16.5,394.25,7.5
ARI,diamondbacks,Chase Field,2015,9999,-16.0,395.91,7.5
ARI,diamondbacks,Chase Field,2015,9999,-15.5,397.56,7.5
ARI,diamondbacks,Chase Field,2015,9999,-15.0,399.13,7.5
ARI,diamondbacks,Chase Field,2015,9999,-14.5,400.5,7.5
ARI,diamondbacks,Chase Field,2015,9999,-14.0,401.86,7.5
ARI,diamondbacks,Chase Field,2015,9999,-13.5,403.23,7.5
ARI,diamondbacks,Chase Field,2015,9999,-13.0,403.57,7.5
ARI,diamondbacks,Chase Field,2015,9999,-12.5,402.98,7.5
ARI,diamondbacks,Chase Field,2015,9999,-12.0,402.38,7.5
ARI,diamondbacks,Chase Field,2015,9999,-11.5,401.79,7.5
ARI,diamondbacks,Chase Field,2015,9999,-11.0,401.18,7.5
ARI,diamondbacks,Chase Field,2015,9999,-10.5,400.55,7.5
ARI,diamondbacks,Chase Field,2015,9999,-10.0,399.93,7.5
ARI,diamondbacks,Chase Field,2015,9999,-9.5,399.3,7.5
ARI,diamondbacks,Chase Field,2015,9999,-9.0,398.71,7.5
ARI,diamondbacks,Chase Field,2015,9999,-8.5,398.22,7.5
ARI,diamondbacks,Chase Field,2015,9999,-8.0,397.72,7.5
ARI,diamondbacks,Chase Field,2015,9999,-7.5,397.23,7.5
ARI,diamondbacks,Chase Field,2015,9999,-7.0,397.19,7.5
ARI,diamondbacks,Chase Field,2015,9999,-6.5,399.48,7.5
ARI,diamondbacks,Chase Field,2015,9999,-6.0,401.77,7.5
ARI,diamondbacks,Chase Field,2015,9999,-5.5,403.92,7.5
ARI,diamondbacks,Chase Field,2015,9999,-5.0,404.19,7.5
ARI,diamondbacks,Chase Field,2015,9999,-4.5,404.45,7.5
ARI,diamondbacks,Chase Field,2015,9999,-4.0,404.72,7.5
ARI,diamondbacks,Chase Field,2015,9999,-3.5,404.88,7.5
ARI,diamondbacks,Chase Field,2015,9999,-3.0,404.72,7.5
ARI,diamondbacks,Chase Field,2015,9999,-2.5,404.57,7.5
ARI,diamondbacks,Chase Field,2015,9999,-2.0,404.41,7.5
ARI,diamondbacks,Chase Field,2015,9999,-1.5,404.26,7.5
ARI,diamondbacks,Chase Field,2015,9999,-1.0,404.23,7.5
ARI,diamondbacks,Chase Field,2015,9999,-0.5,404.2,7.5
ARI,diamondbacks,Chase Field,2015,9999,0.0,404.16,7.5
ARI,diamondbacks,Chase Field,2015,9999,0.5,404.13,7.5
ARI,diamondbacks,Chase Field,2015,9999,1.0,404.22,7.5
ARI,diamondbacks,Chase Field,2015,9999,1.5,404.32,7.5
ARI,diamondbacks,Chase Field,2015,9999,2.0,404.41,7.5
ARI,diamondbacks,Chase Field,2015,9999,2.5,404.51,7.5
ARI,diamondbacks,Chase Field,2015,9999,3.0,404.71,7.5
ARI,diamondbacks,Chase Field,2015,9999,3.5,404.94,7.5
ARI,diamondbacks,Chase Field,2015,9999,4.0,405.16,7.5
ARI,diamondbacks,Chase Field,2015,9999,4.5,405.38,7.5
ARI,diamondbacks,Chase Field,2015,9999,5.0,403.13,7.5
ARI,diamondbacks,Chase Field,2015,9999,5.5,399.88,7.5
ARI,diamondbacks,Chase Field,2015,9999,6.0,396.63,7.5
ARI,diamondbacks,Chase Field,2015,9999,6.5,396.6,7.5
ARI,diamondbacks,Chase Field,2015,9999,7.0,396.94,7.5
ARI,diamondbacks,Chase Field,2015,9999,7.5,397.28,7.5
ARI,diamondbacks,Chase Field,2015,9999,8.0,397.62,7.5
ARI,diamondbacks,Chase Field,2015,9999,8.5,398.11,7.5
ARI,diamondbacks,Chase Field,2015,9999,9.0,398.66,7.5
ARI,diamondbacks,Chase Field,2015,9999,9.5,399.2,7.5
ARI,diamondbacks,Chase Field,2015,9999,10.0,399.74,7.5
ARI,diamondbacks,Chase Field,2015,9999,10.5,400.37,7.5
ARI,diamondbacks,Chase Field,2015,9999,11.0,401.07,7.5
ARI,diamondbacks,Chase Field,2015,9999,11.5,401.76,7.5
ARI,diamondbacks,Chase Field,2015,9999,12.0,402.46,7.5
ARI,diamondbacks,Chase Field,2015,9999,12.5,402.51,7.5
ARI,diamondbacks,Chase Field,2015,9999,13.0,401.98,7.5
ARI,diamondbacks,Chase Field,2015,9999,13.5,401.44,7.5
ARI,diamondbacks,Chase Field,2015,9999,14.0,400.91,7.5
ARI,diamondbacks,Chase Field,2015,9999,14.5,399.66,7.5
ARI,diamondbacks,Chase Field,2015,9999,15.0,397.93,7.5
ARI,diamondbacks,Chase Field,2015,9999,15.5,396.21,7.5
ARI,diamondbacks,Chase Field,2015,9999,16.0,394.48,7.5
ARI,diamondbacks,Chase Field,2015,9999,16.5,392.9,7.5
ARI,diamondbacks,Chase Field,2015,9999,17.0,391.35,7.5
ARI,diamondbacks,Chase Field,2015,9999,17.5,389.8,7.5
ARI,diamondbacks,Chase Field,2015,9999,18.0,388.25,7.5
ARI,diamondbacks,Chase Field,2015,9999,18.5,386.85,7.5
ARI,diamondbacks,Chase Field,2015,9999,19.0,385.47,7.5
ARI,diamondbacks,Chase Field,2015,9999,19.5,384.09,7.5
ARI,diamondbacks,Chase Field,2015,9999,20.0,382.7,7.5
ARI,diamondbacks,Chase Field,2015,9999,20.5,381.44,7.5
ARI,diamondbacks,Chase Field,2015,9999,21.0,380.19,7.5
ARI,diamondbacks,Chase Field,2015,9999,21.5,378.93,7.5
ARI,diamondbacks,Chase Field,2015,9999,22.0,377.68,7.5
ARI,diamondbacks,Chase Field,2015,9999,22.5,376.56,7.5
ARI,diamondbacks,Chase Field,2015,9999,23.0,375.48,7.5
ARI,diamondbacks,Chase Field,2015,9999,23.5,374.4,7.5
ARI,diamondbacks,Chase Field,2015,9999,24.0,373.32,7.5
ARI,diamondbacks,Chase Field,2015,9999,24.5,372.32,7.5
ARI,diamondbacks,Chase Field,2015,9999,25.0,371.37,7.5
ARI,diamondbacks,Chase Field,2015,9999,25.5,370.43,7.5
ARI,diamondbacks,Chase Field,2015,9999,26.0,369.49,7.5
ARI,diamondbacks,Chase Field,2015,9999,26.5,368.58,7.5
ARI,diamondbacks,Chase Field,2015,9999,27.0,367.78,7.5
ARI,diamondbacks,Chase Field,2015,9999,27.5,366.98,7.5
ARI,diamondbacks,Chase Field,2015,9999,28.0,366.17,7.5
ARI,diamondbacks,Chase Field,2015,9999,28.5,365.37,7.5
ARI,diamondbacks,Chase Field,2015,9999,29.0,364.67,7.5
ARI,diamondbacks,Chase Field,2015,9999,29.5,363.99,7.5
ARI,diamondbacks,Chase Field,2015,9999,30.0,363.3,7.5
ARI,diamondbacks,Chase Field,2015,9999,30.5,362.62,7.5
ARI,diamondbacks,Chase Field,2015,9999,31.0,361.99,7.5
ARI,diamondbacks,Chase Field,2015,9999,31.5,361.46,7.5
ARI,diamondbacks,Chase Field,2015,9999,32.0,360.93,7.5
ARI,diamondbacks,Chase Field,2015,9999,32.5,360.4,7.5
ARI,diamondbacks,Chase Field,2015,9999,33.0,359.88,7.5
ARI,diamondbacks,Chase Field,2015,9999,33.5,359.46,7.5
ARI,diamondbacks,Chase Field,2015,9999,34.0,359.08,7.5
ARI,diamondbacks,Chase Field,2015,9999,34.5,358.7,7.5
ARI,diamondbacks,Chase Field,2015,9999,35.0,358.32,7.5
ARI,diamondbacks,Chase Field,2015,9999,35.5,357.96,7.5
ARI,diamondbacks,Chase Field,2015,9999,36.0,357.69,7.5
ARI,diamondbacks,Chase Field,2015,9999,36.5,357.43,7.5
ARI,diamondbacks,Chase Field,2015,9999,37.0,357.17,7.5
ARI,diamondbacks,Chase Field,2015,9999,37.5,356.91,7.5
ARI,diamondbacks,Chase Field,2015,9999,38.0,356.87,7.5
ARI,diamondbacks,Chase Field,2015,9999,38.5,357.08,7.5
ARI,diamondbacks,Chase Field,2015,9999,39.0,357.28,7.5
ARI,diamondbacks,Chase Field,2015,9999,39.5,357.49,7.5
ARI,diamondbacks,Chase Field,2015,9999,40.0,357.7,7.5
ARI,diamondbacks,Chase Field,2015,9999,40.5,358.76,7.5
ARI,diamondbacks,Chase Field,2015,9999,41.0,359.92,7.5
ARI,diamondbacks,Chase Field,2015,9999,41.5,361.08,7.5
ARI,diamondbacks,Chase Field,2015,9999,42.0,362.09,7.5
ARI,diamondbacks,Chase Field,2015,9999,42.5,359.45,7.5
ARI,diamondbacks,Chase Field,2015,9999,43.0,356.81,7.5
ARI,diamondbacks,Chase Field,2015,9999,43.5,354.16,7.5
ARI,diamondbacks,Chase Field,2015,9999,44.0,351.44,7.5
ARI,diamondbacks,Chase Field,2015,9999,44.5,348.63,7.5
ARI,diamondbacks,Chase Field,2015,9999,45.0,345.83,7.5
LAD,dodgers,Dodger Stadium,2015,9999,-45.0,341.72,4.0
LAD,dodgers,Dodger Stadium,2015,9999,-44.5,344.24,4.0
LAD,dodgers,Dodger Stadium,2015,9999,-44.0,346.77,4.0
LAD,dodgers,Dodger Stadium,2015,9999,-43.5,349.29,4.0
LAD,dodgers,Dodger Stadium,2015,9999,-43.0,351.5,4.0
LAD,dodgers,Dodger Stadium,2015,9999,-42.5,353.39,4.0
LAD,dodgers,Dodger Stadium,2015,9999,-42.0,355.27,4.0
LAD,dodgers,Dodger Stadium,2015,9999,-41.5,357.16,4.0
LAD,dodgers,Dodger Stadium,2015,9999,-41.0,358.86,4.0
LAD,dodgers,Dodger Stadium,2015,9999,-40.5,360.29,4.0
LAD,dodgers,Dodger Stadium,2015,9999,-40.0,361.72,4.0
LAD,dodgers,Dodger Stadium,2015,9999,-39.5,363.15,4.0
LAD,dodgers,Dodger Stadium,2015,9999,-39.0,364.53,4.0
LAD,dodgers,Dodger Stadium,2015,9999,-38.5,365.57,4.0
LAD,dodgers,Dodger Stadium,2015,9999,-38.0,366.62,4.0
LAD,dodgers,Dodger Stadium,2015,9999,-37.5,367.67,4.0
LAD,dodgers,Dodger Stadium,2015,9999,-37.0,368.72,4.0
LAD,dodgers,Dodger Stadium,2015,9999,-36.5,369.04,4.0
LAD,dodgers,Dodger Stadium,2015,9999,-36.0,369.09,4.0
LAD,dodgers,Dodger Stadium,2015,9999,-35.5,369.14,4.0
LAD,dodgers,Dodger Stadium,2015,9999,-35.0,369.19,4.0
LAD,dodgers,Dodger Stadium,2015,9999,-34.5,369.24,4.0
LAD,dodgers,Dodger Stadium,2015,9999,-34.0,369.25,4.0
LAD,dodgers,Dodger Stadium,2015,9999,-33.5,369.25,4.0
LAD,dodgers,Dodger Stadium,2015,9999,-33.0,369.26,4.0
LAD,dodgers,Dodger Stadium,2015,9999,-32.5,369.27,4.0
LAD,dodgers,Dodger Stadium,2015,9999,-32.0,369.34,4.0
LAD,dodgers,Dodger Stadium,2015,9999,-31.5,369.48,4.0
LAD,dodgers,Dodger Stadium,2015,9999,-31.0,369.62,4.0
LAD,dodgers,Dodger Stadium,2015,9999,-30.5,369.75,4.0
LAD,dodgers,Dodger Stadium,2015,9999,-30.0,369.89,4.0
LAD,dodgers,Dodger Stadium,2015,9999,-29.5,370.14,4.0
LAD,dodgers,Dodger Stadium,2015,9999,-29.0,370.41,4.0
LAD,dodgers,Dodger Stadium,2015,9999,-28.5,370.67,4.0
LAD,dodgers,Dodger Stadium,2015,9999,-28.0,370.94,4.0
LAD,dodgers,Dodger Stadium,2015,9999,-27.5,371.25,4.0
LAD,dodgers,Dodger Stadium,2015,9999,-27.0,371.64,4.0
LAD,dodgers,Dodger Stadium,2015,9999,-26.5,372.04,4.0
LAD,dodgers,Dodger Stadium,2015,9999,-26.0,372.43,4.0
LAD,dodgers,Dodger Stadium,2015,9999,-25.5,372.83,4.0
LAD,dodgers,Dodger Stadium,2015,9999,-25.0,373.25,4.0
LAD,dodgers,Dodger Stadium,2015,9999,-24.5,373.68,4.0
LAD,dodgers,Dodger Stadium,2015,9999,-24.0,374.1,4.0
LAD,dodgers,Dodger Stadium,2015,9999,-23.5,374.53,4.0
LAD,dodgers,Dodger Stadium,2015,9999,-23.0,374.96,4.0
LAD,dodgers,Dodger Stadium,2015,9999,-22.5,375.42,4.0
LAD,dodgers,Dodger Stadium,2015,9999,-22.0,375.87,4.0
LAD,dodgers,Dodger Stadium,2015,9999,-21.5,376.32,4.0
LAD,dodgers,Dodger Stadium,2015,9999,-21.0,376.78,4.0
LAD,dodgers,Dodger Stadium,2015,9999,-20.5,377.28,4.0
LAD,dodgers,Dodger Stadium,2015,9999,-20.0,377.8,4.0
LAD,dodgers,Dodger Stadium,2015,9999,-19.5,378.31,4.0
LAD,dodgers,Dodger Stadium,2015,9999,-19.0,378.83,4.0
LAD,dodgers,Dodger Stadium,2015,9999,-18.5,379.36,4.0
LAD,dodgers,Dodger Stadium,2015,9999,-18.0,379.91,4.0
LAD,dodgers,Dodger Stadium,2015,9999,-17.5,380.47,4.0
LAD,dodgers,Dodger Stadium,2015,9999,-17.0,381.02,4.0
LAD,dodgers,Dodger Stadium,2015,9999,-16.5,381.57,4.0
LAD,dodgers,Dodger Stadium,2015,9999,-16.0,382.16,4.0
LAD,dodgers,Dodger Stadium,2015,9999,-15.5,382.76,4.0
LAD,dodgers,Dodger Stadium,2015,9999,-15.0,383.36,4.0
LAD,dodgers,Dodger Stadium,2015,9999,-14.5,383.96,4.0
LAD,dodgers,Dodger Stadium,2015,9999,-14.0,384.52,4.0
LAD,dodgers,Dodger Stadium,2015,9999,-13.5,385.06,4.0
LAD,dodgers,Dodger Stadium,2015,9999,-13.0,385.59,4.0
LAD,dodgers,Dodger Stadium,2015,9999,-12.5,386.13,4.0
LAD,dodgers,Dodger Stadium,2015,9999,-12.0,386.68,4.0
LAD,dodgers,Dodger Stadium,2015,9999,-11.5,387.35,4.0
LAD,dodgers,Dodger Stadium,2015,9999,-11.0,388.02,4.0
LAD,dodgers,Dodger Stadium,2015,9999,-10.5,388.69,4.0
LAD,dodgers,Dodger Stadium,2015,9999,-10.0,389.36,4.0
LAD,dodgers,Dodger Stadium,2015,9999,-9.5,389.98,4.0
LAD,dodgers,Dodger Stadium,2015,9999,-9.0,390.59,4.0
LAD,dodgers,Dodger Stadium,2015,9999,-8.5,391.2,4.0
LAD,dodgers,Dodger Stadium,2015,9999,-8.0,391.81,4.0
LAD,dodgers,Dodger Stadium,2015,9999,-7.5,392.44,4.0
LAD,dodgers,Dodger Stadium,2015,9999,-7.0,393.1,4.0
LAD,dodgers,Dodger Stadium,2015,9999,-6.5,393.77,4.0
LAD,dodgers,Dodger Stadium,2015,9999,-6.0,394.43,4.0
LAD,dodgers,Dodger Stadium,2015,9999,-5.5,395.02,4.0
LAD,dodgers,Dodger Stadium,2015,9999,-5.0,395.39,4.0
LAD,dodgers,Dodger Stadium,2015,9999,-4.5,395.76,4.0
LAD,dodgers,Dodger Stadium,2015,9999,-4.0,396.13,4.0
LAD,dodgers,Dodger Stadium,2015,9999,-3.5,396.5,4.0
LAD,dodgers,Dodger Stadium,2015,9999,-3.0,396.67,4.0
LAD,dodgers,Dodger Stadium,2015,9999,-2.5,396.83,4.0
LAD,dodgers,Dodger Stadium,2015,9999,-2.0,396.99,4.0
LAD,dodgers,Dodger Stadium,2015,9999,-1.5,397.16,4.0
LAD,dodgers,Dodger Stadium,2015,9999,-1.0,397.2,4.0
LAD,dodgers,Dodger Stadium,2015,9999,-0.5,397.2,4.0
LAD,dodgers,Dodger Stadium,2015,9999,0.0,397.2,4.0
LAD,dodgers,Dodger Stadium,2015,9999,0.5,397.2,4.0
LAD,dodgers,Dodger Stadium,2015,9999,1.0,397.14,4.0
LAD,dodgers,Dodger Stadium,2015,9999,1.5,397.01,4.0
LAD,dodgers,Dodger Stadium,2015,9999,2.0,396.88,4.0
LAD,dodgers,Dodger Stadium,2015,9999,2.5,396.74,4.0
LAD,dodgers,Dodger Stadium,2015,9999,3.0,396.59,4.0
LAD,dodgers,Dodger Stadium,2015,9999,3.5,396.27,4.0
LAD,dodgers,Dodger Stadium,2015,9999,4.0,395.96,4.0
LAD,dodgers,Dodger Stadium,2015,9999,4.5,395.64,4.0
LAD,dodgers,Dodger Stadium,2015,9999,5.0,395.33,4.0
LAD,dodgers,Dodger Stadium,2015,9999,5.5,394.7,4.0
LAD,dodgers,Dodger Stadium,2015,9999,6.0,394.01,4.0
LAD,dodgers,Dodger Stadium,2015,9999,6.5,393.32,4.0
LAD,dodgers,Dodger Stadium,2015,9999,7.0,392.64,4.0
LAD,dodgers,Dodger Stadium,2015,9999,7.5,391.99,4.0
LAD,dodgers,Dodger Stadium,2015,9999,8.0,391.38,4.0
LAD,dodgers,Dodger Stadium,2015,9999,8.5,390.76,4.0
LAD,dodgers,Dodger Stadium,2015,9999,9.0,390.15,4.0
LAD,dodgers,Dodger Stadium,2015,9999,9.5,389.51,4.0
LAD,dodgers,Dodger Stadium,2015,9999,10.0,388.8,4.0
LAD,dodgers,Dodger Stadium,2015,9999,10.5,388.09,4.0
LAD,dodgers,Dodger Stadium,2015,9999,11.0,387.38,4.0
LAD,dodgers,Dodger Stadium,2015,9999,11.5,386.66,4.0
LAD,dodgers,Dodger Stadium,2015,9999,12.0,386.1,4.0
LAD,dodgers,Dodger Stadium,2015,9999,12.5,385.53,4.0
LAD,dodgers,Dodger Stadium,2015,9999,13.0,384.96,4.0
LAD,dodgers,Dodger Stadium,2015,9999,13.5,384.4,4.0
LAD,dodgers,Dodger Stadium,2015,9999,14.0,383.82,4.0
LAD,dodgers,Dodger Stadium,2015,9999,14.5,383.23,4.0
LAD,dodgers,Dodger Stadium,2015,9999,15.0,382.65,4.0
LAD,dodgers,Dodger Stadium,2015,9999,15.5,382.06,4.0
LAD,dodgers,Dodger Stadium,2015,9999,16.0,381.48,4.0
LAD,dodgers,Dodger Stadium,2015,9999,16.5,380.9,4.0
LAD,dodgers,Dodger Stadium,2015,9999,17.0,380.32,4.0
LAD,dodgers,Dodger Stadium,2015,9999,17.5,379.74,4.0
LAD,dodgers,Dodger Stadium,2015,9999,18.0,379.16,4.0
LAD,dodgers,Dodger Stadium,2015,9999,18.5,378.62,4.0
LAD,dodgers,Dodger Stadium,2015,9999,19.0,378.1,4.0
LAD,dodgers,Dodger Stadium,2015,9999,19.5,377.57,4.0
LAD,dodgers,Dodger Stadium,2015,9999,20.0,377.04,4.0
LAD,dodgers,Dodger Stadium,2015,9999,20.5,376.53,4.0
LAD,dodgers,Dodger Stadium,2015,9999,21.0,376.04,4.0
LAD,dodgers,Dodger Stadium,2015,9999,21.5,375.54,4.0
LAD,dodgers,Dodger Stadium,2015,9999,22.0,375.05,4.0
LAD,dodgers,Dodger Stadium,2015,9999,22.5,374.56,4.0
LAD,dodgers,Dodger Stadium,2015,9999,23.0,374.12,4.0
LAD,dodgers,Dodger Stadium,2015,9999,23.5,373.7,4.0
LAD,dodgers,Dodger Stadium,2015,9999,24.0,373.27,4.0
LAD,dodgers,Dodger Stadium,2015,9999,24.5,372.84,4.0
LAD,dodgers,Dodger Stadium,2015,9999,25.0,372.42,4.0
LAD,dodgers,Dodger Stadium,2015,9999,25.5,372.0,4.0
LAD,dodgers,Dodger Stadium,2015,9999,26.0,371.58,4.0
LAD,dodgers,Dodger Stadium,2015,9999,26.5,371.16,4.0
LAD,dodgers,Dodger Stadium,2015,9999,27.0,370.74,4.0
LAD,dodgers,Dodger Stadium,2015,9999,27.5,370.42,4.0
LAD,dodgers,Dodger Stadium,2015,9999,28.0,370.12,4.0
LAD,dodgers,Dodger Stadium,2015,9999,28.5,369.82,4.0
LAD,dodgers,Dodger Stadium,2015,9999,29.0,369.52,4.0
LAD,dodgers,Dodger Stadium,2015,9999,29.5,369.25,4.0
LAD,dodgers,Dodger Stadium,2015,9999,30.0,369.08,4.0
LAD,dodgers,Dodger Stadium,2015,9999,30.5,368.92,4.0
LAD,dodgers,Dodger Stadium,2015,9999,31.0,368.75,4.0
LAD,dodgers,Dodger Stadium,2015,9999,31.5,368.58,4.0
LAD,dodgers,Dodger Stadium,2015,9999,32.0,368.49,4.0
LAD,dodgers,Dodger Stadium,2015,9999,32.5,368.45,4.0
LAD,dodgers,Dodger Stadium,2015,9999,33.0,368.41,4.0
LAD,dodgers,Dodger Stadium,2015,9999,33.5,368.36,4.0
LAD,dodgers,Dodger Stadium,2015,9999,34.0,368.32,4.0
LAD,dodgers,Dodger Stadium,2015,9999,34.5,368.36,4.0
LAD,dodgers,Dodger Stadium,2015,9999,35.0,368.39,4.0
LAD,dodgers,Dodger Stadium,2015,9999,35.5,368.43,4.0
LAD,dodgers,Dodger Stadium,2015,9999,36.0,368.47,4.0
LAD,dodgers,Dodger Stadium,2015,9999,36.5,368.16,4.0
LAD,dodgers,Dodger Stadium,2015,9999,37.0,367.2,4.0
LAD,dodgers,Dodger Stadium,2015,9999,37.5,366.25,4.0
LAD,dodgers,Dodger Stadium,2015,9999,38.0,365.3,4.0
LAD,dodgers,Dodger Stadium,2015,9999,38.5,364.34,4.0
LAD,dodgers,Dodger Stadium,2015,9999,39.0,363.02,4.0
LAD,dodgers,Dodger Stadium,2015,9999,39.5,361.67,4.0
LAD,dodgers,Dodger Stadium,2015,9999,40.0,360.32,4.0
LAD,dodgers,Dodger Stadium,2015,9999,40.5,358.96,4.0
LAD,dodgers,Dodger Stadium,2015,9999,41.0,357.35,4.0
LAD,dodgers,Dodger Stadium,2015,9999,41.5,355.54,4.0
LAD,dodgers,Dodger Stadium,2015,9999,42.0,353.74,4.0
LAD,dodgers,Dodger Stadium,2015,9999,42.5,351.93,4.0
LAD,dodgers,Dodger Stadium,2015,9999,43.0,349.81,4.0
LAD,dodgers,Dodger Stadium,2015,9999,43.5,347.3,4.0
LAD,dodgers,Dodger Stadium,2015,9999,44.0,344.78,4.0
LAD,dodgers,Dodger Stadium,2015,9999,44.5,342.27,4.0
LAD,dodgers,Dodger Stadium,2015,9999,45.0,339.87,4.0
SF,giants,Oracle Park,2015,9999,-45.0,348.67,8.0
SF,giants,Oracle Park,2015,9999,-44.5,350.08,8.0
SF,giants,Oracle Park,2015,9999,-44.0,351.5,8.0
SF,giants,Oracle Park,2015,9999,-43.5,352.14,8.0
SF,giants,Oracle Park,2015,9999,-43.0,352.61,8.0
SF,giants,Oracle Park,2015,9999,-42.5,353.09,8.0
SF,giants,Oracle Park,2015,9999,-42.0,353.56,8.0
SF,giants,Oracle Park,2015,9999,-41.5,353.96,8.0
SF,giants,Oracle Park,2015,9999,-41.0,353.96,8.0
SF,giants,Oracle Park,2015,9999,-40.5,353.96,8.0
SF,giants,Oracle Park,2015,9999,-40.0,353.96,8.0
SF,giants,Oracle Park,2015,9999,-39.5,353.97,8.0
SF,giants,Oracle Park,2015,9999,-39.0,354.01,8.0
SF,giants,Oracle Park,2015,9999,-38.5,354.13,8.0
SF,giants,Oracle Park,2015,9999,-38.0,354.24,8.0
SF,giants,Oracle Park,2015,9999,-37.5,354.36,8.0
SF,giants,Oracle Park,2015,9999,-37.0,354.47,8.0
SF,giants,Oracle Park,2015,9999,-36.5,354.66,8.0
SF,giants,Oracle Park,2015,9999,-36.0,354.91,8.0
SF,giants,Oracle Park,2015,9999,-35.5,355.15,8.0
SF,giants,Oracle Park,2015,9999,-35.0,355.39,8.0
SF,giants,Oracle Park,2015,9999,-34.5,355.63,8.0
SF,giants,Oracle Park,2015,9999,-34.0,355.98,8.0
SF,giants,Oracle Park,2015,9999,-33.5,356.35,8.0
SF,giants,Oracle Park,2015,9999,-33.0,356.71,8.0
SF,giants,Oracle Park,2015,9999,-32.5,357.08,8.0
SF,giants,Oracle Park,2015,9999,-32.0,357.47,8.0
SF,giants,Oracle Park,2015,9999,-31.5,357.99,8.0
SF,giants,Oracle Park,2015,9999,-31.0,358.51,8.0
SF,giants,Oracle Park,2015,9999,-30.5,359.03,8.0
SF,giants,Oracle Park,2015,9999,-30.0,359.55,8.0
SF,giants,Oracle Park,2015,9999,-29.5,360.14,8.0
SF,giants,Oracle Park,2015,9999,-29.0,360.8,8.0
SF,giants,Oracle Park,2015,9999,-28.5,361.47,8.0
SF,giants,Oracle Park,2015,9999,-28.0,362.13,8.0
SF,giants,Oracle Park,2015,9999,-27.5,362.8,8.0
SF,giants,Oracle Park,2015,9999,-27.0,363.54,8.0
SF,giants,Oracle Park,2015,9999,-26.5,364.3,8.0
SF,giants,Oracle Park,2015,9999,-26.0,365.05,8.0
SF,giants,Oracle Park,2015,9999,-25.5,365.81,8.0
SF,giants,Oracle Park,2015,9999,-25.0,366.62,8.0
SF,giants,Oracle Park,2015,9999,-24.5,367.55,8.0
SF,giants,Oracle Park,2015,9999,-24.0,368.48,8.0
SF,giants,Oracle Park,2015,9999,-23.5,369.4,8.0
SF,giants,Oracle Park,2015,9999,-23.0,370.33,8.0
SF,giants,Oracle Park,2015,9999,-22.5,371.39,8.0
SF,giants,Oracle Park,2015,9999,-22.0,372.47,8.0
SF,giants,Oracle Park,2015,9999,-21.5,373.54,8.0
SF,giants,Oracle Park,2015,9999,-21.0,374.61,8.0
SF,giants,Oracle Park,2015,9999,-20.5,375.77,8.0
SF,giants,Oracle Park,2015,9999,-20.0,376.99,8.0
SF,giants,Oracle Park,2015,9999,-19.5,378.21,8.0
SF,giants,Oracle Park,2015,9999,-19.0,379.43,8.0
SF,giants,Oracle Park,2015,9999,-18.5,380.72,8.0
SF,giants,Oracle Park,2015,9999,-18.0,382.13,8.0
SF,giants,Oracle Park,2015,9999,-17.5,383.53,8.0
SF,giants,Oracle Park,2015,9999,-17.0,384.94,8.0
SF,giants,Oracle Park,2015,9999,-16.5,386.39,8.0
SF,giants,Oracle Park,2015,9999,-16.0,387.93,8.0
SF,giants,Oracle Park,2015,9999,-15.5,389.48,8.0
SF,giants,Oracle Park,2015,9999,-15.0,391.02,8.0
SF,giants,Oracle Park,2015,9999,-14.5,392.63,8.0
SF,giants,Oracle Park,2015,9999,-14.0,394.37,8.0
SF,giants,Oracle Park,2015,9999,-13.5,396.1,8.0
SF,giants,Oracle Park,2015,9999,-13.0,397.84,8.0
SF,giants,Oracle Park,2015,9999,-12.5,399.69,8.0
SF,giants,Oracle Park,2015,9999,-12.0,401.65,8.0
SF,giants,Oracle Park,2015,9999,-11.5,403.61,8.0
SF,giants,Oracle Park,2015,9999,-11.0,405.56,8.0
SF,giants,Oracle Park,2015,9999,-10.5,405.82,8.0
SF,giants,Oracle Park,2015,9999,-10.0,405.77,8.0
SF,giants,Oracle Park,2015,9999,-9.5,405.72,8.0
SF,giants,Oracle Park,2015,9999,-9.0,405.67,8.0
SF,giants,Oracle Park,2015,9999,-8.5,405.24,8.0
SF,giants,Oracle Park,2015,9999,-8.0,404.75,8.0
SF,giants,Oracle Park,2015,9999,-7.5,404.26,8.0
SF,giants,Oracle Park,2015,9999,-7.0,403.77,8.0
SF,giants,Oracle Park,2015,9999,-6.5,403.38,8.0
SF,giants,Oracle Park,2015,9999,-6.0,403.02,8.0
SF,giants,Oracle Park,2015,9999,-5.5,402.66,8.0
SF,giants,Oracle Park,2015,9999,-5.0,402.3,8.0
SF,giants,Oracle Park,2015,9999,-4.5,402.02,8.0
SF,giants,Oracle Park,2015,9999,-4.0,401.79,8.0
SF,giants,Oracle Park,2015,9999,-3.5,401.56,8.0
SF,giants,Oracle Park,2015,9999,-3.0,401.33,8.0
SF,giants,Oracle Park,2015,9999,-2.5,401.15,8.0
SF,giants,Oracle Park,2015,9999,-2.0,401.05,8.0
SF,giants,Oracle Park,2015,9999,-1.5,400.95,8.0
SF,giants,Oracle Park,2015,9999,-1.0,400.85,8.0
SF,giants,Oracle Park,2015,9999,-0.5,400.77,8.0
SF,giants,Oracle Park,2015,9999,0.0,400.8,8.0
SF,giants,Oracle Park,2015,9999,0.5,400.83,8.0
SF,giants,Oracle Park,2015,9999,1.0,400.86,8.0
SF,giants,Oracle Park,2015,9999,1.5,400.89,8.0
SF,giants,Oracle Park,2015,9999,2.0,401.04,8.0
SF,giants,Oracle Park,2015,9999,2.5,401.2,8.0
SF,giants,Oracle Park,2015,9999,3.0,401.36,8.0
SF,giants,Oracle Park,2015,9999,3.5,401.52,8.0
SF,giants,Oracle Park,2015,9999,4.0,401.76,8.0
SF,giants,Oracle Park,2015,9999,4.5,402.05,8.0
SF,giants,Oracle Park,2015,9999,5.0,402.34,8.0
SF,giants,Oracle Park,2015,9999,5.5,402.63,8.0
SF,giants,Oracle Park,2015,9999,6.0,402.98,8.0
SF,giants,Oracle Park,2015,9999,6.5,403.4,8.0
SF,giants,Oracle Park,2015,9999,7.0,403.82,8.0
SF,giants,Oracle Park,2015,9999,7.5,404.24,8.0
SF,giants,Oracle Park,2015,9999,8.0,404.7,8.0
SF,giants,Oracle Park,2015,9999,8.5,405.26,8.0
SF,giants,Oracle Park,2015,9999,9.0,405.81,8.0
SF,giants,Oracle Park,2015,9999,9.5,406.36,8.0
SF,giants,Oracle Park,2015,9999,10.0,406.94,8.0
SF,giants,Oracle Park,2015,9999,10.5,407.63,8.0
SF,giants,Oracle Park,2015,9999,11.0,408.32,8.0
SF,giants,Oracle Park,2015,9999,11.5,409.01,8.0
SF,giants,Oracle Park,2015,9999,12.0,409.71,8.0
SF,giants,Oracle Park,2015,9999,12.5,410.53,8.0
SF,giants,Oracle Park,2015,9999,13.0,411.36,8.0
SF,giants,Oracle Park,2015,9999,13.5,412.18,8.0
SF,giants,Oracle Park,2015,9999,14.0,413.02,8.0
SF,giants,Oracle Park,2015,9999,14.5,413.99,8.0
SF,giants,Oracle Park,2015,9999,15.0,414.95,8.0
SF,giants,Oracle Park,2015,9999,15.5,415.92,8.0
SF,giants,Oracle Park,2015,9999,16.0,416.91,8.0
SF,giants,Oracle Park,2015,9999,16.5,418.02,8.0
SF,giants,Oracle Park,2015,9999,17.0,419.13,8.0
SF,giants,Oracle Park,2015,9999,17.5,420.24,8.0
SF,giants,Oracle Park,2015,9999,18.0,421.21,8.0
SF,giants,Oracle Park,2015,9999,18.5,421.74,8.0
SF,giants,Oracle Park,2015,9999,19.0,422.27,8.0
SF,giants,Oracle Park,2015,9999,19.5,422.8,8.0
SF,giants,Oracle Park,2015,9999,20.0,420.22,25.0
SF,giants,Oracle Park,2015,9999,20.5,416.08,25.0
SF,giants,Oracle Park,2015,9999,21.0,411.93,25.0
SF,giants,Oracle Park,2015,9999,21.5,408.09,25.0
SF,giants,Oracle Park,2015,9999,22.0,404.25,25.0
SF,giants,Oracle Park,2015,9999,22.5,400.45,25.0
SF,giants,Oracle Park,2015,9999,23.0,396.91,25.0
SF,giants,Oracle Park,2015,9999,23.5,393.37,25.0
SF,giants,Oracle Park,2015,9999,24.0,389.88,25.0
SF,giants,Oracle Park,2015,9999,24.5,386.62,25.0
SF,giants,Oracle Park,2015,9999,25.0,383.35,25.0
SF,giants,Oracle Park,2015,9999,25.5,380.09,25.0
SF,giants,Oracle Park,2015,9999,26.0,377.14,25.0
SF,giants,Oracle Park,2015,9999,26.5,374.2,25.0
SF,giants,Oracle Park,2015,9999,27.0,371.26,25.0
SF,giants,Oracle Park,2015,9999,27.5,369.87,25.0
SF,giants,Oracle Park,2015,9999,28.0,369.31,25.0
SF,giants,Oracle Park,2015,9999,28.5,368.76,25.0
SF,giants,Oracle Park,2015,9999,29.0,368.2,25.0
SF,giants,Oracle Park,2015,9999,29.5,367.39,25.0
SF,giants,Oracle Park,2015,9999,30.0,366.19,25.0
SF,giants,Oracle Park,2015,9999,30.5,364.99,25.0
SF,giants,Oracle Park,2015,9999,31.0,363.79,25.0
SF,giants,Oracle Park,2015,9999,31.5,362.31,25.0
SF,giants,Oracle Park,2015,9999,32.0,359.96,25.0
SF,giants,Oracle Park,2015,9999,32.5,357.6,25.0
SF,giants,Oracle Park,2015,9999,33.0,355.24,25.0
SF,giants,Oracle Park,2015,9999,33.5,352.99,25.0
SF,giants,Oracle Park,2015,9999,34.0,350.86,25.0
SF,giants,Oracle Park,2015,9999,34.5,348.73,25.0
SF,giants,Oracle Park,2015,9999,35.0,346.59,25.0
SF,giants,Oracle Park,2015,9999,35.5,344.56,25.0
SF,giants,Oracle Park,2015,9999,36.0,342.63,25.0
SF,giants,Oracle Park,2015,9999,36.5,340.7,25.0
SF,giants,Oracle Park,2015,9999,37.0,338.77,25.0
SF,giants,Oracle Park,2015,9999,37.5,336.89,25.0
SF,giants,Oracle Park,2015,9999,38.0,335.14,25.0
SF,giants,Oracle Park,2015,9999,38.5,333.39,25.0
SF,giants,Oracle Park,2015,9999,39.0,331.64,25.0
SF,giants,Oracle Park,2015,9999,39.5,329.88,25.0
SF,giants,Oracle Park,2015,9999,40.0,328.36,25.0
SF,giants,Oracle Park,2015,9999,40.5,326.84,25.0
SF,giants,Oracle Park,2015,9999,41.0,325.31,25.0
SF,giants,Oracle Park,2015,9999,41.5,323.79,25.0
SF,giants,Oracle Park,2015,9999,42.0,322.33,25.0
SF,giants,Oracle Park,2015,9999,42.5,320.96,25.0
SF,giants,Oracle Park,2015,9999,43.0,319.58,25.0
SF,giants,Oracle Park,2015,9999,43.5,318.21,25.0
SF,giants,Oracle Park,2015,9999,44.0,316.84,25.0
SF,giants,Oracle Park,2015,9999,44.5,315.57,25.0
SF,giants,Oracle Park,2015,9999,45.0,314.36,25.0
CLE,guardians,Progressive Field,2015,9999,-45.0,331.67,19.0
CLE,guardians,Progressive Field,2015,9999,-44.5,332.48,19.0
CLE,guardians,Progressive Field,2015,9999,-44.0,333.39,19.0
CLE,guardians,Progressive Field,2015,9999,-43.5,334.34,19.0
CLE,guardians,Progressive Field,2015,9999,-43.0,335.3,19.0
CLE,guardians,Progressive Field,2015,9999,-42.5,336.25,19.0
CLE,guardians,Progressive Field,2015,9999,-42.0,337.21,19.0
CLE,guardians,Progressive Field,2015,9999,-41.5,338.33,19.0
CLE,guardians,Progressive Field,2015,9999,-41.0,339.45,19.0
CLE,guardians,Progressive Field,2015,9999,-40.5,340.57,19.0
CLE,guardians,Progressive Field,2015,9999,-40.0,341.7,19.0
CLE,guardians,Progressive Field,2015,9999,-39.5,342.89,19.0
CLE,guardians,Progressive Field,2015,9999,-39.0,344.16,19.0
CLE,guardians,Progressive Field,2015,9999,-38.5,345.42,19.0
CLE,guardians,Progressive Field,2015,9999,-38.0,346.68,8.0
CLE,guardians,Progressive Field,2015,9999,-37.5,347.96,8.0
CLE,guardians,Progressive Field,2015,9999,-37.0,349.35,8.0
CLE,guardians,Progressive Field,2015,9999,-36.5,350.75,8.0
CLE,guardians,Progressive Field,2015,9999,-36.0,352.14,8.0
CLE,guardians,Progressive Field,2015,9999,-35.5,353.53,8.0
CLE,guardians,Progressive Field,2015,9999,-35.0,354.5,8.0
CLE,guardians,Progressive Field,2015,9999,-34.5,355.42,8.0
CLE,guardians,Progressive Field,2015,9999,-34.0,356.35,8.0
CLE,guardians,Progressive Field,2015,9999,-33.5,357.27,8.0
CLE,guardians,Progressive Field,2015,9999,-33.0,357.72,8.0
CLE,guardians,Progressive Field,2015,9999,-32.5,357.84,8.0
CLE,guardians,Progressive Field,2015,9999,-32.0,357.96,8.0
CLE,guardians,Progressive Field,2015,9999,-31.5,358.08,8.0
CLE,guardians,Progressive Field,2015,9999,-31.0,358.2,8.0
CLE,guardians,Progressive Field,2015,9999,-30.5,358.44,8.0
CLE,guardians,Progressive Field,2015,9999,-30.0,358.68,8.0
CLE,guardians,Progressive Field,2015,9999,-29.5,358.91,8.0
CLE,guardians,Progressive Field,2015,9999,-29.0,359.15,8.0
CLE,guardians,Progressive Field,2015,9999,-28.5,359.43,8.0
CLE,guardians,Progressive Field,2015,9999,-28.0,359.77,8.0
CLE,guardians,Progressive Field,2015,9999,-27.5,360.11,8.0
CLE,guardians,Progressive Field,2015,9999,-27.0,360.45,8.0
CLE,guardians,Progressive Field,2015,9999,-26.5,360.79,8.0
CLE,guardians,Progressive Field,2015,9999,-26.0,361.26,8.0
CLE,guardians,Progressive Field,2015,9999,-25.5,361.74,8.0
CLE,guardians,Progressive Field,2015,9999,-25.0,362.22,8.0
CLE,guardians,Progressive Field,2015,9999,-24.5,362.69,8.0
CLE,guardians,Progressive Field,2015,9999,-24.0,363.23,8.0
CLE,guardians,Progressive Field,2015,9999,-23.5,363.83,8.0
CLE,guardians,Progressive Field,2015,9999,-23.0,364.43,8.0
CLE,guardians,Progressive Field,2015,9999,-22.5,365.03,8.0
CLE,guardians,Progressive Field,2015,9999,-22.0,365.64,8.0
CLE,guardians,Progressive Field,2015,9999,-21.5,366.37,8.0
CLE,guardians,Progressive Field,2015,9999,-21.0,367.11,8.0
CLE,guardians,Progressive Field,2015,9999,-20.5,367.84,8.0
CLE,guardians,Progressive Field,2015,9999,-20.0,368.58,8.0
CLE,guardians,Progressive Field,2015,9999,-19.5,369.39,8.0
CLE,guardians,Progressive Field,2015,9999,-19.0,370.25,8.0
CLE,guardians,Progressive Field,2015,9999,-18.5,371.1,8.0
CLE,guardians,Progressive Field,2015,9999,-18.0,371.95,8.0
CLE,guardians,Progressive Field,2015,9999,-17.5,372.89,8.0
CLE,guardians,Progressive Field,2015,9999,-17.0,373.93,8.0
CLE,guardians,Progressive Field,2015,9999,-16.5,374.97,8.0
CLE,guardians,Progressive Field,2015,9999,-16.0,376.01,8.0
CLE,guardians,Progressive Field,2015,9999,-15.5,377.07,8.0
CLE,guardians,Progressive Field,2015,9999,-15.0,378.21,8.0
CLE,guardians,Progressive Field,2015,9999,-14.5,379.35,8.0
CLE,guardians,Progressive Field,2015,9999,-14.0,380.49,8.0
CLE,guardians,Progressive Field,2015,9999,-13.5,381.66,8.0
CLE,guardians,Progressive Field,2015,9999,-13.0,382.98,8.0
CLE,guardians,Progressive Field,2015,9999,-12.5,384.31,8.0
CLE,guardians,Progressive Field,2015,9999,-12.0,385.64,8.0
CLE,guardians,Progressive Field,2015,9999,-11.5,387.0,8.0
CLE,guardians,Progressive Field,2015,9999,-11.0,388.46,8.0
CLE,guardians,Progressive Field,2015,9999,-10.5,389.93,8.0
CLE,guardians,Progressive Field,2015,9999,-10.0,391.39,8.0
CLE,guardians,Progressive Field,2015,9999,-9.5,392.91,8.0
CLE,guardians,Progressive Field,2015,9999,-9.0,394.54,8.0
CLE,guardians,Progressive Field,2015,9999,-8.5,396.17,8.0
CLE,guardians,Progressive Field,2015,9999,-8.0,397.8,8.0
CLE,guardians,Progressive Field,2015,9999,-7.5,399.53,8.0
CLE,guardians,Progressive Field,2015,9999,-7.0,401.33,8.0
CLE,guardians,Progressive Field,2015,9999,-6.5,403.14,8.0
CLE,guardians,Progressive Field,2015,9999,-6.0,404.94,8.0
CLE,guardians,Progressive Field,2015,9999,-5.5,406.85,8.0
CLE,guardians,Progressive Field,2015,9999,-5.0,408.76,8.0
CLE,guardians,Progressive Field,2015,9999,-4.5,410.67,8.0
CLE,guardians,Progressive Field,2015,9999,-4.0,411.56,8.0
CLE,guardians,Progressive Field,2015,9999,-3.5,411.13,8.0
CLE,guardians,Progressive Field,2015,9999,-3.0,410.69,8.0
CLE,guardians,Progressive Field,2015,9999,-2.5,410.26,8.0
CLE,guardians,Progressive Field,2015,9999,-2.0,409.17,8.0
CLE,guardians,Progressive Field,2015,9999,-1.5,407.72,8.0
CLE,guardians,Progressive Field,2015,9999,-1.0,406.27,8.0
CLE,guardians,Progressive Field,2015,9999,-0.5,404.82,8.0
CLE,guardians,Progressive Field,2015,9999,0.0,403.6,8.0
CLE,guardians,Progressive Field,2015,9999,0.5,402.4,8.0
CLE,guardians,Progressive Field,2015,9999,1.0,401.2,8.0
CLE,guardians,Progressive Field,2015,9999,1.5,400.01,8.0
CLE,guardians,Progressive Field,2015,9999,2.0,398.88,8.0
CLE,guardians,Progressive Field,2015,9999,2.5,397.75,8.0
CLE,guardians,Progressive Field,2015,9999,3.0,396.62,8.0
CLE,guardians,Progressive Field,2015,9999,3.5,395.51,8.0
CLE,guardians,Progressive Field,2015,9999,4.0,394.51,8.0
CLE,guardians,Progressive Field,2015,9999,4.5,393.51,8.0
CLE,guardians,Progressive Field,2015,9999,5.0,392.51,8.0
CLE,guardians,Progressive Field,2015,9999,5.5,391.54,8.0
CLE,guardians,Progressive Field,2015,9999,6.0,390.68,8.0
CLE,guardians,Progressive Field,2015,9999,6.5,389.82,8.0
CLE,guardians,Progressive Field,2015,9999,7.0,388.96,8.0
CLE,guardians,Progressive Field,2015,9999,7.5,388.12,8.0
CLE,guardians,Progressive Field,2015,9999,8.0,387.4,8.0
CLE,guardians,Progressive Field,2015,9999,8.5,386.68,8.0
CLE,guardians,Progressive Field,2015,9999,9.0,385.96,8.0
CLE,guardians,Progressive Field,2015,9999,9.5,385.24,8.0
CLE,guardians,Progressive Field,2015,9999,10.0,384.63,8.0
CLE,guardians,Progressive Field,2015,9999,10.5,384.03,8.0
CLE,guardians,Progressive Field,2015,9999,11.0,383.43,8.0
CLE,guardians,Progressive Field,2015,9999,11.5,382.82,8.0
CLE,guardians,Progressive Field,2015,9999,12.0,382.31,8.0
CLE,guardians,Progressive Field,2015,9999,12.5,381.82,8.0
CLE,guardians,Progressive Field,2015,9999,13.0,381.33,8.0
CLE,guardians,Progressive Field,2015,9999,13.5,380.85,8.0
CLE,guardians,Progressive Field,2015,9999,14.0,380.42,8.0
CLE,guardians,Progressive Field,2015,9999,14.5,380.05,8.0
CLE,guardians,Progressive Field,2015,9999,15.0,379.68,8.0
CLE,guardians,Progressive Field,2015,9999,15.5,379.31,8.0
CLE,guardians,Progressive Field,2015,9999,16.0,378.96,8.0
CLE,guardians,Progressive Field,2015,9999,16.5,378.71,8.0
CLE,guardians,Progressive Field,2015,9999,17.0,378.46,8.0
CLE,guardians,Progressive Field,2015,9999,17.5,378.21,8.0
CLE,guardians,Progressive Field,2015,9999,18.0,377.96,8.0
CLE,guardians,Progressive Field,2015,9999,18.5,377.82,8.0
CLE,guardians,Progressive Field,2015,9999,19.0,377.69,8.0
CLE,guardians,Progressive Field,2015,9999,19.5,377.56,8.0
CLE,guardians,Progressive Field,2015,9999,20.0,377.43,8.0
CLE,guardians,Progressive Field,2015,9999,20.5,377.39,8.0
CLE,guardians,Progressive Field,2015,9999,21.0,377.42,8.0
CLE,guardians,Progressive Field,2015,9999,21.5,377.45,8.0
CLE,guardians,Progressive Field,2015,9999,22.0,377.48,8.0
CLE,guardians,Progressive Field,2015,9999,22.5,377.54,8.0
CLE,guardians,Progressive Field,2015,9999,23.0,377.66,8.0
CLE,guardians,Progressive Field,2015,9999,23.5,377.78,8.0
CLE,guardians,Progressive Field,2015,9999,24.0,377.9,8.0
CLE,guardians,Progressive Field,2015,9999,24.5,378.02,8.0
CLE,guardians,Progressive Field,2015,9999,25.0,376.93,8.0
CLE,guardians,Progressive Field,2015,9999,25.5,375.67,8.0
CLE,guardians,Progressive Field,2015,9999,26.0,374.42,8.0
CLE,guardians,Progressive Field,2015,9999,26.5,373.17,8.0
CLE,guardians,Progressive Field,2015,9999,27.0,371.48,8.0
CLE,guardians,Progressive Field,2015,9999,27.5,369.72,8.0
CLE,guardians,Progressive Field,2015,9999,28.0,367.97,8.0
CLE,guardians,Progressive Field,2015,9999,28.5,366.21,8.0
CLE,guardians,Progressive Field,2015,9999,29.0,364.67,8.0
CLE,guardians,Progressive Field,2015,9999,29.5,363.14,8.0
CLE,guardians,Progressive Field,2015,9999,30.0,361.6,8.0
CLE,guardians,Progressive Field,2015,9999,30.5,360.07,8.0
CLE,guardians,Progressive Field,2015,9999,31.0,358.64,8.0
CLE,guardians,Progressive Field,2015,9999,31.5,357.22,8.0
CLE,guardians,Progressive Field,2015,9999,32.0,355.8,8.0
CLE,guardians,Progressive Field,2015,9999,32.5,354.38,8.0
CLE,guardians,Progressive Field,2015,9999,33.0,353.07,8.0
CLE,guardians,Progressive Field,2015,9999,33.5,351.81,8.0
CLE,guardians,Progressive Field,2015,9999,34.0,350.54,8.0
CLE,guardians,Progressive Field,2015,9999,34.5,349.27,8.0
CLE,guardians,Progressive Field,2015,9999,35.0,348.06,8.0
CLE,guardians,Progressive Field,2015,9999,35.5,346.91,8.0
CLE,guardians,Progressive Field,2015,9999,36.0,345.77,8.0
CLE,guardians,Progressive Field,2015,9999,36.5,344.63,8.0
CLE,guardians,Progressive Field,2015,9999,37.0,343.49,8.0
CLE,guardians,Progressive Field,2015,9999,37.5,342.53,8.0
CLE,guardians,Progressive Field,2015,9999,38.0,341.57,8.0
CLE,guardians,Progressive Field,2015,9999,38.5,340.61,8.0
CLE,guardians,Progressive Field,2015,9999,39.0,339.65,8.0
CLE,guardians,Progressive Field,2015,9999,39.5,338.75,8.0
CLE,guardians,Progressive Field,2015,9999,40.0,337.93,8.0
CLE,guardians,Progressive Field,2015,9999,40.5,337.11,8.0
CLE,guardians,Progressive Field,2015,9999,41.0,336.28,8.0
CLE,guardians,Progressive Field,2015,9999,41.5,335.46,8.0
CLE,guardians,Progressive Field,2015,9999,42.0,334.74,8.0
CLE,guardians,Progressive Field,2015,9999,42.5,334.05,8.0
CLE,guardians,Progressive Field,2015,9999,43.0,333.37,8.0
CLE,guardians,Progressive Field,2015,9999,43.5,332.68,8.0
CLE,guardians,Progressive Field,2015,9999,44.0,331.99,8.0
CLE,guardians,Progressive Field,2015,9999,44.5,331.45,8.0
CLE,guardians,Progressive Field,2015,9999,45.0,330.92,8.0
SEA,mariners,T-Mobile Park,2015,9999,-45.0,341.34,8.0
SEA,mariners,T-Mobile Park,2015,9999,-44.5,341.61,8.0
SEA,mariners,T-Mobile Park,2015,9999,-44.0,341.88,8.0
SEA,mariners,T-Mobile Park,2015,9999,-43.5,342.15,8.0
SEA,mariners,T-Mobile Park,2015,9999,-43.0,342.43,8.0
SEA,mariners,T-Mobile Park,2015,9999,-42.5,342.71,8.0
SEA,mariners,T-Mobile Park,2015,9999,-42.0,342.99,8.0
SEA,mariners,T-Mobile Park,2015,9999,-41.5,343.28,8.0
SEA,mariners,T-Mobile Park,2015,9999,-41.0,343.56,8.0
SEA,mariners,T-Mobile Park,2015,9999,-40.5,343.97,8.0
SEA,mariners,T-Mobile Park,2015,9999,-40.0,344.38,8.0
SEA,mariners,T-Mobile Park,2015,9999,-39.5,344.8,8.0
SEA,mariners,T-Mobile Park,2015,9999,-39.0,345.21,8.0
SEA,mariners,T-Mobile Park,2015,9999,-38.5,345.65,8.0
SEA,mariners,T-Mobile Park,2015,9999,-38.0,346.18,8.0
SEA,mariners,T-Mobile Park,2015,9999,-37.5,346.71,8.0
SEA,mariners,T-Mobile Park,2015,9999,-37.0,347.24,8.0
SEA,mariners,T-Mobile Park,2015,9999,-36.5,347.77,8.0
SEA,mariners,T-Mobile Park,2015,9999,-36.0,348.38,8.0
SEA,mariners,T-Mobile Park,2015,9999,-35.5,349.06,8.0
SEA,mariners,T-Mobile Park,2015,9999,-35.0,349.74,8.0
SEA,mariners,T-Mobile Park,2015,9999,-34.5,350.43,8.0
SEA,mariners,T-Mobile Park,2015,9999,-34.0,351.11,8.0
SEA,mariners,T-Mobile Park,2015,9999,-33.5,351.93,8.0
SEA,mariners,T-Mobile Park,2015,9999,-33.0,352.78,8.0
SEA,mariners,T-Mobile Park,2015,9999,-32.5,353.62,8.0
SEA,mariners,T-Mobile Park,2015,9999,-32.0,354.47,8.0
SEA,mariners,T-Mobile Park,2015,9999,-31.5,355.35,8.0
SEA,mariners,T-Mobile Park,2015,9999,-31.0,356.31,8.0
SEA,mariners,T-Mobile Park,2015,9999,-30.5,357.26,8.0
SEA,mariners,T-Mobile Park,2015,9999,-30.0,358.21,8.0
SEA,mariners,T-Mobile Park,2015,9999,-29.5,359.17,8.0
SEA,mariners,T-Mobile Park,2015,9999,-29.0,360.24,8.0
SEA,mariners,T-Mobile Park,2015,9999,-28.5,361.32,8.0
SEA,mariners,T-Mobile Park,2015,9999,-28.0,362.4,8.0
SEA,mariners,T-Mobile Park,2015,9999,-27.5,363.48,8.0
SEA,mariners,T-Mobile Park,2015,9999,-27.0,364.68,8.0
SEA,mariners,T-Mobile Park,2015,9999,-26.5,365.94,8.0
SEA,mariners,T-Mobile Park,2015,9999,-26.0,367.21,8.0
SEA,mariners,T-Mobile Park,2015,9999,-25.5,368.47,8.0
SEA,mariners,T-Mobile Park,2015,9999,-25.0,369.8,8.0
SEA,mariners,T-Mobile Park,2015,9999,-24.5,371.2,8.0
SEA,mariners,T-Mobile Park,2015,9999,-24.0,372.6,8.0
SEA,mariners,T-Mobile Park,2015,9999,-23.5,373.99,8.0
SEA,mariners,T-Mobile Park,2015,9999,-23.0,375.16,8.0
SEA,mariners,T-Mobile Park,2015,9999,-22.5,375.92,8.0
SEA,mariners,T-Mobile Park,2015,9999,-22.0,376.68,8.0
SEA,mariners,T-Mobile Park,2015,9999,-21.5,377.45,8.0
SEA,mariners,T-Mobile Park,2015,9999,-21.0,378.21,8.0
SEA,mariners,T-Mobile Park,2015,9999,-20.5,378.95,8.0
SEA,mariners,T-Mobile Park,2015,9999,-20.0,379.69,8.0
SEA,mariners,T-Mobile Park,2015,9999,-19.5,380.43,8.0
SEA,mariners,T-Mobile Park,2015,9999,-19.0,381.17,8.0
SEA,mariners,T-Mobile Park,2015,9999,-18.5,382.05,8.0
SEA,mariners,T-Mobile Park,2015,9999,-18.0,382.95,8.0
SEA,mariners,T-Mobile Park,2015,9999,-17.5,383.85,8.0
SEA,mariners,T-Mobile Park,2015,9999,-17.0,384.75,8.0
SEA,mariners,T-Mobile Park,2015,9999,-16.5,385.53,8.0
SEA,mariners,T-Mobile Park,2015,9999,-16.0,386.26,8.0
SEA,mariners,T-Mobile Park,2015,9999,-15.5,386.99,8.0
SEA,mariners,T-Mobile Park,2015,9999,-15.0,387.73,8.0
SEA,mariners,T-Mobile Park,2015,9999,-14.5,388.3,8.0
SEA,mariners,T-Mobile Park,2015,9999,-14.0,388.75,8.0
SEA,mariners,T-Mobile Park,2015,9999,-13.5,389.21,8.0
SEA,mariners,T-Mobile Park,2015,9999,-13.0,389.66,8.0
SEA,mariners,T-Mobile Park,2015,9999,-12.5,390.14,8.0
SEA,mariners,T-Mobile Park,2015,9999,-12.0,390.67,8.0
SEA,mariners,T-Mobile Park,2015,9999,-11.5,391.21,8.0
SEA,mariners,T-Mobile Park,2015,9999,-11.0,391.74,8.0
SEA,mariners,T-Mobile Park,2015,9999,-10.5,392.31,8.0
SEA,mariners,T-Mobile Park,2015,9999,-10.0,393.02,8.0
SEA,mariners,T-Mobile Park,2015,9999,-9.5,393.74,8.0
SEA,mariners,T-Mobile Park,2015,9999,-9.0,394.45,8.0
SEA,mariners,T-Mobile Park,2015,9999,-8.5,395.18,8.0
SEA,mariners,T-Mobile Park,2015,9999,-8.0,396.13,8.0
SEA,mariners,T-Mobile Park,2015,9999,-7.5,397.07,8.0
SEA,mariners,T-Mobile Park,2015,9999,-7.0,398.01,8.0
SEA,mariners,T-Mobile Park,2015,9999,-6.5,398.96,8.0
SEA,mariners,T-Mobile Park,2015,9999,-6.0,399.94,8.0
SEA,mariners,T-Mobile Park,2015,9999,-5.5,400.93,8.0
SEA,mariners,T-Mobile Park,2015,9999,-5.0,401.91,8.0
SEA,mariners,T-Mobile Park,2015,9999,-4.5,402.9,8.0
SEA,mariners,T-Mobile Park,2015,9999,-4.0,403.87,8.0
SEA,mariners,T-Mobile Park,2015,9999,-3.5,404.84,8.0
SEA,mariners,T-Mobile Park,2015,9999,-3.0,405.8,8.0
SEA,mariners,T-Mobile Park,2015,9999,-2.5,406.46,8.0
SEA,mariners,T-Mobile Park,2015,9999,-2.0,405.66,8.0
SEA,mariners,T-Mobile Park,2015,9999,-1.5,404.85,8.0
SEA,mariners,T-Mobile Park,2015,9999,-1.0,404.05,8.0
SEA,mariners,T-Mobile Park,2015,9999,-0.5,403.17,8.0
SEA,mariners,T-Mobile Park,2015,9999,0.0,402.1,8.0
SEA,mariners,T-Mobile Park,2015,9999,0.5,401.03,8.0
SEA,mariners,T-Mobile Park,2015,9999,1.0,399.96,8.0
SEA,mariners,T-Mobile Park,2015,9999,1.5,398.95,8.0
SEA,mariners,T-Mobile Park,2015,9999,2.0,398.03,8.0
SEA,mariners,T-Mobile Park,2015,9999,2.5,397.1,8.0
SEA,mariners,T-Mobile Park,2015,9999,3.0,396.18,8.0
SEA,mariners,T-Mobile Park,2015,9999,3.5,395.3,8.0
SEA,mariners,T-Mobile Park,2015,9999,4.0,394.52,8.0
SEA,mariners,T-Mobile Park,2015,9999,4.5,393.73,8.0
SEA,mariners,T-Mobile Park,2015,9999,5.0,392.94,8.0
SEA,mariners,T-Mobile Park,2015,9999,5.5,392.19,8.0
SEA,mariners,T-Mobile Park,2015,9999,6.0,391.54,8.0
SEA,mariners,T-Mobile Park,2015,9999,6.5,390.9,8.0
SEA,mariners,T-Mobile Park,2015,9999,7.0,390.25,8.0
SEA,mariners,T-Mobile Park,2015,9999,7.5,389.61,8.0
SEA,mariners,T-Mobile Park,2015,9999,8.0,389.09,8.0
SEA,mariners,T-Mobile Park,2015,9999,8.5,388.57,8.0
SEA,mariners,T-Mobile Park,2015,9999,9.0,388.04,8.0
SEA,mariners,T-Mobile Park,2015,9999,9.5,387.52,8.0
SEA,mariners,T-Mobile Park,2015,9999,10.0,387.11,8.0
SEA,mariners,T-Mobile Park,2015,9999,10.5,386.72,8.0
SEA,mariners,T-Mobile Park,2015,9999,11.0,386.32,8.0
SEA,mariners,T-Mobile Park,2015,9999,11.5,385.93,8.0
SEA,mariners,T-Mobile Park,2015,9999,12.0,385.62,8.0
SEA,mariners,T-Mobile Park,2015,9999,12.5,385.35,8.0
SEA,mariners,T-Mobile Park,2015,9999,13.0,385.08,8.0
SEA,mariners,T-Mobile Park,2015,9999,13.5,384.81,8.0
SEA,mariners,T-Mobile Park,2015,9999,14.0,384.6,8.0
SEA,mariners,T-Mobile Park,2015,9999,14.5,384.46,8.0
SEA,mariners,T-Mobile Park,2015,9999,15.0,384.33,8.0
SEA,mariners,T-Mobile Park,2015,9999,15.5,384.19,8.0
SEA,mariners,T-Mobile Park,2015,9999,16.0,384.07,8.0
SEA,mariners,T-Mobile Park,2015,9999,16.5,384.06,8.0
SEA,mariners,T-Mobile Park,2015,9999,17.0,384.04,8.0
SEA,mariners,T-Mobile Park,2015,9999,17.5,384.03,8.0
SEA,mariners,T-Mobile Park,2015,9999,18.0,384.01,8.0
SEA,mariners,T-Mobile Park,2015,9999,18.5,383.53,8.0
SEA,mariners,T-Mobile Park,2015,9999,19.0,382.94,8.0
SEA,mariners,T-Mobile Park,2015,9999,19.5,382.35,8.0
SEA,mariners,T-Mobile Park,2015,9999,20.0,381.76,8.0
SEA,mariners,T-Mobile Park,2015,9999,20.5,380.22,8.0
SEA,mariners,T-Mobile Park,2015,9999,21.0,378.33,8.0
SEA,mariners,T-Mobile Park,2015,9999,21.5,376.44,8.0
SEA,mariners,T-Mobile Park,2015,9999,22.0,374.55,8.0
SEA,mariners,T-Mobile Park,2015,9999,22.5,372.84,8.0
SEA,mariners,T-Mobile Park,2015,9999,23.0,371.15,8.0
SEA,mariners,T-Mobile Park,2015,9999,23.5,369.45,8.0
SEA,mariners,T-Mobile Park,2015,9999,24.0,367.76,8.0
SEA,mariners,T-Mobile Park,2015,9999,24.5,366.22,8.0
SEA,mariners,T-Mobile Park,2015,9999,25.0,364.68,8.0
SEA,mariners,T-Mobile Park,2015,9999,25.5,363.14,8.0
SEA,mariners,T-Mobile Park,2015,9999,26.0,361.6,8.0
SEA,mariners,T-Mobile Park,2015,9999,26.5,360.2,8.0
SEA,mariners,T-Mobile Park,2015,9999,27.0,358.82,8.0
SEA,mariners,T-Mobile Park,2015,9999,27.5,357.44,8.0
SEA,mariners,T-Mobile Park,2015,9999,28.0,356.05,8.0
SEA,mariners,T-Mobile Park,2015,9999,28.5,354.79,8.0
SEA,mariners,T-Mobile Park,2015,9999,29.0,353.57,8.0
SEA,mariners,T-Mobile Park,2015,9999,29.5,352.36,8.0
SEA,mariners,T-Mobile Park,2015,9999,30.0,351.14,8.0
SEA,mariners,T-Mobile Park,2015,9999,30.5,349.97,8.0
SEA,mariners,T-Mobile Park,2015,9999,31.0,348.88,8.0
SEA,mariners,T-Mobile Park,2015,9999,31.5,347.79,8.0
SEA,mariners,T-Mobile Park,2015,9999,32.0,346.71,8.0
SEA,mariners,T-Mobile Park,2015,9999,32.5,345.62,8.0
SEA,mariners,T-Mobile Park,2015,9999,33.0,344.69,8.0
SEA,mariners,T-Mobile Park,2015,9999,33.5,343.79,8.0
SEA,mariners,T-Mobile Park,2015,9999,34.0,342.88,8.0
SEA,mariners,T-Mobile Park,2015,9999,34.5,341.97,8.0
SEA,mariners,T-Mobile Park,2015,9999,35.0,341.1,8.0
SEA,mariners,T-Mobile Park,2015,9999,35.5,340.29,8.0
SEA,mariners,T-Mobile Park,2015,9999,36.0,339.49,8.0
SEA,mariners,T-Mobile Park,2015,9999,36.5,338.68,8.0
SEA,mariners,T-Mobile Park,2015,9999,37.0,337.88,8.0
SEA,mariners,T-Mobile Park,2015,9999,37.5,337.16,8.0
SEA,mariners,T-Mobile Park,2015,9999,38.0,336.49,8.0
SEA,mariners,T-Mobile Park,2015,9999,38.5,335.82,8.0
SEA,mariners,T-Mobile Park,2015,9999,39.0,335.16,8.0
SEA,mariners,T-Mobile Park,2015,9999,39.5,334.49,8.0
SEA,mariners,T-Mobile Park,2015,9999,40.0,333.94,8.0
SEA,mariners,T-Mobile Park,2015,9999,40.5,333.42,8.0
SEA,mariners,T-Mobile Park,2015,9999,41.0,332.9,8.0
SEA,mariners,T-Mobile Park,2015,9999,41.5,332.38,8.0
SEA,mariners,T-Mobile Park,2015,9999,42.0,331.86,8.0
SEA,mariners,T-Mobile Park,2015,9999,42.5,331.46,8.0
SEA,mariners,T-Mobile Park,2015,9999,43.0,331.08,8.0
SEA,mariners,T-Mobile Park,2015,9999,43.5,330.69,8.0
SEA,mariners,T-Mobile Park,2015,9999,44.0,330.31,8.0
SEA,mariners,T-Mobile Park,2015,9999,44.5,329.92,8.0
SEA,mariners,T-Mobile Park,2015,9999,45.0,328.93,8.0
MIA,marlins,loanDepot Park,2015,9999,-45.0,344.67,8.0
MIA,marlins,loanDepot Park,2015,9999,-44.5,345.42,8.0
MIA,marlins,loanDepot Park,2015,9999,-44.0,346.17,8.0
MIA,marlins,loanDepot Park,2015,9999,-43.5,346.92,8.0
MIA,marlins,loanDepot Park,2015,9999,-43.0,347.76,8.0
MIA,marlins,loanDepot Park,2015,9999,-42.5,348.62,8.0
MIA,marlins,loanDepot Park,2015,9999,-42.0,349.48,8.0
MIA,marlins,loanDepot Park,2015,9999,-41.5,350.35,8.0
MIA,marlins,loanDepot Park,2015,9999,-41.0,351.18,8.0
MIA,marlins,loanDepot Park,2015,9999,-40.5,351.88,8.0
MIA,marlins,loanDepot Park,2015,9999,-40.0,352.59,8.0
MIA,marlins,loanDepot Park,2015,9999,-39.5,353.3,8.0
MIA,marlins,loanDepot Park,2015,9999,-39.0,354.0,8.0
MIA,marlins,loanDepot Park,2015,9999,-38.5,354.74,8.0
MIA,marlins,loanDepot Park,2015,9999,-38.0,355.5,8.0
MIA,marlins,loanDepot Park,2015,9999,-37.5,356.25,8.0
MIA,marlins,loanDepot Park,2015,9999,-37.0,357.01,8.0
MIA,marlins,loanDepot Park,2015,9999,-36.5,357.77,8.0
MIA,marlins,loanDepot Park,2015,9999,-36.0,358.67,8.0
MIA,marlins,loanDepot Park,2015,9999,-35.5,359.56,8.0
MIA,marlins,loanDepot Park,2015,9999,-35.0,360.46,8.0
MIA,marlins,loanDepot Park,2015,9999,-34.5,361.35,8.0
MIA,marlins,loanDepot Park,2015,9999,-34.0,362.13,8.0
MIA,marlins,loanDepot Park,2015,9999,-33.5,362.79,8.0
MIA,marlins,loanDepot Park,2015,9999,-33.0,363.45,8.0
MIA,marlins,loanDepot Park,2015,9999,-32.5,364.11,8.0
MIA,marlins,loanDepot Park,2015,9999,-32.0,364.77,8.0
MIA,marlins,loanDepot Park,2015,9999,-31.5,365.54,8.0
MIA,marlins,loanDepot Park,2015,9999,-31.0,366.31,8.0
MIA,marlins,loanDepot Park,2015,9999,-30.5,367.08,8.0
MIA,marlins,loanDepot Park,2015,9999,-30.0,367.85,8.0
MIA,marlins,loanDepot Park,2015,9999,-29.5,368.53,8.0
MIA,marlins,loanDepot Park,2015,9999,-29.0,369.16,8.0
MIA,marlins,loanDepot Park,2015,9999,-28.5,369.78,8.0
MIA,marlins,loanDepot Park,2015,9999,-28.0,370.41,8.0
MIA,marlins,loanDepot Park,2015,9999,-27.5,371.05,8.0
MIA,marlins,loanDepot Park,2015,9999,-27.0,371.81,8.0
MIA,marlins,loanDepot Park,2015,9999,-26.5,372.57,8.0
MIA,marlins,loanDepot Park,2015,9999,-26.0,373.33,8.0
MIA,marlins,loanDepot Park,2015,9999,-25.5,374.09,8.0
MIA,marlins,loanDepot Park,2015,9999,-25.0,374.85,8.0
MIA,marlins,loanDepot Park,2015,9999,-24.5,375.6,8.0
MIA,marlins,loanDepot Park,2015,9999,-24.0,376.35,8.0
MIA,marlins,loanDepot Park,2015,9999,-23.5,377.11,8.0
MIA,marlins,loanDepot Park,2015,9999,-23.0,377.86,8.0
MIA,marlins,loanDepot Park,2015,9999,-22.5,378.63,8.0
MIA,marlins,loanDepot Park,2015,9999,-22.0,379.39,8.0
MIA,marlins,loanDepot Park,2015,9999,-21.5,380.15,8.0
MIA,marlins,loanDepot Park,2015,9999,-21.0,380.93,8.0
MIA,marlins,loanDepot Park,2015,9999,-20.5,381.8,8.0
MIA,marlins,loanDepot Park,2015,9999,-20.0,382.67,8.0
MIA,marlins,loanDepot Park,2015,9999,-19.5,383.54,8.0
MIA,marlins,loanDepot Park,2015,9999,-19.0,384.42,8.0
MIA,marlins,loanDepot Park,2015,9999,-18.5,385.79,8.0
MIA,marlins,loanDepot Park,2015,9999,-18.0,387.23,8.0
MIA,marlins,loanDepot Park,2015,9999,-17.5,388.66,8.0
MIA,marlins,loanDepot Park,2015,9999,-17.0,390.1,8.0
MIA,marlins,loanDepot Park,2015,9999,-16.5,390.61,8.0
MIA,marlins,loanDepot Park,2015,9999,-16.0,391.1,8.0
MIA,marlins,loanDepot Park,2015,9999,-15.5,391.58,8.0
MIA,marlins,loanDepot Park,2015,9999,-15.0,392.07,8.0
MIA,marlins,loanDepot Park,2015,9999,-14.5,392.44,8.0
MIA,marlins,loanDepot Park,2015,9999,-14.0,392.78,8.0
MIA,marlins,loanDepot Park,2015,9999,-13.5,393.11,8.0
MIA,marlins,loanDepot Park,2015,9999,-13.0,393.45,8.0
MIA,marlins,loanDepot Park,2015,9999,-12.5,394.03,8.0
MIA,marlins,loanDepot Park,2015,9999,-12.0,394.87,8.0
MIA,marlins,loanDepot Park,2015,9999,-11.5,395.71,8.0
MIA,marlins,loanDepot Park,2015,9999,-11.0,396.55,8.0
MIA,marlins,loanDepot Park,2015,9999,-10.5,397.77,8.0
MIA,marlins,loanDepot Park,2015,9999,-10.0,399.58,8.0
MIA,marlins,loanDepot Park,2015,9999,-9.5,401.39,8.0
MIA,marlins,loanDepot Park,2015,9999,-9.0,403.2,8.0
MIA,marlins,loanDepot Park,2015,9999,-8.5,406.19,8.0
MIA,marlins,loanDepot Park,2015,9999,-8.0,409.71,8.0
MIA,marlins,loanDepot Park,2015,9999,-7.5,413.22,8.0
MIA,marlins,loanDepot Park,2015,9999,-7.0,416.24,8.0
MIA,marlins,loanDepot Park,2015,9999,-6.5,419.15,8.0
MIA,marlins,loanDepot Park,2015,9999,-6.0,422.06,8.0
MIA,marlins,loanDepot Park,2015,9999,-5.5,422.37,8.0
MIA,marlins,loanDepot Park,2015,9999,-5.0,422.16,8.0
MIA,marlins,loanDepot Park,2015,9999,-4.5,421.96,8.0
MIA,marlins,loanDepot Park,2015,9999,-4.0,421.75,8.0
MIA,marlins,loanDepot Park,2015,9999,-3.5,421.4,8.0
MIA,marlins,loanDepot Park,2015,9999,-3.0,421.04,8.0
MIA,marlins,loanDepot Park,2015,9999,-2.5,420.68,8.0
MIA,marlins,loanDepot Park,2015,9999,-2.0,420.32,8.0
MIA,marlins,loanDepot Park,2015,9999,-1.5,419.91,8.0
MIA,marlins,loanDepot Park,2015,9999,-1.0,419.49,8.0
MIA,marlins,loanDepot Park,2015,9999,-0.5,419.08,8.0
MIA,marlins,loanDepot Park,2015,9999,0.0,418.66,8.0
MIA,marlins,loanDepot Park,2015,9999,0.5,418.28,8.0
MIA,marlins,loanDepot Park,2015,9999,1.0,417.91,8.0
MIA,marlins,loanDepot Park,2015,9999,1.5,417.53,8.0
MIA,marlins,loanDepot Park,2015,9999,2.0,417.15,8.0
MIA,marlins,loanDepot Park,2015,9999,2.5,416.68,8.0
MIA,marlins,loanDepot Park,2015,9999,3.0,416.21,8.0
MIA,marlins,loanDepot Park,2015,9999,3.5,415.74,8.0
MIA,marlins,loanDepot Park,2015,9999,4.0,415.28,8.0
MIA,marlins,loanDepot Park,2015,9999,4.5,414.84,8.0
MIA,marlins,loanDepot Park,2015,9999,5.0,414.4,8.0
MIA,marlins,loanDepot Park,2015,9999,5.5,413.96,8.0
MIA,marlins,loanDepot Park,2015,9999,6.0,413.52,8.0
MIA,marlins,loanDepot Park,2015,9999,6.5,412.96,8.0
MIA,marlins,loanDepot Park,2015,9999,7.0,412.4,8.0
MIA,marlins,loanDepot Park,2015,9999,7.5,411.84,8.0
MIA,marlins,loanDepot Park,2015,9999,8.0,411.28,8.0
MIA,marlins,loanDepot Park,2015,9999,8.5,410.67,8.0
MIA,marlins,loanDepot Park,2015,9999,9.0,410.07,8.0
MIA,marlins,loanDepot Park,2015,9999,9.5,409.46,8.0
MIA,marlins,loanDepot Park,2015,9999,10.0,408.86,8.0
MIA,marlins,loanDepot Park,2015,9999,10.5,408.12,8.0
MIA,marlins,loanDepot Park,2015,9999,11.0,407.37,8.0
MIA,marlins,loanDepot Park,2015,9999,11.5,406.62,8.0
MIA,marlins,loanDepot Park,2015,9999,12.0,405.88,8.0
MIA,marlins,loanDepot Park,2015,9999,12.5,405.03,8.0
MIA,marlins,loanDepot Park,2015,9999,13.0,404.18,8.0
MIA,marlins,loanDepot Park,2015,9999,13.5,403.33,8.0
MIA,marlins,loanDepot Park,2015,9999,14.0,402.48,8.0
MIA,marlins,loanDepot Park,2015,9999,14.5,401.68,8.0
MIA,marlins,loanDepot Park,2015,9999,15.0,400.89,8.0
MIA,marlins,loanDepot Park,2015,9999,15.5,400.09,8.0
MIA,marlins,loanDepot Park,2015,9999,16.0,399.3,8.0
MIA,marlins,loanDepot Park,2015,9999,16.5,398.52,8.0
MIA,marlins,loanDepot Park,2015,9999,17.0,397.74,8.0
MIA,marlins,loanDepot Park,2015,9999,17.5,396.96,8.0
MIA,marlins,loanDepot Park,2015,9999,18.0,396.18,8.0
MIA,marlins,loanDepot Park,2015,9999,18.5,395.08,8.0
MIA,marlins,loanDepot Park,2015,9999,19.0,393.85,8.0
MIA,marlins,loanDepot Park,2015,9999,19.5,392.62,8.0
MIA,marlins,loanDepot Park,2015,9999,20.0,391.39,8.0
MIA,marlins,loanDepot Park,2015,9999,20.5,390.14,8.0
MIA,marlins,loanDepot Park,2015,9999,21.0,388.88,8.0
MIA,marlins,loanDepot Park,2015,9999,21.5,387.61,8.0
MIA,marlins,loanDepot Park,2015,9999,22.0,386.35,8.0
MIA,marlins,loanDepot Park,2015,9999,22.5,384.81,8.0
MIA,marlins,loanDepot Park,2015,9999,23.0,383.15,8.0
MIA,marlins,loanDepot Park,2015,9999,23.5,381.49,8.0
MIA,marlins,loanDepot Park,2015,9999,24.0,379.83,8.0
MIA,marlins,loanDepot Park,2015,9999,24.5,378.17,8.0
MIA,marlins,loanDepot Park,2015,9999,25.0,376.51,8.0
MIA,marlins,loanDepot Park,2015,9999,25.5,374.85,8.0
MIA,marlins,loanDepot Park,2015,9999,26.0,373.19,8.0
MIA,marlins,loanDepot Park,2015,9999,26.5,371.66,8.0
MIA,marlins,loanDepot Park,2015,9999,27.0,370.16,8.0
MIA,marlins,loanDepot Park,2015,9999,27.5,368.66,8.0
MIA,marlins,loanDepot Park,2015,9999,28.0,367.16,8.0
MIA,marlins,loanDepot Park,2015,9999,28.5,365.77,8.0
MIA,marlins,loanDepot Park,2015,9999,29.0,364.42,8.0
MIA,marlins,loanDepot Park,2015,9999,29.5,363.07,8.0
MIA,marlins,loanDepot Park,2015,9999,30.0,361.72,8.0
MIA,marlins,loanDepot Park,2015,9999,30.5,360.45,8.0
MIA,marlins,loanDepot Park,2015,9999,31.0,359.25,8.0
MIA,marlins,loanDepot Park,2015,9999,31.5,358.05,8.0
MIA,marlins,loanDepot Park,2015,9999,32.0,356.85,8.0
MIA,marlins,loanDepot Park,2015,9999,32.5,355.68,8.0
MIA,marlins,loanDepot Park,2015,9999,33.0,354.65,8.0
MIA,marlins,loanDepot Park,2015,9999,33.5,353.63,8.0
MIA,marlins,loanDepot Park,2015,9999,34.0,352.61,8.0
MIA,marlins,loanDepot Park,2015,9999,34.5,351.59,8.0
MIA,marlins,loanDepot Park,2015,9999,35.0,350.68,8.0
MIA,marlins,loanDepot Park,2015,9999,35.5,349.82,8.0
MIA,marlins,loanDepot Park,2015,9999,36.0,348.96,8.0
MIA,marlins,loanDepot Park,2015,9999,36.5,348.11,8.0
MIA,marlins,loanDepot Park,2015,9999,37.0,347.25,8.0
MIA,marlins,loanDepot Park,2015,9999,37.5,346.52,8.0
MIA,marlins,loanDepot Park,2015,9999,38.0,345.78,8.0
MIA,marlins,loanDepot Park,2015,9999,38.5,345.04,8.0
MIA,marlins,loanDepot Park,2015,9999,39.0,344.31,8.0
MIA,marlins,loanDepot Park,2015,9999,39.5,343.61,8.0
MIA,marlins,loanDepot Park,2015,9999,40.0,343.0,8.0
MIA,marlins,loanDepot Park,2015,9999,40.5,342.39,8.0
MIA,marlins,loanDepot Park,2015,9999,41.0,341.78,8.0
MIA,marlins,loanDepot Park,2015,9999,41.5,341.17,8.0
MIA,marlins,loanDepot Park,2015,9999,42.0,340.62,8.0
MIA,marlins,loanDepot Park,2015,9999,42.5,340.11,8.0
MIA,marlins,loanDepot Park,2015,9999,43.0,339.6,8.0
MIA,marlins,loanDepot Park,2015,9999,43.5,339.09,8.0
MIA,marlins,loanDepot Park,2015,9999,44.0,338.58,8.0
MIA,marlins,loanDepot Park,2015,9999,44.5,338.19,8.0
MIA,marlins,loanDepot Park,2015,9999,45.0,337.86,8.0
NYM,mets,Citi Field,2015,9999,-45.0,346.33,8.0
NYM,mets,Citi Field,2015,9999,-44.5,347.38,8.0
NYM,mets,Citi Field,2015,9999,-44.0,348.47,8.0
NYM,mets,Citi Field,2015,9999,-43.5,349.66,8.0
NYM,mets,Citi Field,2015,9999,-43.0,350.86,8.0
NYM,mets,Citi Field,2015,9999,-42.5,352.06,8.0
NYM,mets,Citi Field,2015,9999,-42.0,353.25,8.0
NYM,mets,Citi Field,2015,9999,-41.5,354.58,8.0
NYM,mets,Citi Field,2015,9999,-41.0,355.93,8.0
NYM,mets,Citi Field,2015,9999,-40.5,357.29,8.0
NYM,mets,Citi Field,2015,9999,-40.0,358.65,8.0
NYM,mets,Citi Field,2015,9999,-39.5,359.37,8.0
NYM,mets,Citi Field,2015,9999,-39.0,359.42,8.0
NYM,mets,Citi Field,2015,9999,-38.5,359.47,8.0
NYM,mets,Citi Field,2015,9999,-38.0,359.53,8.0
NYM,mets,Citi Field,2015,9999,-37.5,359.58,8.0
NYM,mets,Citi Field,2015,9999,-37.0,359.56,8.0
NYM,mets,Citi Field,2015,9999,-36.5,359.52,8.0
NYM,mets,Citi Field,2015,9999,-36.0,359.48,8.0
NYM,mets,Citi Field,2015,9999,-35.5,359.44,8.0
NYM,mets,Citi Field,2015,9999,-35.0,359.43,8.0
NYM,mets,Citi Field,2015,9999,-34.5,359.51,8.0
NYM,mets,Citi Field,2015,9999,-34.0,359.59,8.0
NYM,mets,Citi Field,2015,9999,-33.5,359.67,8.0
NYM,mets,Citi Field,2015,9999,-33.0,359.74,8.0
NYM,mets,Citi Field,2015,9999,-32.5,359.88,8.0
NYM,mets,Citi Field,2015,9999,-32.0,360.06,8.0
NYM,mets,Citi Field,2015,9999,-31.5,360.25,8.0
NYM,mets,Citi Field,2015,9999,-31.0,360.43,8.0
NYM,mets,Citi Field,2015,9999,-30.5,360.62,8.0
NYM,mets,Citi Field,2015,9999,-30.0,360.85,8.0
NYM,mets,Citi Field,2015,9999,-29.5,361.09,8.0
NYM,mets,Citi Field,2015,9999,-29.0,361.33,8.0
NYM,mets,Citi Field,2015,9999,-28.5,361.57,8.0
NYM,mets,Citi Field,2015,9999,-28.0,361.84,8.0
NYM,mets,Citi Field,2015,9999,-27.5,362.21,8.0
NYM,mets,Citi Field,2015,9999,-27.0,362.59,8.0
NYM,mets,Citi Field,2015,9999,-26.5,362.97,8.0
NYM,mets,Citi Field,2015,9999,-26.0,363.34,8.0
NYM,mets,Citi Field,2015,9999,-25.5,363.81,8.0
NYM,mets,Citi Field,2015,9999,-25.0,364.33,8.0
NYM,mets,Citi Field,2015,9999,-24.5,364.85,8.0
NYM,mets,Citi Field,2015,9999,-24.0,365.37,8.0
NYM,mets,Citi Field,2015,9999,-23.5,365.9,8.0
NYM,mets,Citi Field,2015,9999,-23.0,366.53,8.0
NYM,mets,Citi Field,2015,9999,-22.5,367.16,8.0
NYM,mets,Citi Field,2015,9999,-22.0,367.8,8.0
NYM,mets,Citi Field,2015,9999,-21.5,368.43,8.0
NYM,mets,Citi Field,2015,9999,-21.0,369.13,8.0
NYM,mets,Citi Field,2015,9999,-20.5,369.88,8.0
NYM,mets,Citi Field,2015,9999,-20.0,370.63,8.0
NYM,mets,Citi Field,2015,9999,-19.5,371.37,8.0
NYM,mets,Citi Field,2015,9999,-19.0,372.15,8.0
NYM,mets,Citi Field,2015,9999,-18.5,373.08,8.0
NYM,mets,Citi Field,2015,9999,-18.0,374.0,8.0
NYM,mets,Citi Field,2015,9999,-17.5,374.93,8.0
NYM,mets,Citi Field,2015,9999,-17.0,375.86,8.0
NYM,mets,Citi Field,2015,9999,-16.5,377.02,8.0
NYM,mets,Citi Field,2015,9999,-16.0,378.23,8.0
NYM,mets,Citi Field,2015,9999,-15.5,379.43,8.0
NYM,mets,Citi Field,2015,9999,-15.0,380.64,8.0
NYM,mets,Citi Field,2015,9999,-14.5,381.96,8.0
NYM,mets,Citi Field,2015,9999,-14.0,383.35,8.0
NYM,mets,Citi Field,2015,9999,-13.5,384.73,8.0
NYM,mets,Citi Field,2015,9999,-13.0,386.11,8.0
NYM,mets,Citi Field,2015,9999,-12.5,387.6,8.0
NYM,mets,Citi Field,2015,9999,-12.0,389.14,8.0
NYM,mets,Citi Field,2015,9999,-11.5,390.69,8.0
NYM,mets,Citi Field,2015,9999,-11.0,392.24,8.0
NYM,mets,Citi Field,2015,9999,-10.5,393.91,8.0
NYM,mets,Citi Field,2015,9999,-10.0,395.62,8.0
NYM,mets,Citi Field,2015,9999,-9.5,397.33,8.0
NYM,mets,Citi Field,2015,9999,-9.0,399.04,8.0
NYM,mets,Citi Field,2015,9999,-8.5,400.91,8.0
NYM,mets,Citi Field,2015,9999,-8.0,402.81,8.0
NYM,mets,Citi Field,2015,9999,-7.5,404.71,8.0
NYM,mets,Citi Field,2015,9999,-7.0,406.64,8.0
NYM,mets,Citi Field,2015,9999,-6.5,408.7,8.0
NYM,mets,Citi Field,2015,9999,-6.0,410.77,8.0
NYM,mets,Citi Field,2015,9999,-5.5,412.83,8.0
NYM,mets,Citi Field,2015,9999,-5.0,413.8,8.0
NYM,mets,Citi Field,2015,9999,-4.5,414.23,8.0
NYM,mets,Citi Field,2015,9999,-4.0,414.65,8.0
NYM,mets,Citi Field,2015,9999,-3.5,415.08,8.0
NYM,mets,Citi Field,2015,9999,-3.0,415.1,8.0
NYM,mets,Citi Field,2015,9999,-2.5,414.95,8.0
NYM,mets,Citi Field,2015,9999,-2.0,414.8,8.0
NYM,mets,Citi Field,2015,9999,-1.5,414.66,8.0
NYM,mets,Citi Field,2015,9999,-1.0,414.61,8.0
NYM,mets,Citi Field,2015,9999,-0.5,414.62,8.0
NYM,mets,Citi Field,2015,9999,0.0,414.63,8.0
NYM,mets,Citi Field,2015,9999,0.5,414.64,8.0
NYM,mets,Citi Field,2015,9999,1.0,414.71,8.0
NYM,mets,Citi Field,2015,9999,1.5,414.83,8.0
NYM,mets,Citi Field,2015,9999,2.0,414.94,8.0
NYM,mets,Citi Field,2015,9999,2.5,415.06,8.0
NYM,mets,Citi Field,2015,9999,3.0,414.66,8.0
NYM,mets,Citi Field,2015,9999,3.5,413.86,8.0
NYM,mets,Citi Field,2015,9999,4.0,413.05,8.0
NYM,mets,Citi Field,2015,9999,4.5,412.25,8.0
NYM,mets,Citi Field,2015,9999,5.0,410.82,8.0
NYM,mets,Citi Field,2015,9999,5.5,409.08,8.0
NYM,mets,Citi Field,2015,9999,6.0,407.33,8.0
NYM,mets,Citi Field,2015,9999,6.5,405.59,8.0
NYM,mets,Citi Field,2015,9999,7.0,403.99,8.0
NYM,mets,Citi Field,2015,9999,7.5,402.39,8.0
NYM,mets,Citi Field,2015,9999,8.0,400.8,8.0
NYM,mets,Citi Field,2015,9999,8.5,399.23,8.0
NYM,mets,Citi Field,2015,9999,9.0,397.8,8.0
NYM,mets,Citi Field,2015,9999,9.5,396.37,8.0
NYM,mets,Citi Field,2015,9999,10.0,394.94,8.0
NYM,mets,Citi Field,2015,9999,10.5,393.54,8.0
NYM,mets,Citi Field,2015,9999,11.0,392.27,8.0
NYM,mets,Citi Field,2015,9999,11.5,391.0,8.0
NYM,mets,Citi Field,2015,9999,12.0,389.72,8.0
NYM,mets,Citi Field,2015,9999,12.5,388.48,8.0
NYM,mets,Citi Field,2015,9999,13.0,387.36,8.0
NYM,mets,Citi Field,2015,9999,13.5,386.23,8.0
NYM,mets,Citi Field,2015,9999,14.0,385.1,8.0
NYM,mets,Citi Field,2015,9999,14.5,383.99,8.0
NYM,mets,Citi Field,2015,9999,15.0,383.0,8.0
NYM,mets,Citi Field,2015,9999,15.5,382.02,8.0
NYM,mets,Citi Field,2015,9999,16.0,381.03,8.0
NYM,mets,Citi Field,2015,9999,16.5,380.04,8.0
NYM,mets,Citi Field,2015,9999,17.0,379.18,8.0
NYM,mets,Citi Field,2015,9999,17.5,378.34,8.0
NYM,mets,Citi Field,2015,9999,18.0,377.49,8.0
NYM,mets,Citi Field,2015,9999,18.5,376.65,8.0
NYM,mets,Citi Field,2015,9999,19.0,375.89,8.0
NYM,mets,Citi Field,2015,9999,19.5,375.2,8.0
NYM,mets,Citi Field,2015,9999,20.0,374.51,8.0
NYM,mets,Citi Field,2015,9999,20.5,373.81,8.0
NYM,mets,Citi Field,2015,9999,21.0,373.2,8.0
NYM,mets,Citi Field,2015,9999,21.5,372.94,8.0
NYM,mets,Citi Field,2015,9999,22.0,372.67,8.0
NYM,mets,Citi Field,2015,9999,22.5,372.4,8.0
NYM,mets,Citi Field,2015,9999,23.0,372.13,8.0
NYM,mets,Citi Field,2015,9999,23.5,372.47,8.0
NYM,mets,Citi Field,2015,9999,24.0,373.05,8.0
NYM,mets,Citi Field,2015,9999,24.5,373.63,8.0
NYM,mets,Citi Field,2015,9999,25.0,374.2,8.0
NYM,mets,Citi Field,2015,9999,25.5,374.82,8.0
NYM,mets,Citi Field,2015,9999,26.0,375.53,8.0
NYM,mets,Citi Field,2015,9999,26.5,376.24,8.0
NYM,mets,Citi Field,2015,9999,27.0,376.95,8.0
NYM,mets,Citi Field,2015,9999,27.5,377.65,8.0
NYM,mets,Citi Field,2015,9999,28.0,377.29,8.0
NYM,mets,Citi Field,2015,9999,28.5,376.83,8.0
NYM,mets,Citi Field,2015,9999,29.0,376.37,8.0
NYM,mets,Citi Field,2015,9999,29.5,375.91,8.0
NYM,mets,Citi Field,2015,9999,30.0,374.79,8.0
NYM,mets,Citi Field,2015,9999,30.5,373.31,8.0
NYM,mets,Citi Field,2015,9999,31.0,371.83,8.0
NYM,mets,Citi Field,2015,9999,31.5,370.36,8.0
NYM,mets,Citi Field,2015,9999,32.0,368.96,8.0
NYM,mets,Citi Field,2015,9999,32.5,367.64,8.0
NYM,mets,Citi Field,2015,9999,33.0,366.32,8.0
NYM,mets,Citi Field,2015,9999,33.5,364.99,8.0
NYM,mets,Citi Field,2015,9999,34.0,363.72,8.0
NYM,mets,Citi Field,2015,9999,34.5,362.55,8.0
NYM,mets,Citi Field,2015,9999,35.0,361.39,8.0
NYM,mets,Citi Field,2015,9999,35.5,360.22,8.0
NYM,mets,Citi Field,2015,9999,36.0,359.05,8.0
NYM,mets,Citi Field,2015,9999,36.5,358.01,8.0
NYM,mets,Citi Field,2015,9999,37.0,356.98,8.0
NYM,mets,Citi Field,2015,9999,37.5,355.95,8.0
NYM,mets,Citi Field,2015,9999,38.0,354.91,8.0
NYM,mets,Citi Field,2015,9999,38.5,353.43,8.0
NYM,mets,Citi Field,2015,9999,39.0,351.46,8.0
NYM,mets,Citi Field,2015,9999,39.5,349.5,8.0
NYM,mets,Citi Field,2015,9999,40.0,347.53,8.0
NYM,mets,Citi Field,2015,9999,40.5,345.64,8.0
NYM,mets,Citi Field,2015,9999,41.0,343.81,8.0
NYM,mets,Citi Field,2015,9999,41.5,341.99,8.0
NYM,mets,Citi Field,2015,9999,42.0,340.16,8.0
NYM,mets,Citi Field,2015,9999,42.5,338.84,8.0
NYM,mets,Citi Field,2015,9999,43.0,338.26,8.0
NYM,mets,Citi Field,2015,9999,43.5,337.67,8.0
NYM,mets,Citi Field,2015,9999,44.0,337.08,8.0
NYM,mets,Citi Field,2015,9999,44.5,336.5,8.0
NYM,mets,Citi Field,2015,9999,45.0,335.6,8.0
WSH,nationals,Nationals Park,2015,9999,-45.0,343.0,8.0
WSH,nationals,Nationals Park,2015,9999,-44.5,343.7,8.0
WSH,nationals,Nationals Park,2015,9999,-44.0,344.4,8.0
WSH,nationals,Nationals Park,2015,9999,-43.5,345.16,8.0
WSH,nationals,Nationals Park,2015,9999,-43.0,346.02,8.0
WSH,nationals,Nationals Park,2015,9999,-42.5,346.89,8.0
WSH,nationals,Nationals Park,2015,9999,-42.0,347.75,8.0
WSH,nationals,Nationals Park,2015,9999,-41.5,348.62,8.0
WSH,nationals,Nationals Park,2015,9999,-41.0,349.56,8.0
WSH,nationals,Nationals Park,2015,9999,-40.5,350.54,8.0
WSH,nationals,Nationals Park,2015,9999,-40.0,351.52,8.0
WSH,nationals,Nationals Park,2015,9999,-39.5,352.51,8.0
WSH,nationals,Nationals Park,2015,9999,-39.0,353.51,8.0
WSH,nationals,Nationals Park,2015,9999,-38.5,354.66,8.0
WSH,nationals,Nationals Park,2015,9999,-38.0,355.81,8.0
WSH,nationals,Nationals Park,2015,9999,-37.5,356.96,8.0
WSH,nationals,Nationals Park,2015,9999,-37.0,358.11,8.0
WSH,nationals,Nationals Park,2015,9999,-36.5,359.35,8.0
WSH,nationals,Nationals Park,2015,9999,-36.0,360.61,8.0
WSH,nationals,Nationals Park,2015,9999,-35.5,361.88,8.0
WSH,nationals,Nationals Park,2015,9999,-35.0,363.15,8.0
WSH,nationals,Nationals Park,2015,9999,-34.5,364.39,8.0
WSH,nationals,Nationals Park,2015,9999,-34.0,365.59,8.0
WSH,nationals,Nationals Park,2015,9999,-33.5,366.79,8.0
WSH,nationals,Nationals Park,2015,9999,-33.0,367.99,8.0
WSH,nationals,Nationals Park,2015,9999,-32.5,369.1,8.0
WSH,nationals,Nationals Park,2015,9999,-32.0,369.76,8.0
WSH,nationals,Nationals Park,2015,9999,-31.5,370.43,8.0
WSH,nationals,Nationals Park,2015,9999,-31.0,371.09,8.0
WSH,nationals,Nationals Park,2015,9999,-30.5,371.76,8.0
WSH,nationals,Nationals Park,2015,9999,-30.0,372.04,8.0
WSH,nationals,Nationals Park,2015,9999,-29.5,372.24,8.0
WSH,nationals,Nationals Park,2015,9999,-29.0,372.44,8.0
WSH,nationals,Nationals Park,2015,9999,-28.5,372.64,8.0
WSH,nationals,Nationals Park,2015,9999,-28.0,372.79,8.0
WSH,nationals,Nationals Park,2015,9999,-27.5,372.89,8.0
WSH,nationals,Nationals Park,2015,9999,-27.0,372.98,8.0
WSH,nationals,Nationals Park,2015,9999,-26.5,373.08,8.0
WSH,nationals,Nationals Park,2015,9999,-26.0,373.17,8.0
WSH,nationals,Nationals Park,2015,9999,-25.5,373.41,8.0
WSH,nationals,Nationals Park,2015,9999,-25.0,373.67,8.0
WSH,nationals,Nationals Park,2015,9999,-24.5,373.93,8.0
WSH,nationals,Nationals Park,2015,9999,-24.0,374.18,8.0
WSH,nationals,Nationals Park,2015,9999,-23.5,374.48,8.0
WSH,nationals,Nationals Park,2015,9999,-23.0,374.82,8.0
WSH,nationals,Nationals Park,2015,9999,-22.5,375.16,8.0
WSH,nationals,Nationals Park,2015,9999,-22.0,375.51,8.0
WSH,nationals,Nationals Park,2015,9999,-21.5,375.85,8.0
WSH,nationals,Nationals Park,2015,9999,-21.0,376.35,8.0
WSH,nationals,Nationals Park,2015,9999,-20.5,376.84,8.0
WSH,nationals,Nationals Park,2015,9999,-20.0,377.34,8.0
WSH,nationals,Nationals Park,2015,9999,-19.5,377.83,8.0
WSH,nationals,Nationals Park,2015,9999,-19.0,378.4,8.0
WSH,nationals,Nationals Park,2015,9999,-18.5,379.01,8.0
WSH,nationals,Nationals Park,2015,9999,-18.0,379.63,8.0
WSH,nationals,Nationals Park,2015,9999,-17.5,380.24,8.0
WSH,nationals,Nationals Park,2015,9999,-17.0,380.87,8.0
WSH,nationals,Nationals Park,2015,9999,-16.5,381.52,8.0
WSH,nationals,Nationals Park,2015,9999,-16.0,382.17,8.0
WSH,nationals,Nationals Park,2015,9999,-15.5,382.81,8.0
WSH,nationals,Nationals Park,2015,9999,-15.0,383.46,8.0
WSH,nationals,Nationals Park,2015,9999,-14.5,382.17,8.0
WSH,nationals,Nationals Park,2015,9999,-14.0,380.89,8.0
WSH,nationals,Nationals Park,2015,9999,-13.5,379.6,8.0
WSH,nationals,Nationals Park,2015,9999,-13.0,379.0,8.0
WSH,nationals,Nationals Park,2015,9999,-12.5,379.99,8.0
WSH,nationals,Nationals Park,2015,9999,-12.0,380.99,8.0
WSH,nationals,Nationals Park,2015,9999,-11.5,381.98,8.0
WSH,nationals,Nationals Park,2015,9999,-11.0,382.99,8.0
WSH,nationals,Nationals Park,2015,9999,-10.5,384.12,8.0
WSH,nationals,Nationals Park,2015,9999,-10.0,385.25,8.0
WSH,nationals,Nationals Park,2015,9999,-9.5,386.37,8.0
WSH,nationals,Nationals Park,2015,9999,-9.0,387.5,8.0
WSH,nationals,Nationals Park,2015,9999,-8.5,388.83,8.0
WSH,nationals,Nationals Park,2015,9999,-8.0,390.16,8.0
WSH,nationals,Nationals Park,2015,9999,-7.5,391.49,8.0
WSH,nationals,Nationals Park,2015,9999,-7.0,392.82,8.0
WSH,nationals,Nationals Park,2015,9999,-6.5,394.27,8.0
WSH,nationals,Nationals Park,2015,9999,-6.0,395.72,8.0
WSH,nationals,Nationals Park,2015,9999,-5.5,397.17,8.0
WSH,nationals,Nationals Park,2015,9999,-5.0,398.63,8.0
WSH,nationals,Nationals Park,2015,9999,-4.5,400.23,8.0
WSH,nationals,Nationals Park,2015,9999,-4.0,401.83,8.0
WSH,nationals,Nationals Park,2015,9999,-3.5,403.42,8.0
WSH,nationals,Nationals Park,2015,9999,-3.0,404.7,8.0
WSH,nationals,Nationals Park,2015,9999,-2.5,405.23,8.0
WSH,nationals,Nationals Park,2015,9999,-2.0,405.75,8.0
WSH,nationals,Nationals Park,2015,9999,-1.5,406.28,8.0
WSH,nationals,Nationals Park,2015,9999,-1.0,405.91,8.0
WSH,nationals,Nationals Park,2015,9999,-0.5,404.35,8.0
WSH,nationals,Nationals Park,2015,9999,0.0,402.79,8.0
WSH,nationals,Nationals Park,2015,9999,0.5,401.22,8.0
WSH,nationals,Nationals Park,2015,9999,1.0,399.75,8.0
WSH,nationals,Nationals Park,2015,9999,1.5,398.31,8.0
WSH,nationals,Nationals Park,2015,9999,2.0,396.88,8.0
WSH,nationals,Nationals Park,2015,9999,2.5,395.45,8.0
WSH,nationals,Nationals Park,2015,9999,3.0,394.13,8.0
WSH,nationals,Nationals Park,2015,9999,3.5,392.85,8.0
WSH,nationals,Nationals Park,2015,9999,4.0,391.57,8.0
WSH,nationals,Nationals Park,2015,9999,4.5,390.29,8.0
WSH,nationals,Nationals Park,2015,9999,5.0,389.1,8.0
WSH,nationals,Nationals Park,2015,9999,5.5,387.94,8.0
WSH,nationals,Nationals Park,2015,9999,6.0,386.77,8.0
WSH,nationals,Nationals Park,2015,9999,6.5,385.61,8.0
WSH,nationals,Nationals Park,2015,9999,7.0,384.56,8.0
WSH,nationals,Nationals Park,2015,9999,7.5,383.56,8.0
WSH,nationals,Nationals Park,2015,9999,8.0,382.56,8.0
WSH,nationals,Nationals Park,2015,9999,8.5,381.56,8.0
WSH,nationals,Nationals Park,2015,9999,9.0,380.65,8.0
WSH,nationals,Nationals Park,2015,9999,9.5,379.83,8.0
WSH,nationals,Nationals Park,2015,9999,10.0,379.0,8.0
WSH,nationals,Nationals Park,2015,9999,10.5,378.17,8.0
WSH,nationals,Nationals Park,2015,9999,11.0,377.37,8.0
WSH,nationals,Nationals Park,2015,9999,11.5,376.67,8.0
WSH,nationals,Nationals Park,2015,9999,12.0,375.96,8.0
WSH,nationals,Nationals Park,2015,9999,12.5,375.26,8.0
WSH,nationals,Nationals Park,2015,9999,13.0,374.55,8.0
WSH,nationals,Nationals Park,2015,9999,13.5,373.96,8.0
WSH,nationals,Nationals Park,2015,9999,14.0,373.38,8.0
WSH,nationals,Nationals Park,2015,9999,14.5,372.8,8.0
WSH,nationals,Nationals Park,2015,9999,15.0,372.22,8.0
WSH,nationals,Nationals Park,2015,9999,15.5,371.71,8.0
WSH,nationals,Nationals Park,2015,9999,16.0,371.28,8.0
WSH,nationals,Nationals Park,2015,9999,16.5,370.84,8.0
WSH,nationals,Nationals Park,2015,9999,17.0,370.41,8.0
WSH,nationals,Nationals Park,2015,9999,17.5,369.98,8.0
WSH,nationals,Nationals Park,2015,9999,18.0,369.71,8.0
WSH,nationals,Nationals Park,2015,9999,18.5,369.43,8.0
WSH,nationals,Nationals Park,2015,9999,19.0,369.16,8.0
WSH,nationals,Nationals Park,2015,9999,19.5,368.89,8.0
WSH,nationals,Nationals Park,2015,9999,20.0,368.66,8.0
WSH,nationals,Nationals Park,2015,9999,20.5,368.47,8.0
WSH,nationals,Nationals Park,2015,9999,21.0,368.27,8.0
WSH,nationals,Nationals Park,2015,9999,21.5,368.08,8.0
WSH,nationals,Nationals Park,2015,9999,22.0,367.89,8.0
WSH,nationals,Nationals Park,2015,9999,22.5,367.81,8.0
WSH,nationals,Nationals Park,2015,9999,23.0,367.75,8.0
WSH,nationals,Nationals Park,2015,9999,23.5,367.68,8.0
WSH,nationals,Nationals Park,2015,9999,24.0,367.61,8.0
WSH,nationals,Nationals Park,2015,9999,24.5,367.6,8.0
WSH,nationals,Nationals Park,2015,9999,25.0,367.66,8.0
WSH,nationals,Nationals Park,2015,9999,25.5,367.73,8.0
WSH,nationals,Nationals Park,2015,9999,26.0,367.79,8.0
WSH,nationals,Nationals Park,2015,9999,26.5,367.86,8.0
WSH,nationals,Nationals Park,2015,9999,27.0,368.01,8.0
WSH,nationals,Nationals Park,2015,9999,27.5,368.19,8.0
WSH,nationals,Nationals Park,2015,9999,28.0,368.36,8.0
WSH,nationals,Nationals Park,2015,9999,28.5,368.54,8.0
WSH,nationals,Nationals Park,2015,9999,29.0,368.77,8.0
WSH,nationals,Nationals Park,2015,9999,29.5,369.13,8.0
WSH,nationals,Nationals Park,2015,9999,30.0,369.49,8.0
WSH,nationals,Nationals Park,2015,9999,30.5,369.85,8.0
WSH,nationals,Nationals Park,2015,9999,31.0,370.21,8.0
WSH,nationals,Nationals Park,2015,9999,31.5,370.06,8.0
WSH,nationals,Nationals Park,2015,9999,32.0,369.79,8.0
WSH,nationals,Nationals Park,2015,9999,32.5,369.53,8.0
WSH,nationals,Nationals Park,2015,9999,33.0,369.27,8.0
WSH,nationals,Nationals Park,2015,9999,33.5,368.44,8.0
WSH,nationals,Nationals Park,2015,9999,34.0,366.81,8.0
WSH,nationals,Nationals Park,2015,9999,34.5,365.18,8.0
WSH,nationals,Nationals Park,2015,9999,35.0,363.55,8.0
WSH,nationals,Nationals Park,2015,9999,35.5,361.97,8.0
WSH,nationals,Nationals Park,2015,9999,36.0,360.5,8.0
WSH,nationals,Nationals Park,2015,9999,36.5,359.04,8.0
WSH,nationals,Nationals Park,2015,9999,37.0,357.57,8.0
WSH,nationals,Nationals Park,2015,9999,37.5,356.12,8.0
WSH,nationals,Nationals Park,2015,9999,38.0,354.81,8.0
WSH,nationals,Nationals Park,2015,9999,38.5,353.49,8.0
WSH,nationals,Nationals Park,2015,9999,39.0,352.17,8.0
WSH,nationals,Nationals Park,2015,9999,39.5,350.85,8.0
WSH,nationals,Nationals Park,2015,9999,40.0,349.65,8.0
WSH,nationals,Nationals Park,2015,9999,40.5,348.5,8.0
WSH,nationals,Nationals Park,2015,9999,41.0,347.34,8.0
WSH,nationals,Nationals Park,2015,9999,41.5,346.18,8.0
WSH,nationals,Nationals Park,2015,9999,42.0,345.06,8.0
WSH,nationals,Nationals Park,2015,9999,42.5,344.05,8.0
WSH,nationals,Nationals Park,2015,9999,43.0,343.04,8.0
WSH,nationals,Nationals Park,2015,9999,43.5,342.03,8.0
WSH,nationals,Nationals Park,2015,9999,44.0,341.02,8.0
WSH,nationals,Nationals Park,2015,9999,44.5,340.12,8.0
WSH,nationals,Nationals Park,2015,9999,45.0,339.28,8.0
BAL,orioles,Camden Yards,2022,9999,-45.0,348.63,13.0
BAL,orioles,Camden Yards,2022,9999,-44.5,354.76,13.0
BAL,orioles,Camden Yards,2022,9999,-44.0,360.89,13.0
BAL,orioles,Camden Yards,2022,9999,-43.5,367.51,13.0
BAL,orioles,Camden Yards,2022,9999,-43.0,374.17,13.0
BAL,orioles,Camden Yards,2022,9999,-42.5,376.73,13.0
BAL,orioles,Camden Yards,2022,9999,-42.0,378.64,13.0
BAL,orioles,Camden Yards,2022,9999,-41.5,380.55,13.0
BAL,orioles,Camden Yards,2022,9999,-41.0,382.46,13.0
BAL,orioles,Camden Yards,2022,9999,-40.5,383.83,13.0
BAL,orioles,Camden Yards,2022,9999,-40.0,385.19,13.0
BAL,orioles,Camden Yards,2022,9999,-39.5,386.55,13.0
BAL,orioles,Camden Yards,2022,9999,-39.0,387.91,13.0
BAL,orioles,Camden Yards,2022,9999,-38.5,387.83,13.0
BAL,orioles,Camden Yards,2022,9999,-38.0,387.61,13.0
BAL,orioles,Camden Yards,2022,9999,-37.5,387.39,13.0
BAL,orioles,Camden Yards,2022,9999,-37.0,387.17,13.0
BAL,orioles,Camden Yards,2022,9999,-36.5,387.01,13.0
BAL,orioles,Camden Yards,2022,9999,-36.0,386.93,13.0
BAL,orioles,Camden Yards,2022,9999,-35.5,386.84,13.0
BAL,orioles,Camden Yards,2022,9999,-35.0,386.76,13.0
BAL,orioles,Camden Yards,2022,9999,-34.5,386.67,13.0
BAL,orioles,Camden Yards,2022,9999,-34.0,386.71,13.0
BAL,orioles,Camden Yards,2022,9999,-33.5,386.76,13.0
BAL,orioles,Camden Yards,2022,9999,-33.0,386.8,13.0
BAL,orioles,Camden Yards,2022,9999,-32.5,386.85,13.0
BAL,orioles,Camden Yards,2022,9999,-32.0,386.96,13.0
BAL,orioles,Camden Yards,2022,9999,-31.5,387.14,13.0
BAL,orioles,Camden Yards,2022,9999,-31.0,387.31,13.0
BAL,orioles,Camden Yards,2022,9999,-30.5,387.49,13.0
BAL,orioles,Camden Yards,2022,9999,-30.0,387.67,13.0
BAL,orioles,Camden Yards,2022,9999,-29.5,387.98,13.0
BAL,orioles,Camden Yards,2022,9999,-29.0,388.29,13.0
BAL,orioles,Camden Yards,2022,9999,-28.5,388.61,13.0
BAL,orioles,Camden Yards,2022,9999,-28.0,388.92,7.33
BAL,orioles,Camden Yards,2022,9999,-27.5,389.3,7.33
BAL,orioles,Camden Yards,2022,9999,-27.0,389.75,7.33
BAL,orioles,Camden Yards,2022,9999,-26.5,390.2,7.33
BAL,orioles,Camden Yards,2022,9999,-26.0,390.64,7.33
BAL,orioles,Camden Yards,2022,9999,-25.5,391.1,7.33
BAL,orioles,Camden Yards,2022,9999,-25.0,391.69,7.33
BAL,orioles,Camden Yards,2022,9999,-24.5,392.27,7.33
BAL,orioles,Camden Yards,2022,9999,-24.0,392.86,7.33
BAL,orioles,Camden Yards,2022,9999,-23.5,393.44,7.33
BAL,orioles,Camden Yards,2022,9999,-23.0,394.13,7.33
BAL,orioles,Camden Yards,2022,9999,-22.5,394.85,7.33
BAL,orioles,Camden Yards,2022,9999,-22.0,395.57,7.33
BAL,orioles,Camden Yards,2022,9999,-21.5,396.3,7.33
BAL,orioles,Camden Yards,2022,9999,-21.0,397.08,7.33
BAL,orioles,Camden Yards,2022,9999,-20.5,397.95,7.33
BAL,orioles,Camden Yards,2022,9999,-20.0,398.82,7.33
BAL,orioles,Camden Yards,2022,9999,-19.5,399.68,7.33
BAL,orioles,Camden Yards,2022,9999,-19.0,400.29,7.33
BAL,orioles,Camden Yards,2022,9999,-18.5,399.94,7.33
BAL,orioles,Camden Yards,2022,9999,-18.0,399.59,7.33
BAL,orioles,Camden Yards,2022,9999,-17.5,399.23,7.33
BAL,orioles,Camden Yards,2022,9999,-17.0,389.59,7.33
BAL,orioles,Camden Yards,2022,9999,-16.5,383.54,7.33
BAL,orioles,Camden Yards,2022,9999,-16.0,381.42,7.33
BAL,orioles,Camden Yards,2022,9999,-15.5,379.3,7.33
BAL,orioles,Camden Yards,2022,9999,-15.0,379.94,7.33
BAL,orioles,Camden Yards,2022,9999,-14.5,381.16,7.33
BAL,orioles,Camden Yards,2022,9999,-14.0,382.37,7.33
BAL,orioles,Camden Yards,2022,9999,-13.5,383.59,7.33
BAL,orioles,Camden Yards,2022,9999,-13.0,384.89,7.33
BAL,orioles,Camden Yards,2022,9999,-12.5,386.27,7.33
BAL,orioles,Camden Yards,2022,9999,-12.0,387.65,7.33
BAL,orioles,Camden Yards,2022,9999,-11.5,389.02,7.33
BAL,orioles,Camden Yards,2022,9999,-11.0,390.47,7.33
BAL,orioles,Camden Yards,2022,9999,-10.5,392.01,7.33
BAL,orioles,Camden Yards,2022,9999,-10.0,393.55,7.33
BAL,orioles,Camden Yards,2022,9999,-9.5,395.1,7.33
BAL,orioles,Camden Yards,2022,9999,-9.0,396.7,7.33
BAL,orioles,Camden Yards,2022,9999,-8.5,398.42,7.33
BAL,orioles,Camden Yards,2022,9999,-8.0,400.13,7.33
BAL,orioles,Camden Yards,2022,9999,-7.5,401.85,7.33
BAL,orioles,Camden Yards,2022,9999,-7.0,403.65,7.33
BAL,orioles,Camden Yards,2022,9999,-6.5,405.55,7.33
BAL,orioles,Camden Yards,2022,9999,-6.0,407.44,7.33
BAL,orioles,Camden Yards,2022,9999,-5.5,409.34,7.33
BAL,orioles,Camden Yards,2022,9999,-5.0,409.73,7.33
BAL,orioles,Camden Yards,2022,9999,-4.5,409.45,7.33
BAL,orioles,Camden Yards,2022,9999,-4.0,409.18,7.33
BAL,orioles,Camden Yards,2022,9999,-3.5,408.9,7.33
BAL,orioles,Camden Yards,2022,9999,-3.0,407.94,7.33
BAL,orioles,Camden Yards,2022,9999,-2.5,406.81,7.33
BAL,orioles,Camden Yards,2022,9999,-2.0,405.68,7.33
BAL,orioles,Camden Yards,2022,9999,-1.5,404.56,7.33
BAL,orioles,Camden Yards,2022,9999,-1.0,403.53,7.33
BAL,orioles,Camden Yards,2022,9999,-0.5,402.56,7.33
BAL,orioles,Camden Yards,2022,9999,0.0,401.58,7.33
BAL,orioles,Camden Yards,2022,9999,0.5,400.6,7.33
BAL,orioles,Camden Yards,2022,9999,1.0,399.7,7.33
BAL,orioles,Camden Yards,2022,9999,1.5,398.86,7.33
BAL,orioles,Camden Yards,2022,9999,2.0,398.03,7.33
BAL,orioles,Camden Yards,2022,9999,2.5,397.2,7.33
BAL,orioles,Camden Yards,2022,9999,3.0,396.41,7.33
BAL,orioles,Camden Yards,2022,9999,3.5,395.71,7.33
BAL,orioles,Camden Yards,2022,9999,4.0,395.02,7.33
BAL,orioles,Camden Yards,2022,9999,4.5,394.33,7.33
BAL,orioles,Camden Yards,2022,9999,5.0,393.64,7.33
BAL,orioles,Camden Yards,2022,9999,5.5,393.09,7.33
BAL,orioles,Camden Yards,2022,9999,6.0,392.53,7.33
BAL,orioles,Camden Yards,2022,9999,6.5,391.98,7.33
BAL,orioles,Camden Yards,2022,9999,7.0,391.42,7.33
BAL,orioles,Camden Yards,2022,9999,7.5,390.96,7.33
BAL,orioles,Camden Yards,2022,9999,8.0,390.54,7.33
BAL,orioles,Camden Yards,2022,9999,8.5,390.12,7.33
BAL,orioles,Camden Yards,2022,9999,9.0,389.71,7.33
BAL,orioles,Camden Yards,2022,9999,9.5,389.32,7.33
BAL,orioles,Camden Yards,2022,9999,10.0,389.04,7.33
BAL,orioles,Camden Yards,2022,9999,10.5,388.75,7.33
BAL,orioles,Camden Yards,2022,9999,11.0,388.47,7.33
BAL,orioles,Camden Yards,2022,9999,11.5,388.19,7.33
BAL,orioles,Camden Yards,2022,9999,12.0,388.01,7.33
BAL,orioles,Camden Yards,2022,9999,12.5,387.86,7.33
BAL,orioles,Camden Yards,2022,9999,13.0,387.71,7.33
BAL,orioles,Camden Yards,2022,9999,13.5,387.56,7.33
BAL,orioles,Camden Yards,2022,9999,14.0,387.45,7.33
BAL,orioles,Camden Yards,2022,9999,14.5,387.43,7.33
BAL,orioles,Camden Yards,2022,9999,15.0,387.41,7.33
BAL,orioles,Camden Yards,2022,9999,15.5,387.39,7.33
BAL,orioles,Camden Yards,2022,9999,16.0,387.38,7.33
BAL,orioles,Camden Yards,2022,9999,16.5,387.47,7.33
BAL,orioles,Camden Yards,2022,9999,17.0,387.58,7.33
BAL,orioles,Camden Yards,2022,9999,17.5,387.7,7.33
BAL,orioles,Camden Yards,2022,9999,18.0,387.81,7.33
BAL,orioles,Camden Yards,2022,9999,18.5,388.2,7.33
BAL,orioles,Camden Yards,2022,9999,19.0,389.14,7.33
BAL,orioles,Camden Yards,2022,9999,19.5,390.08,7.33
BAL,orioles,Camden Yards,2022,9999,20.0,391.02,7.33
BAL,orioles,Camden Yards,2022,9999,20.5,389.76,7.33
BAL,orioles,Camden Yards,2022,9999,21.0,386.39,7.33
BAL,orioles,Camden Yards,2022,9999,21.5,383.64,7.33
BAL,orioles,Camden Yards,2022,9999,22.0,381.1,7.33
BAL,orioles,Camden Yards,2022,9999,22.5,378.56,7.33
BAL,orioles,Camden Yards,2022,9999,23.0,376.11,7.33
BAL,orioles,Camden Yards,2022,9999,23.5,374.08,7.33
BAL,orioles,Camden Yards,2022,9999,24.0,372.05,7.33
BAL,orioles,Camden Yards,2022,9999,24.5,370.01,7.33
BAL,orioles,Camden Yards,2022,9999,25.0,368.02,7.33
BAL,orioles,Camden Yards,2022,9999,25.5,366.18,7.33
BAL,orioles,Camden Yards,2022,9999,26.0,364.35,7.33
BAL,orioles,Camden Yards,2022,9999,26.5,362.51,7.33
BAL,orioles,Camden Yards,2022,9999,27.0,360.69,7.33
BAL,orioles,Camden Yards,2022,9999,27.5,359.04,7.33
BAL,orioles,Camden Yards,2022,9999,28.0,357.38,7.33
BAL,orioles,Camden Yards,2022,9999,28.5,355.73,7.33
BAL,orioles,Camden Yards,2022,9999,29.0,354.08,7.33
BAL,orioles,Camden Yards,2022,9999,29.5,354.31,7.33
BAL,orioles,Camden Yards,2022,9999,30.0,355.03,7.33
BAL,orioles,Camden Yards,2022,9999,30.5,355.75,7.33
BAL,orioles,Camden Yards,2022,9999,31.0,356.47,7.33
BAL,orioles,Camden Yards,2022,9999,31.5,357.73,7.33
BAL,orioles,Camden Yards,2022,9999,32.0,359.6,7.33
BAL,orioles,Camden Yards,2022,9999,32.5,361.47,7.33
BAL,orioles,Camden Yards,2022,9999,33.0,363.34,7.33
BAL,orioles,Camden Yards,2022,9999,33.5,363.99,7.33
BAL,orioles,Camden Yards,2022,9999,34.0,362.15,7.33
BAL,orioles,Camden Yards,2022,9999,34.5,360.31,7.33
BAL,orioles,Camden Yards,2022,9999,35.0,358.47,7.33
BAL,orioles,Camden Yards,2022,9999,35.5,356.5,7.33
BAL,orioles,Camden Yards,2022,9999,36.0,354.37,7.33
BAL,orioles,Camden Yards,2022,9999,36.5,352.24,7.33
BAL,orioles,Camden Yards,2022,9999,37.0,350.1,7.33
BAL,orioles,Camden Yards,2022,9999,37.5,348.05,7.33
BAL,orioles,Camden Yards,2022,9999,38.0,346.13,7.33
BAL,orioles,Camden Yards,2022,9999,38.5,344.2,7.33
BAL,orioles,Camden Yards,2022,9999,39.0,342.27,7.33
BAL,orioles,Camden Yards,2022,9999,39.5,340.38,7.33
BAL,orioles,Camden Yards,2022,9999,40.0,338.65,7.33
BAL,orioles,Camden Yards,2022,9999,40.5,336.92,7.33
BAL,orioles,Camden Yards,2022,9999,41.0,335.2,7.33
BAL,orioles,Camden Yards,2022,9999,41.5,333.47,7.33
BAL,orioles,Camden Yards,2022,9999,42.0,331.88,7.33
BAL,orioles,Camden Yards,2022,9999,42.5,330.34,7.33
BAL,orioles,Camden Yards,2022,9999,43.0,328.8,7.33
BAL,orioles,Camden Yards,2022,9999,43.5,327.26,7.33
BAL,orioles,Camden Yards,2022,9999,44.0,325.74,7.33
BAL,orioles,Camden Yards,2022,9999,44.5,324.66,7.33
BAL,orioles,Camden Yards,2022,9999,45.0,323.57,7.33
SD,padres,Petco Park,2015,9999,-45.0,340.72,8.0
SD,padres,Petco Park,2015,9999,-44.5,341.31,8.0
SD,padres,Petco Park,2015,9999,-44.0,341.89,8.0
SD,padres,Petco Park,2015,9999,-43.5,342.2,8.0
SD,padres,Petco Park,2015,9999,-43.0,342.43,8.0
SD,padres,Petco Park,2015,9999,-42.5,342.66,8.0
SD,padres,Petco Park,2015,9999,-42.0,342.9,8.0
SD,padres,Petco Park,2015,9999,-41.5,343.13,8.0
SD,padres,Petco Park,2015,9999,-41.0,343.37,8.0
SD,padres,Petco Park,2015,9999,-40.5,343.62,8.0
SD,padres,Petco Park,2015,9999,-40.0,343.87,8.0
SD,padres,Petco Park,2015,9999,-39.5,344.12,8.0
SD,padres,Petco Park,2015,9999,-39.0,344.38,8.0
SD,padres,Petco Park,2015,9999,-38.5,344.76,8.0
SD,padres,Petco Park,2015,9999,-38.0,345.13,8.0
SD,padres,Petco Park,2015,9999,-37.5,345.51,8.0
SD,padres,Petco Park,2015,9999,-37.0,345.88,8.0
SD,padres,Petco Park,2015,9999,-36.5,346.3,8.0
SD,padres,Petco Park,2015,9999,-36.0,346.81,8.0
SD,padres,Petco Park,2015,9999,-35.5,347.32,8.0
SD,padres,Petco Park,2015,9999,-35.0,347.82,8.0
SD,padres,Petco Park,2015,9999,-34.5,348.33,8.0
SD,padres,Petco Park,2015,9999,-34.0,348.92,8.0
SD,padres,Petco Park,2015,9999,-33.5,349.56,8.0
SD,padres,Petco Park,2015,9999,-33.0,350.2,8.0
SD,padres,Petco Park,2015,9999,-32.5,350.84,8.0
SD,padres,Petco Park,2015,9999,-32.0,351.48,8.0
SD,padres,Petco Park,2015,9999,-31.5,352.26,8.0
SD,padres,Petco Park,2015,9999,-31.0,353.04,8.0
SD,padres,Petco Park,2015,9999,-30.5,353.82,8.0
SD,padres,Petco Park,2015,9999,-30.0,354.6,8.0
SD,padres,Petco Park,2015,9999,-29.5,355.43,8.0
SD,padres,Petco Park,2015,9999,-29.0,356.35,8.0
SD,padres,Petco Park,2015,9999,-28.5,357.27,8.0
SD,padres,Petco Park,2015,9999,-28.0,358.19,8.0
SD,padres,Petco Park,2015,9999,-27.5,359.1,8.0
SD,padres,Petco Park,2015,9999,-27.0,360.15,8.0
SD,padres,Petco Park,2015,9999,-26.5,361.22,8.0
SD,padres,Petco Park,2015,9999,-26.0,362.28,8.0
SD,padres,Petco Park,2015,9999,-25.5,363.34,8.0
SD,padres,Petco Park,2015,9999,-25.0,364.49,8.0
SD,padres,Petco Park,2015,9999,-24.5,365.7,8.0
SD,padres,Petco Park,2015,9999,-24.0,366.92,8.0
SD,padres,Petco Park,2015,9999,-23.5,368.13,8.0
SD,padres,Petco Park,2015,9999,-23.0,369.39,8.0
SD,padres,Petco Park,2015,9999,-22.5,370.76,8.0
SD,padres,Petco Park,2015,9999,-22.0,372.13,8.0
SD,padres,Petco Park,2015,9999,-21.5,373.5,8.0
SD,padres,Petco Park,2015,9999,-21.0,374.9,8.0
SD,padres,Petco Park,2015,9999,-20.5,376.42,8.0
SD,padres,Petco Park,2015,9999,-20.0,377.95,8.0
SD,padres,Petco Park,2015,9999,-19.5,379.47,8.0
SD,padres,Petco Park,2015,9999,-19.0,380.95,8.0
SD,padres,Petco Park,2015,9999,-18.5,382.19,8.0
SD,padres,Petco Park,2015,9999,-18.0,383.44,8.0
SD,padres,Petco Park,2015,9999,-17.5,384.68,8.0
SD,padres,Petco Park,2015,9999,-17.0,385.87,8.0
SD,padres,Petco Park,2015,9999,-16.5,386.68,8.0
SD,padres,Petco Park,2015,9999,-16.0,387.48,8.0
SD,padres,Petco Park,2015,9999,-15.5,388.29,8.0
SD,padres,Petco Park,2015,9999,-15.0,389.1,8.0
SD,padres,Petco Park,2015,9999,-14.5,390.04,8.0
SD,padres,Petco Park,2015,9999,-14.0,390.98,8.0
SD,padres,Petco Park,2015,9999,-13.5,391.93,8.0
SD,padres,Petco Park,2015,9999,-13.0,392.87,8.0
SD,padres,Petco Park,2015,9999,-12.5,393.49,8.0
SD,padres,Petco Park,2015,9999,-12.0,394.06,8.0
SD,padres,Petco Park,2015,9999,-11.5,394.62,8.0
SD,padres,Petco Park,2015,9999,-11.0,395.19,8.0
SD,padres,Petco Park,2015,9999,-10.5,394.92,8.0
SD,padres,Petco Park,2015,9999,-10.0,394.43,8.0
SD,padres,Petco Park,2015,9999,-9.5,393.93,8.0
SD,padres,Petco Park,2015,9999,-9.0,393.44,8.0
SD,padres,Petco Park,2015,9999,-8.5,393.02,8.0
SD,padres,Petco Park,2015,9999,-8.0,392.64,8.0
SD,padres,Petco Park,2015,9999,-7.5,392.27,8.0
SD,padres,Petco Park,2015,9999,-7.0,391.9,8.0
SD,padres,Petco Park,2015,9999,-6.5,391.95,8.0
SD,padres,Petco Park,2015,9999,-6.0,392.7,8.0
SD,padres,Petco Park,2015,9999,-5.5,393.44,8.0
SD,padres,Petco Park,2015,9999,-5.0,394.19,8.0
SD,padres,Petco Park,2015,9999,-4.5,394.77,8.0
SD,padres,Petco Park,2015,9999,-4.0,394.94,8.0
SD,padres,Petco Park,2015,9999,-3.5,395.11,8.0
SD,padres,Petco Park,2015,9999,-3.0,395.29,8.0
SD,padres,Petco Park,2015,9999,-2.5,395.43,8.0
SD,padres,Petco Park,2015,9999,-2.0,395.39,8.0
SD,padres,Petco Park,2015,9999,-1.5,395.35,8.0
SD,padres,Petco Park,2015,9999,-1.0,395.32,8.0
SD,padres,Petco Park,2015,9999,-0.5,395.28,8.0
SD,padres,Petco Park,2015,9999,0.0,395.35,8.0
SD,padres,Petco Park,2015,9999,0.5,395.43,8.0
SD,padres,Petco Park,2015,9999,1.0,395.5,8.0
SD,padres,Petco Park,2015,9999,1.5,395.58,8.0
SD,padres,Petco Park,2015,9999,2.0,395.76,8.0
SD,padres,Petco Park,2015,9999,2.5,395.99,8.0
SD,padres,Petco Park,2015,9999,3.0,396.21,8.0
SD,padres,Petco Park,2015,9999,3.5,396.44,8.0
SD,padres,Petco Park,2015,9999,4.0,396.72,8.0
SD,padres,Petco Park,2015,9999,4.5,397.06,8.0
SD,padres,Petco Park,2015,9999,5.0,397.4,8.0
SD,padres,Petco Park,2015,9999,5.5,397.74,8.0
SD,padres,Petco Park,2015,9999,6.0,398.02,8.0
SD,padres,Petco Park,2015,9999,6.5,398.19,8.0
SD,padres,Petco Park,2015,9999,7.0,398.37,8.0
SD,padres,Petco Park,2015,9999,7.5,398.54,8.0
SD,padres,Petco Park,2015,9999,8.0,398.67,8.0
SD,padres,Petco Park,2015,9999,8.5,398.59,8.0
SD,padres,Petco Park,2015,9999,9.0,398.52,8.0
SD,padres,Petco Park,2015,9999,9.5,398.44,8.0
SD,padres,Petco Park,2015,9999,10.0,398.37,8.0
SD,padres,Petco Park,2015,9999,10.5,398.45,8.0
SD,padres,Petco Park,2015,9999,11.0,398.52,8.0
SD,padres,Petco Park,2015,9999,11.5,398.6,8.0
SD,padres,Petco Park,2015,9999,12.0,398.67,8.0
SD,padres,Petco Park,2015,9999,12.5,398.23,8.0
SD,padres,Petco Park,2015,9999,13.0,397.71,8.0
SD,padres,Petco Park,2015,9999,13.5,397.18,8.0
SD,padres,Petco Park,2015,9999,14.0,396.66,8.0
SD,padres,Petco Park,2015,9999,14.5,395.83,8.0
SD,padres,Petco Park,2015,9999,15.0,394.89,8.0
SD,padres,Petco Park,2015,9999,15.5,393.95,8.0
SD,padres,Petco Park,2015,9999,16.0,393.01,8.0
SD,padres,Petco Park,2015,9999,16.5,392.06,8.0
SD,padres,Petco Park,2015,9999,17.0,391.11,8.0
SD,padres,Petco Park,2015,9999,17.5,390.16,8.0
SD,padres,Petco Park,2015,9999,18.0,389.21,8.0
SD,padres,Petco Park,2015,9999,18.5,387.93,8.0
SD,padres,Petco Park,2015,9999,19.0,386.4,8.0
SD,padres,Petco Park,2015,9999,19.5,384.88,8.0
SD,padres,Petco Park,2015,9999,20.0,383.35,8.0
SD,padres,Petco Park,2015,9999,20.5,381.86,8.0
SD,padres,Petco Park,2015,9999,21.0,380.4,8.0
SD,padres,Petco Park,2015,9999,21.5,378.93,8.0
SD,padres,Petco Park,2015,9999,22.0,377.47,8.0
SD,padres,Petco Park,2015,9999,22.5,376.1,8.0
SD,padres,Petco Park,2015,9999,23.0,374.79,8.0
SD,padres,Petco Park,2015,9999,23.5,373.48,8.0
SD,padres,Petco Park,2015,9999,24.0,372.17,8.0
SD,padres,Petco Park,2015,9999,24.5,370.93,8.0
SD,padres,Petco Park,2015,9999,25.0,369.78,8.0
SD,padres,Petco Park,2015,9999,25.5,368.63,8.0
SD,padres,Petco Park,2015,9999,26.0,367.48,8.0
SD,padres,Petco Park,2015,9999,26.5,366.36,8.0
SD,padres,Petco Park,2015,9999,27.0,365.36,8.0
SD,padres,Petco Park,2015,9999,27.5,364.35,8.0
SD,padres,Petco Park,2015,9999,28.0,363.35,8.0
SD,padres,Petco Park,2015,9999,28.5,362.34,8.0
SD,padres,Petco Park,2015,9999,29.0,361.46,8.0
SD,padres,Petco Park,2015,9999,29.5,360.6,8.0
SD,padres,Petco Park,2015,9999,30.0,359.73,8.0
SD,padres,Petco Park,2015,9999,30.5,358.87,8.0
SD,padres,Petco Park,2015,9999,31.0,358.06,8.0
SD,padres,Petco Park,2015,9999,31.5,357.34,8.0
SD,padres,Petco Park,2015,9999,32.0,356.61,8.0
SD,padres,Petco Park,2015,9999,32.5,355.89,8.0
SD,padres,Petco Park,2015,9999,33.0,355.16,8.0
SD,padres,Petco Park,2015,9999,33.5,354.55,8.0
SD,padres,Petco Park,2015,9999,34.0,353.96,8.0
SD,padres,Petco Park,2015,9999,34.5,353.36,8.0
SD,padres,Petco Park,2015,9999,35.0,352.76,8.0
SD,padres,Petco Park,2015,9999,35.5,352.21,8.0
SD,padres,Petco Park,2015,9999,36.0,351.75,8.0
SD,padres,Petco Park,2015,9999,36.5,351.3,8.0
SD,padres,Petco Park,2015,9999,37.0,350.84,8.0
SD,padres,Petco Park,2015,9999,37.5,350.39,8.0
SD,padres,Petco Park,2015,9999,38.0,349.67,8.0
SD,padres,Petco Park,2015,9999,38.5,348.77,8.0
SD,padres,Petco Park,2015,9999,39.0,347.87,8.0
SD,padres,Petco Park,2015,9999,39.5,346.97,8.0
SD,padres,Petco Park,2015,9999,40.0,345.48,8.0
SD,padres,Petco Park,2015,9999,40.5,342.2,8.0
SD,padres,Petco Park,2015,9999,41.0,338.92,8.0
SD,padres,Petco Park,2015,9999,41.5,335.64,8.0
SD,padres,Petco Park,2015,9999,42.0,332.62,8.0
SD,padres,Petco Park,2015,9999,42.5,329.61,8.0
SD,padres,Petco Park,2015,9999,43.0,326.6,8.0
SD,padres,Petco Park,2015,9999,43.5,324.74,8.0
SD,padres,Petco Park,2015,9999,44.0,324.13,8.0
SD,padres,Petco Park,2015,9999,44.5,323.51,8.0
SD,padres,Petco Park,2015,9999,45.0,322.9,8.0
PHI,phillies,Citizens Bank Park,2015,9999,-45.0,337.86,8.0
PHI,phillies,Citizens Bank Park,2015,9999,-44.5,338.31,8.0
PHI,phillies,Citizens Bank Park,2015,9999,-44.0,338.77,8.0
PHI,phillies,Citizens Bank Park,2015,9999,-43.5,339.22,8.0
PHI,phillies,Citizens Bank Park,2015,9999,-43.0,339.51,8.0
PHI,phillies,Citizens Bank Park,2015,9999,-42.5,339.65,8.0
PHI,phillies,Citizens Bank Park,2015,9999,-42.0,339.8,8.0
PHI,phillies,Citizens Bank Park,2015,9999,-41.5,339.94,8.0
PHI,phillies,Citizens Bank Park,2015,9999,-41.0,340.09,8.0
PHI,phillies,Citizens Bank Park,2015,9999,-40.5,340.34,8.0
PHI,phillies,Citizens Bank Park,2015,9999,-40.0,340.63,8.0
PHI,phillies,Citizens Bank Park,2015,9999,-39.5,340.92,8.0
PHI,phillies,Citizens Bank Park,2015,9999,-39.0,341.2,8.0
PHI,phillies,Citizens Bank Park,2015,9999,-38.5,341.49,8.0
PHI,phillies,Citizens Bank Park,2015,9999,-38.0,341.89,8.0
PHI,phillies,Citizens Bank Park,2015,9999,-37.5,342.29,8.0
PHI,phillies,Citizens Bank Park,2015,9999,-37.0,342.69,8.0
PHI,phillies,Citizens Bank Park,2015,9999,-36.5,343.09,8.0
PHI,phillies,Citizens Bank Park,2015,9999,-36.0,343.53,8.0
PHI,phillies,Citizens Bank Park,2015,9999,-35.5,344.06,8.0
PHI,phillies,Citizens Bank Park,2015,9999,-35.0,344.59,8.0
PHI,phillies,Citizens Bank Park,2015,9999,-34.5,345.12,8.0
PHI,phillies,Citizens Bank Park,2015,9999,-34.0,345.65,8.0
PHI,phillies,Citizens Bank Park,2015,9999,-33.5,346.27,8.0
PHI,phillies,Citizens Bank Park,2015,9999,-33.0,346.94,8.0
PHI,phillies,Citizens Bank Park,2015,9999,-32.5,347.61,8.0
PHI,phillies,Citizens Bank Park,2015,9999,-32.0,348.28,8.0
PHI,phillies,Citizens Bank Park,2015,9999,-31.5,348.96,8.0
PHI,phillies,Citizens Bank Park,2015,9999,-31.0,349.75,8.0
PHI,phillies,Citizens Bank Park,2015,9999,-30.5,350.55,8.0
PHI,phillies,Citizens Bank Park,2015,9999,-30.0,351.35,8.0
PHI,phillies,Citizens Bank Park,2015,9999,-29.5,352.15,8.0
PHI,phillies,Citizens Bank Park,2015,9999,-29.0,352.99,8.0
PHI,phillies,Citizens Bank Park,2015,9999,-28.5,353.87,8.0
PHI,phillies,Citizens Bank Park,2015,9999,-28.0,354.74,8.0
PHI,phillies,Citizens Bank Park,2015,9999,-27.5,355.62,8.0
PHI,phillies,Citizens Bank Park,2015,9999,-27.0,356.53,8.0
PHI,phillies,Citizens Bank Park,2015,9999,-26.5,357.61,8.0
PHI,phillies,Citizens Bank Park,2015,9999,-26.0,358.69,8.0
PHI,phillies,Citizens Bank Park,2015,9999,-25.5,359.78,8.0
PHI,phillies,Citizens Bank Park,2015,9999,-25.0,360.86,8.0
PHI,phillies,Citizens Bank Park,2015,9999,-24.5,362.06,8.0
PHI,phillies,Citizens Bank Park,2015,9999,-24.0,363.29,8.0
PHI,phillies,Citizens Bank Park,2015,9999,-23.5,364.52,8.0
PHI,phillies,Citizens Bank Park,2015,9999,-23.0,365.75,8.0
PHI,phillies,Citizens Bank Park,2015,9999,-22.5,367.09,8.0
PHI,phillies,Citizens Bank Park,2015,9999,-22.0,368.49,8.0
PHI,phillies,Citizens Bank Park,2015,9999,-21.5,369.89,8.0
PHI,phillies,Citizens Bank Park,2015,9999,-21.0,371.29,8.0
PHI,phillies,Citizens Bank Park,2015,9999,-20.5,372.77,8.0
PHI,phillies,Citizens Bank Park,2015,9999,-20.0,374.31,8.0
PHI,phillies,Citizens Bank Park,2015,9999,-19.5,375.84,8.0
PHI,phillies,Citizens Bank Park,2015,9999,-19.0,377.37,8.0
PHI,phillies,Citizens Bank Park,2015,9999,-18.5,379.03,8.0
PHI,phillies,Citizens Bank Park,2015,9999,-18.0,380.75,8.0
PHI,phillies,Citizens Bank Park,2015,9999,-17.5,382.47,8.0
PHI,phillies,Citizens Bank Park,2015,9999,-17.0,384.19,8.0
PHI,phillies,Citizens Bank Park,2015,9999,-16.5,385.71,8.0
PHI,phillies,Citizens Bank Park,2015,9999,-16.0,387.2,8.0
PHI,phillies,Citizens Bank Park,2015,9999,-15.5,388.7,8.0
PHI,phillies,Citizens Bank Park,2015,9999,-15.0,390.06,8.0
PHI,phillies,Citizens Bank Park,2015,9999,-14.5,389.6,8.0
PHI,phillies,Citizens Bank Park,2015,9999,-14.0,389.15,8.0
PHI,phillies,Citizens Bank Park,2015,9999,-13.5,388.7,8.0
PHI,phillies,Citizens Bank Park,2015,9999,-13.0,388.24,8.0
PHI,phillies,Citizens Bank Park,2015,9999,-12.5,388.42,8.0
PHI,phillies,Citizens Bank Park,2015,9999,-12.0,388.59,8.0
PHI,phillies,Citizens Bank Park,2015,9999,-11.5,388.77,8.0
PHI,phillies,Citizens Bank Park,2015,9999,-11.0,389.09,8.0
PHI,phillies,Citizens Bank Park,2015,9999,-10.5,391.48,8.0
PHI,phillies,Citizens Bank Park,2015,9999,-10.0,393.86,8.0
PHI,phillies,Citizens Bank Park,2015,9999,-9.5,396.25,8.0
PHI,phillies,Citizens Bank Park,2015,9999,-9.0,398.77,8.0
PHI,phillies,Citizens Bank Park,2015,9999,-8.5,401.34,8.0
PHI,phillies,Citizens Bank Park,2015,9999,-8.0,403.92,8.0
PHI,phillies,Citizens Bank Park,2015,9999,-7.5,406.33,8.0
PHI,phillies,Citizens Bank Park,2015,9999,-7.0,408.51,8.0
PHI,phillies,Citizens Bank Park,2015,9999,-6.5,410.69,8.0
PHI,phillies,Citizens Bank Park,2015,9999,-6.0,412.59,8.0
PHI,phillies,Citizens Bank Park,2015,9999,-5.5,412.1,8.0
PHI,phillies,Citizens Bank Park,2015,9999,-5.0,411.61,8.0
PHI,phillies,Citizens Bank Park,2015,9999,-4.5,411.12,8.0
PHI,phillies,Citizens Bank Park,2015,9999,-4.0,410.6,8.0
PHI,phillies,Citizens Bank Park,2015,9999,-3.5,410.0,8.0
PHI,phillies,Citizens Bank Park,2015,9999,-3.0,409.4,8.0
PHI,phillies,Citizens Bank Park,2015,9999,-2.5,408.8,8.0
PHI,phillies,Citizens Bank Park,2015,9999,-2.0,408.22,8.0
PHI,phillies,Citizens Bank Park,2015,9999,-1.5,407.7,8.0
PHI,phillies,Citizens Bank Park,2015,9999,-1.0,407.18,8.0
PHI,phillies,Citizens Bank Park,2015,9999,-0.5,406.66,8.0
PHI,phillies,Citizens Bank Park,2015,9999,0.0,406.19,8.0
PHI,phillies,Citizens Bank Park,2015,9999,0.5,405.82,8.0
PHI,phillies,Citizens Bank Park,2015,9999,1.0,405.46,8.0
PHI,phillies,Citizens Bank Park,2015,9999,1.5,405.09,8.0
PHI,phillies,Citizens Bank Park,2015,9999,2.0,404.77,8.0
PHI,phillies,Citizens Bank Park,2015,9999,2.5,404.53,8.0
PHI,phillies,Citizens Bank Park,2015,9999,3.0,404.29,8.0
PHI,phillies,Citizens Bank Park,2015,9999,3.5,404.06,8.0
PHI,phillies,Citizens Bank Park,2015,9999,4.0,403.85,8.0
PHI,phillies,Citizens Bank Park,2015,9999,4.5,403.72,8.0
PHI,phillies,Citizens Bank Park,2015,9999,5.0,403.59,8.0
PHI,phillies,Citizens Bank Park,2015,9999,5.5,403.46,8.0
PHI,phillies,Citizens Bank Park,2015,9999,6.0,403.37,8.0
PHI,phillies,Citizens Bank Park,2015,9999,6.5,403.39,8.0
PHI,phillies,Citizens Bank Park,2015,9999,7.0,403.41,8.0
PHI,phillies,Citizens Bank Park,2015,9999,7.5,403.42,8.0
PHI,phillies,Citizens Bank Park,2015,9999,8.0,403.46,8.0
PHI,phillies,Citizens Bank Park,2015,9999,8.5,403.57,8.0
PHI,phillies,Citizens Bank Park,2015,9999,9.0,403.67,8.0
PHI,phillies,Citizens Bank Park,2015,9999,9.5,403.78,8.0
PHI,phillies,Citizens Bank Park,2015,9999,10.0,403.58,8.0
PHI,phillies,Citizens Bank Park,2015,9999,10.5,402.26,8.0
PHI,phillies,Citizens Bank Park,2015,9999,11.0,400.94,8.0
PHI,phillies,Citizens Bank Park,2015,9999,11.5,399.62,8.0
PHI,phillies,Citizens Bank Park,2015,9999,12.0,397.87,8.0
PHI,phillies,Citizens Bank Park,2015,9999,12.5,395.67,8.0
PHI,phillies,Citizens Bank Park,2015,9999,13.0,393.46,8.0
PHI,phillies,Citizens Bank Park,2015,9999,13.5,391.27,8.0
PHI,phillies,Citizens Bank Park,2015,9999,14.0,389.27,8.0
PHI,phillies,Citizens Bank Park,2015,9999,14.5,387.28,8.0
PHI,phillies,Citizens Bank Park,2015,9999,15.0,385.29,8.0
PHI,phillies,Citizens Bank Park,2015,9999,15.5,383.35,8.0
PHI,phillies,Citizens Bank Park,2015,9999,16.0,381.51,8.0
PHI,phillies,Citizens Bank Park,2015,9999,16.5,379.67,8.0
PHI,phillies,Citizens Bank Park,2015,9999,17.0,377.82,8.0
PHI,phillies,Citizens Bank Park,2015,9999,17.5,376.1,8.0
PHI,phillies,Citizens Bank Park,2015,9999,18.0,374.45,8.0
PHI,phillies,Citizens Bank Park,2015,9999,18.5,372.8,8.0
PHI,phillies,Citizens Bank Park,2015,9999,19.0,371.15,8.0
PHI,phillies,Citizens Bank Park,2015,9999,19.5,369.61,8.0
PHI,phillies,Citizens Bank Park,2015,9999,20.0,368.1,8.0
PHI,phillies,Citizens Bank Park,2015,9999,20.5,366.59,8.0
PHI,phillies,Citizens Bank Park,2015,9999,21.0,365.08,8.0
PHI,phillies,Citizens Bank Park,2015,9999,21.5,363.71,8.0
PHI,phillies,Citizens Bank Park,2015,9999,22.0,362.38,8.0
PHI,phillies,Citizens Bank Park,2015,9999,22.5,361.04,8.0
PHI,phillies,Citizens Bank Park,2015,9999,23.0,359.71,8.0
PHI,phillies,Citizens Bank Park,2015,9999,23.5,358.47,8.0
PHI,phillies,Citizens Bank Park,2015,9999,24.0,357.29,8.0
PHI,phillies,Citizens Bank Park,2015,9999,24.5,356.11,8.0
PHI,phillies,Citizens Bank Park,2015,9999,25.0,354.94,8.0
PHI,phillies,Citizens Bank Park,2015,9999,25.5,353.81,8.0
PHI,phillies,Citizens Bank Park,2015,9999,26.0,352.77,8.0
PHI,phillies,Citizens Bank Park,2015,9999,26.5,351.73,8.0
PHI,phillies,Citizens Bank Park,2015,9999,27.0,350.69,8.0
PHI,phillies,Citizens Bank Park,2015,9999,27.5,349.65,8.0
PHI,phillies,Citizens Bank Park,2015,9999,28.0,348.75,8.0
PHI,phillies,Citizens Bank Park,2015,9999,28.5,347.86,8.0
PHI,phillies,Citizens Bank Park,2015,9999,29.0,346.97,8.0
PHI,phillies,Citizens Bank Park,2015,9999,29.5,346.08,8.0
PHI,phillies,Citizens Bank Park,2015,9999,30.0,345.24,8.0
PHI,phillies,Citizens Bank Park,2015,9999,30.5,344.46,8.0
PHI,phillies,Citizens Bank Park,2015,9999,31.0,343.68,8.0
PHI,phillies,Citizens Bank Park,2015,9999,31.5,342.9,8.0
PHI,phillies,Citizens Bank Park,2015,9999,32.0,342.12,8.0
PHI,phillies,Citizens Bank Park,2015,9999,32.5,341.5,8.0
PHI,phillies,Citizens Bank Park,2015,9999,33.0,340.9,8.0
PHI,phillies,Citizens Bank Park,2015,9999,33.5,340.29,8.0
PHI,phillies,Citizens Bank Park,2015,9999,34.0,339.69,8.0
PHI,phillies,Citizens Bank Park,2015,9999,34.5,339.11,8.0
PHI,phillies,Citizens Bank Park,2015,9999,35.0,338.6,8.0
PHI,phillies,Citizens Bank Park,2015,9999,35.5,338.09,8.0
PHI,phillies,Citizens Bank Park,2015,9999,36.0,337.57,8.0
PHI,phillies,Citizens Bank Park,2015,9999,36.5,337.06,8.0
PHI,phillies,Citizens Bank Park,2015,9999,37.0,336.61,8.0
PHI,phillies,Citizens Bank Park,2015,9999,37.5,336.23,8.0
PHI,phillies,Citizens Bank Park,2015,9999,38.0,335.84,8.0
PHI,phillies,Citizens Bank Park,2015,9999,38.5,335.46,8.0
PHI,phillies,Citizens Bank Park,2015,9999,39.0,335.08,8.0
PHI,phillies,Citizens Bank Park,2015,9999,39.5,334.75,8.0
PHI,phillies,Citizens Bank Park,2015,9999,40.0,334.47,8.0
PHI,phillies,Citizens Bank Park,2015,9999,40.5,334.18,8.0
PHI,phillies,Citizens Bank Park,2015,9999,41.0,333.89,8.0
PHI,phillies,Citizens Bank Park,2015,9999,41.5,333.61,8.0
PHI,phillies,Citizens Bank Park,2015,9999,42.0,333.45,8.0
PHI,phillies,Citizens Bank Park,2015,9999,42.5,333.33,8.0
PHI,phillies,Citizens Bank Park,2015,9999,43.0,333.21,8.0
PHI,phillies,Citizens Bank Park,2015,9999,43.5,333.09,8.0
PHI,phillies,Citizens Bank Park,2015,9999,44.0,332.97,8.0
PHI,phillies,Citizens Bank Park,2015,9999,44.5,332.96,8.0
PHI,phillies,Citizens Bank Park,2015,9999,45.0,332.96,8.0
PIT,pirates,PNC Park,2015,9999,-45.0,336.23,6.0
PIT,pirates,PNC Park,2015,9999,-44.5,338.61,6.0
PIT,pirates,PNC Park,2015,9999,-44.0,341.06,6.0
PIT,pirates,PNC Park,2015,9999,-43.5,343.5,6.0
PIT,pirates,PNC Park,2015,9999,-43.0,345.95,6.0
PIT,pirates,PNC Park,2015,9999,-42.5,348.63,6.0
PIT,pirates,PNC Park,2015,9999,-42.0,351.32,6.0
PIT,pirates,PNC Park,2015,9999,-41.5,354.02,6.0
PIT,pirates,PNC Park,2015,9999,-41.0,356.79,6.0
PIT,pirates,PNC Park,2015,9999,-40.5,359.69,6.0
PIT,pirates,PNC Park,2015,9999,-40.0,362.59,6.0
PIT,pirates,PNC Park,2015,9999,-39.5,365.49,6.0
PIT,pirates,PNC Park,2015,9999,-39.0,367.77,6.0
PIT,pirates,PNC Park,2015,9999,-38.5,370.04,6.0
PIT,pirates,PNC Park,2015,9999,-38.0,372.31,6.0
PIT,pirates,PNC Park,2015,9999,-37.5,373.73,6.0
PIT,pirates,PNC Park,2015,9999,-37.0,374.02,6.0
PIT,pirates,PNC Park,2015,9999,-36.5,374.31,6.0
PIT,pirates,PNC Park,2015,9999,-36.0,374.61,6.0
PIT,pirates,PNC Park,2015,9999,-35.5,374.9,6.0
PIT,pirates,PNC Park,2015,9999,-35.0,375.2,6.0
PIT,pirates,PNC Park,2015,9999,-34.5,375.5,6.0
PIT,pirates,PNC Park,2015,9999,-34.0,375.79,6.0
PIT,pirates,PNC Park,2015,9999,-33.5,376.09,6.0
PIT,pirates,PNC Park,2015,9999,-33.0,376.47,6.0
PIT,pirates,PNC Park,2015,9999,-32.5,376.91,6.0
PIT,pirates,PNC Park,2015,9999,-32.0,377.34,6.0
PIT,pirates,PNC Park,2015,9999,-31.5,377.78,6.0
PIT,pirates,PNC Park,2015,9999,-31.0,378.24,6.0
PIT,pirates,PNC Park,2015,9999,-30.5,378.78,6.0
PIT,pirates,PNC Park,2015,9999,-30.0,379.33,6.0
PIT,pirates,PNC Park,2015,9999,-29.5,379.87,6.0
PIT,pirates,PNC Park,2015,9999,-29.0,380.42,6.0
PIT,pirates,PNC Park,2015,9999,-28.5,381.1,6.0
PIT,pirates,PNC Park,2015,9999,-28.0,381.79,6.0
PIT,pirates,PNC Park,2015,9999,-27.5,382.49,6.0
PIT,pirates,PNC Park,2015,9999,-27.0,383.18,6.0
PIT,pirates,PNC Park,2015,9999,-26.5,383.96,6.0
PIT,pirates,PNC Park,2015,9999,-26.0,384.79,6.0
PIT,pirates,PNC Park,2015,9999,-25.5,385.62,6.0
PIT,pirates,PNC Park,2015,9999,-25.0,386.45,6.0
PIT,pirates,PNC Park,2015,9999,-24.5,387.35,6.0
PIT,pirates,PNC Park,2015,9999,-24.0,388.33,6.0
PIT,pirates,PNC Park,2015,9999,-23.5,389.32,6.0
PIT,pirates,PNC Park,2015,9999,-23.0,390.31,6.0
PIT,pirates,PNC Park,2015,9999,-22.5,391.34,6.0
PIT,pirates,PNC Park,2015,9999,-22.0,392.45,6.0
PIT,pirates,PNC Park,2015,9999,-21.5,393.56,6.0
PIT,pirates,PNC Park,2015,9999,-21.0,394.68,6.0
PIT,pirates,PNC Park,2015,9999,-20.5,395.84,6.0
PIT,pirates,PNC Park,2015,9999,-20.0,397.1,6.0
PIT,pirates,PNC Park,2015,9999,-19.5,398.37,6.0
PIT,pirates,PNC Park,2015,9999,-19.0,399.63,6.0
PIT,pirates,PNC Park,2015,9999,-18.5,400.96,6.0
PIT,pirates,PNC Park,2015,9999,-18.0,402.39,6.0
PIT,pirates,PNC Park,2015,9999,-17.5,403.83,6.0
PIT,pirates,PNC Park,2015,9999,-17.0,405.26,6.0
PIT,pirates,PNC Park,2015,9999,-16.5,405.75,6.0
PIT,pirates,PNC Park,2015,9999,-16.0,405.52,6.0
PIT,pirates,PNC Park,2015,9999,-15.5,405.28,6.0
PIT,pirates,PNC Park,2015,9999,-15.0,403.95,6.0
PIT,pirates,PNC Park,2015,9999,-14.5,400.52,6.0
PIT,pirates,PNC Park,2015,9999,-14.0,397.09,6.0
PIT,pirates,PNC Park,2015,9999,-13.5,395.04,6.0
PIT,pirates,PNC Park,2015,9999,-13.0,394.72,6.0
PIT,pirates,PNC Park,2015,9999,-12.5,394.41,6.0
PIT,pirates,PNC Park,2015,9999,-12.0,394.09,6.0
PIT,pirates,PNC Park,2015,9999,-11.5,393.86,6.0
PIT,pirates,PNC Park,2015,9999,-11.0,393.83,6.0
PIT,pirates,PNC Park,2015,9999,-10.5,393.79,6.0
PIT,pirates,PNC Park,2015,9999,-10.0,393.76,6.0
PIT,pirates,PNC Park,2015,9999,-9.5,393.74,6.0
PIT,pirates,PNC Park,2015,9999,-9.0,393.83,6.0
PIT,pirates,PNC Park,2015,9999,-8.5,393.93,6.0
PIT,pirates,PNC Park,2015,9999,-8.0,394.03,6.0
PIT,pirates,PNC Park,2015,9999,-7.5,394.13,6.0
PIT,pirates,PNC Park,2015,9999,-7.0,394.31,6.0
PIT,pirates,PNC Park,2015,9999,-6.5,394.52,6.0
PIT,pirates,PNC Park,2015,9999,-6.0,394.72,6.0
PIT,pirates,PNC Park,2015,9999,-5.5,394.93,6.0
PIT,pirates,PNC Park,2015,9999,-5.0,395.22,10.0
PIT,pirates,PNC Park,2015,9999,-4.5,395.56,10.0
PIT,pirates,PNC Park,2015,9999,-4.0,395.91,10.0
PIT,pirates,PNC Park,2015,9999,-3.5,396.25,10.0
PIT,pirates,PNC Park,2015,9999,-3.0,396.66,10.0
PIT,pirates,PNC Park,2015,9999,-2.5,397.15,10.0
PIT,pirates,PNC Park,2015,9999,-2.0,397.63,10.0
PIT,pirates,PNC Park,2015,9999,-1.5,398.12,10.0
PIT,pirates,PNC Park,2015,9999,-1.0,398.49,10.0
PIT,pirates,PNC Park,2015,9999,-0.5,398.59,10.0
PIT,pirates,PNC Park,2015,9999,0.0,398.69,10.0
PIT,pirates,PNC Park,2015,9999,0.5,398.8,10.0
PIT,pirates,PNC Park,2015,9999,1.0,398.78,10.0
PIT,pirates,PNC Park,2015,9999,1.5,398.18,10.0
PIT,pirates,PNC Park,2015,9999,2.0,397.59,10.0
PIT,pirates,PNC Park,2015,9999,2.5,397.0,10.0
PIT,pirates,PNC Park,2015,9999,3.0,396.42,10.0
PIT,pirates,PNC Park,2015,9999,3.5,395.95,10.0
PIT,pirates,PNC Park,2015,9999,4.0,395.47,10.0
PIT,pirates,PNC Park,2015,9999,4.5,395.0,10.0
PIT,pirates,PNC Park,2015,9999,5.0,394.52,10.0
PIT,pirates,PNC Park,2015,9999,5.5,394.17,10.0
PIT,pirates,PNC Park,2015,9999,6.0,393.83,10.0
PIT,pirates,PNC Park,2015,9999,6.5,393.49,10.0
PIT,pirates,PNC Park,2015,9999,7.0,393.14,10.0
PIT,pirates,PNC Park,2015,9999,7.5,392.9,10.0
PIT,pirates,PNC Park,2015,9999,8.0,392.69,10.0
PIT,pirates,PNC Park,2015,9999,8.5,392.48,10.0
PIT,pirates,PNC Park,2015,9999,9.0,392.28,10.0
PIT,pirates,PNC Park,2015,9999,9.5,392.01,10.0
PIT,pirates,PNC Park,2015,9999,10.0,391.67,6.0
PIT,pirates,PNC Park,2015,9999,10.5,391.33,6.0
PIT,pirates,PNC Park,2015,9999,11.0,390.99,6.0
PIT,pirates,PNC Park,2015,9999,11.5,390.52,6.0
PIT,pirates,PNC Park,2015,9999,12.0,389.67,6.0
PIT,pirates,PNC Park,2015,9999,12.5,388.82,6.0
PIT,pirates,PNC Park,2015,9999,13.0,387.97,6.0
PIT,pirates,PNC Park,2015,9999,13.5,387.13,6.0
PIT,pirates,PNC Park,2015,9999,14.0,386.33,6.0
PIT,pirates,PNC Park,2015,9999,14.5,385.54,6.0
PIT,pirates,PNC Park,2015,9999,15.0,384.74,6.0
PIT,pirates,PNC Park,2015,9999,15.5,383.95,6.0
PIT,pirates,PNC Park,2015,9999,16.0,383.35,6.0
PIT,pirates,PNC Park,2015,9999,16.5,382.77,6.0
PIT,pirates,PNC Park,2015,9999,17.0,382.19,6.0
PIT,pirates,PNC Park,2015,9999,17.5,381.61,6.0
PIT,pirates,PNC Park,2015,9999,18.0,381.1,6.0
PIT,pirates,PNC Park,2015,9999,18.5,380.65,6.0
PIT,pirates,PNC Park,2015,9999,19.0,380.19,6.0
PIT,pirates,PNC Park,2015,9999,19.5,379.73,6.0
PIT,pirates,PNC Park,2015,9999,20.0,379.31,6.0
PIT,pirates,PNC Park,2015,9999,20.5,378.99,6.0
PIT,pirates,PNC Park,2015,9999,21.0,378.67,6.0
PIT,pirates,PNC Park,2015,9999,21.5,378.34,6.0
PIT,pirates,PNC Park,2015,9999,22.0,378.02,6.0
PIT,pirates,PNC Park,2015,9999,22.5,377.27,6.0
PIT,pirates,PNC Park,2015,9999,23.0,376.47,6.0
PIT,pirates,PNC Park,2015,9999,23.5,375.68,6.0
PIT,pirates,PNC Park,2015,9999,24.0,374.89,6.0
PIT,pirates,PNC Park,2015,9999,24.5,373.33,6.0
PIT,pirates,PNC Park,2015,9999,25.0,371.43,6.0
PIT,pirates,PNC Park,2015,9999,25.5,369.52,6.0
PIT,pirates,PNC Park,2015,9999,26.0,367.61,6.0
PIT,pirates,PNC Park,2015,9999,26.5,365.86,6.0
PIT,pirates,PNC Park,2015,9999,27.0,364.14,6.0
PIT,pirates,PNC Park,2015,9999,27.5,362.43,6.0
PIT,pirates,PNC Park,2015,9999,28.0,360.71,6.0
PIT,pirates,PNC Park,2015,9999,28.5,359.11,6.0
PIT,pirates,PNC Park,2015,9999,29.0,357.55,6.0
PIT,pirates,PNC Park,2015,9999,29.5,355.98,6.0
PIT,pirates,PNC Park,2015,9999,30.0,354.41,6.0
PIT,pirates,PNC Park,2015,9999,30.5,352.95,6.0
PIT,pirates,PNC Park,2015,9999,31.0,351.56,6.0
PIT,pirates,PNC Park,2015,9999,31.5,350.16,6.0
PIT,pirates,PNC Park,2015,9999,32.0,348.77,6.0
PIT,pirates,PNC Park,2015,9999,32.5,347.42,6.0
PIT,pirates,PNC Park,2015,9999,33.0,346.19,6.0
PIT,pirates,PNC Park,2015,9999,33.5,344.96,6.0
PIT,pirates,PNC Park,2015,9999,34.0,343.73,6.0
PIT,pirates,PNC Park,2015,9999,34.5,342.5,6.0
PIT,pirates,PNC Park,2015,9999,35.0,341.41,6.0
PIT,pirates,PNC Park,2015,9999,35.5,340.34,6.0
PIT,pirates,PNC Park,2015,9999,36.0,339.28,6.0
PIT,pirates,PNC Park,2015,9999,36.5,338.21,6.0
PIT,pirates,PNC Park,2015,9999,37.0,337.18,6.0
PIT,pirates,PNC Park,2015,9999,37.5,336.24,6.0
PIT,pirates,PNC Park,2015,9999,38.0,335.31,6.0
PIT,pirates,PNC Park,2015,9999,38.5,334.37,6.0
PIT,pirates,PNC Park,2015,9999,39.0,333.44,6.0
PIT,pirates,PNC Park,2015,9999,39.5,332.59,6.0
PIT,pirates,PNC Park,2015,9999,40.0,331.82,6.0
PIT,pirates,PNC Park,2015,9999,40.5,331.05,6.0
PIT,pirates,PNC Park,2015,9999,41.0,330.28,6.0
PIT,pirates,PNC Park,2015,9999,41.5,329.51,6.0
PIT,pirates,PNC Park,2015,9999,42.0,328.83,6.0
PIT,pirates,PNC Park,2015,9999,42.5,328.19,6.0
PIT,pirates,PNC Park,2015,9999,43.0,327.56,6.0
PIT,pirates,PNC Park,2015,9999,43.5,326.92,6.0
PIT,pirates,PNC Park,2015,9999,44.0,326.28,6.0
PIT,pirates,PNC Park,2015,9999,44.5,325.72,6.0
PIT,pirates,PNC Park,2015,9999,45.0,325.19,6.0
TEX,rangers,Globe Life Field,2020,9999,-45.0,343.76,8.0
TEX,rangers,Globe Life Field,2020,9999,-44.5,345.35,8.0
TEX,rangers,Globe Life Field,2020,9999,-44.0,346.93,8.0
TEX,rangers,Globe Life Field,2020,9999,-43.5,348.68,8.0
TEX,rangers,Globe Life Field,2020,9999,-43.0,350.46,8.0
TEX,rangers,Globe Life Field,2020,9999,-42.5,352.24,8.0
TEX,rangers,Globe Life Field,2020,9999,-42.0,354.01,8.0
TEX,rangers,Globe Life Field,2020,9999,-41.5,355.34,8.0
TEX,rangers,Globe Life Field,2020,9999,-41.0,356.49,8.0
TEX,rangers,Globe Life Field,2020,9999,-40.5,357.64,8.0
TEX,rangers,Globe Life Field,2020,9999,-40.0,358.79,8.0
TEX,rangers,Globe Life Field,2020,9999,-39.5,359.66,8.0
TEX,rangers,Globe Life Field,2020,9999,-39.0,360.06,8.0
TEX,rangers,Globe Life Field,2020,9999,-38.5,360.46,8.0
TEX,rangers,Globe Life Field,2020,9999,-38.0,360.87,8.0
TEX,rangers,Globe Life Field,2020,9999,-37.5,361.27,8.0
TEX,rangers,Globe Life Field,2020,9999,-37.0,361.72,8.0
TEX,rangers,Globe Life Field,2020,9999,-36.5,362.19,8.0
TEX,rangers,Globe Life Field,2020,9999,-36.0,362.65,8.0
TEX,rangers,Globe Life Field,2020,9999,-35.5,363.12,8.0
TEX,rangers,Globe Life Field,2020,9999,-35.0,363.61,8.0
TEX,rangers,Globe Life Field,2020,9999,-34.5,364.24,8.0
TEX,rangers,Globe Life Field,2020,9999,-34.0,364.87,8.0
TEX,rangers,Globe Life Field,2020,9999,-33.5,365.5,8.0
TEX,rangers,Globe Life Field,2020,9999,-33.0,366.13,8.0
TEX,rangers,Globe Life Field,2020,9999,-32.5,366.84,8.0
TEX,rangers,Globe Life Field,2020,9999,-32.0,367.6,8.0
TEX,rangers,Globe Life Field,2020,9999,-31.5,368.36,8.0
TEX,rangers,Globe Life Field,2020,9999,-31.0,369.13,8.0
TEX,rangers,Globe Life Field,2020,9999,-30.5,369.91,8.0
TEX,rangers,Globe Life Field,2020,9999,-30.0,370.82,8.0
TEX,rangers,Globe Life Field,2020,9999,-29.5,371.73,8.0
TEX,rangers,Globe Life Field,2020,9999,-29.0,372.64,8.0
TEX,rangers,Globe Life Field,2020,9999,-28.5,373.55,8.0
TEX,rangers,Globe Life Field,2020,9999,-28.0,374.57,8.0
TEX,rangers,Globe Life Field,2020,9999,-27.5,375.61,8.0
TEX,rangers,Globe Life Field,2020,9999,-27.0,376.66,8.0
TEX,rangers,Globe Life Field,2020,9999,-26.5,377.7,8.0
TEX,rangers,Globe Life Field,2020,9999,-26.0,378.81,8.0
TEX,rangers,Globe Life Field,2020,9999,-25.5,379.97,8.0
TEX,rangers,Globe Life Field,2020,9999,-25.0,381.13,8.0
TEX,rangers,Globe Life Field,2020,9999,-24.5,382.29,8.0
TEX,rangers,Globe Life Field,2020,9999,-24.0,383.51,8.0
TEX,rangers,Globe Life Field,2020,9999,-23.5,384.86,8.0
TEX,rangers,Globe Life Field,2020,9999,-23.0,386.2,8.0
TEX,rangers,Globe Life Field,2020,9999,-22.5,387.54,8.0
TEX,rangers,Globe Life Field,2020,9999,-22.0,388.88,8.0
TEX,rangers,Globe Life Field,2020,9999,-21.5,390.2,8.0
TEX,rangers,Globe Life Field,2020,9999,-21.0,391.52,8.0
TEX,rangers,Globe Life Field,2020,9999,-20.5,392.84,8.0
TEX,rangers,Globe Life Field,2020,9999,-20.0,393.89,8.0
TEX,rangers,Globe Life Field,2020,9999,-19.5,394.24,8.0
TEX,rangers,Globe Life Field,2020,9999,-19.0,394.59,8.0
TEX,rangers,Globe Life Field,2020,9999,-18.5,394.93,8.0
TEX,rangers,Globe Life Field,2020,9999,-18.0,395.28,8.0
TEX,rangers,Globe Life Field,2020,9999,-17.5,395.65,8.0
TEX,rangers,Globe Life Field,2020,9999,-17.0,396.02,8.0
TEX,rangers,Globe Life Field,2020,9999,-16.5,396.38,8.0
TEX,rangers,Globe Life Field,2020,9999,-16.0,396.75,8.0
TEX,rangers,Globe Life Field,2020,9999,-15.5,397.22,8.0
TEX,rangers,Globe Life Field,2020,9999,-15.0,397.72,8.0
TEX,rangers,Globe Life Field,2020,9999,-14.5,398.22,8.0
TEX,rangers,Globe Life Field,2020,9999,-14.0,398.71,8.0
TEX,rangers,Globe Life Field,2020,9999,-13.5,399.28,8.0
TEX,rangers,Globe Life Field,2020,9999,-13.0,399.89,8.0
TEX,rangers,Globe Life Field,2020,9999,-12.5,400.5,8.0
TEX,rangers,Globe Life Field,2020,9999,-12.0,401.12,8.0
TEX,rangers,Globe Life Field,2020,9999,-11.5,401.8,8.0
TEX,rangers,Globe Life Field,2020,9999,-11.0,402.57,8.0
TEX,rangers,Globe Life Field,2020,9999,-10.5,403.34,8.0
TEX,rangers,Globe Life Field,2020,9999,-10.0,404.1,8.0
TEX,rangers,Globe Life Field,2020,9999,-9.5,404.83,8.0
TEX,rangers,Globe Life Field,2020,9999,-9.0,405.49,8.0
TEX,rangers,Globe Life Field,2020,9999,-8.5,406.15,8.0
TEX,rangers,Globe Life Field,2020,9999,-8.0,406.81,8.0
TEX,rangers,Globe Life Field,2020,9999,-7.5,407.06,8.0
TEX,rangers,Globe Life Field,2020,9999,-7.0,406.69,8.0
TEX,rangers,Globe Life Field,2020,9999,-6.5,406.32,8.0
TEX,rangers,Globe Life Field,2020,9999,-6.0,405.95,8.0
TEX,rangers,Globe Life Field,2020,9999,-5.5,405.6,8.0
TEX,rangers,Globe Life Field,2020,9999,-5.0,405.32,8.0
TEX,rangers,Globe Life Field,2020,9999,-4.5,405.03,8.0
TEX,rangers,Globe Life Field,2020,9999,-4.0,404.75,8.0
TEX,rangers,Globe Life Field,2020,9999,-3.5,404.48,8.0
TEX,rangers,Globe Life Field,2020,9999,-3.0,404.34,8.0
TEX,rangers,Globe Life Field,2020,9999,-2.5,404.2,8.0
TEX,rangers,Globe Life Field,2020,9999,-2.0,404.06,8.0
TEX,rangers,Globe Life Field,2020,9999,-1.5,403.91,8.0
TEX,rangers,Globe Life Field,2020,9999,-1.0,403.9,8.0
TEX,rangers,Globe Life Field,2020,9999,-0.5,403.9,8.0
TEX,rangers,Globe Life Field,2020,9999,0.0,403.89,8.0
TEX,rangers,Globe Life Field,2020,9999,0.5,403.89,8.0
TEX,rangers,Globe Life Field,2020,9999,1.0,403.97,8.0
TEX,rangers,Globe Life Field,2020,9999,1.5,404.07,8.0
TEX,rangers,Globe Life Field,2020,9999,2.0,404.17,8.0
TEX,rangers,Globe Life Field,2020,9999,2.5,404.27,8.0
TEX,rangers,Globe Life Field,2020,9999,3.0,404.45,8.0
TEX,rangers,Globe Life Field,2020,9999,3.5,404.68,8.0
TEX,rangers,Globe Life Field,2020,9999,4.0,404.91,8.0
TEX,rangers,Globe Life Field,2020,9999,4.5,405.14,8.0
TEX,rangers,Globe Life Field,2020,9999,5.0,405.45,8.0
TEX,rangers,Globe Life Field,2020,9999,5.5,405.85,8.0
TEX,rangers,Globe Life Field,2020,9999,6.0,406.24,8.0
TEX,rangers,Globe Life Field,2020,9999,6.5,406.64,8.0
TEX,rangers,Globe Life Field,2020,9999,7.0,407.08,8.0
TEX,rangers,Globe Life Field,2020,9999,7.5,407.6,8.0
TEX,rangers,Globe Life Field,2020,9999,8.0,408.12,8.0
TEX,rangers,Globe Life Field,2020,9999,8.5,408.64,8.0
TEX,rangers,Globe Life Field,2020,9999,9.0,409.13,8.0
TEX,rangers,Globe Life Field,2020,9999,9.5,409.53,8.0
TEX,rangers,Globe Life Field,2020,9999,10.0,409.93,8.0
TEX,rangers,Globe Life Field,2020,9999,10.5,410.33,8.0
TEX,rangers,Globe Life Field,2020,9999,11.0,410.3,8.0
TEX,rangers,Globe Life Field,2020,9999,11.5,408.36,8.0
TEX,rangers,Globe Life Field,2020,9999,12.0,406.42,8.0
TEX,rangers,Globe Life Field,2020,9999,12.5,404.49,8.0
TEX,rangers,Globe Life Field,2020,9999,13.0,402.44,8.0
TEX,rangers,Globe Life Field,2020,9999,13.5,400.32,8.0
TEX,rangers,Globe Life Field,2020,9999,14.0,398.2,8.0
TEX,rangers,Globe Life Field,2020,9999,14.5,396.09,8.0
TEX,rangers,Globe Life Field,2020,9999,15.0,394.17,8.0
TEX,rangers,Globe Life Field,2020,9999,15.5,392.26,8.0
TEX,rangers,Globe Life Field,2020,9999,16.0,390.35,8.0
TEX,rangers,Globe Life Field,2020,9999,16.5,388.48,8.0
TEX,rangers,Globe Life Field,2020,9999,17.0,386.74,8.0
TEX,rangers,Globe Life Field,2020,9999,17.5,385.0,8.0
TEX,rangers,Globe Life Field,2020,9999,18.0,383.26,8.0
TEX,rangers,Globe Life Field,2020,9999,18.5,381.98,8.0
TEX,rangers,Globe Life Field,2020,9999,19.0,381.4,8.0
TEX,rangers,Globe Life Field,2020,9999,19.5,380.81,8.0
TEX,rangers,Globe Life Field,2020,9999,20.0,380.23,8.0
TEX,rangers,Globe Life Field,2020,9999,20.5,379.88,8.0
TEX,rangers,Globe Life Field,2020,9999,21.0,380.13,8.0
TEX,rangers,Globe Life Field,2020,9999,21.5,380.37,8.0
TEX,rangers,Globe Life Field,2020,9999,22.0,380.61,8.0
TEX,rangers,Globe Life Field,2020,9999,22.5,380.75,8.0
TEX,rangers,Globe Life Field,2020,9999,23.0,379.45,8.0
TEX,rangers,Globe Life Field,2020,9999,23.5,378.14,8.0
TEX,rangers,Globe Life Field,2020,9999,24.0,376.83,8.0
TEX,rangers,Globe Life Field,2020,9999,24.5,375.52,8.0
TEX,rangers,Globe Life Field,2020,9999,25.0,374.37,8.0
TEX,rangers,Globe Life Field,2020,9999,25.5,373.22,8.0
TEX,rangers,Globe Life Field,2020,9999,26.0,372.07,8.0
TEX,rangers,Globe Life Field,2020,9999,26.5,370.93,8.0
TEX,rangers,Globe Life Field,2020,9999,27.0,369.88,8.0
TEX,rangers,Globe Life Field,2020,9999,27.5,368.88,8.0
TEX,rangers,Globe Life Field,2020,9999,28.0,367.89,8.0
TEX,rangers,Globe Life Field,2020,9999,28.5,366.89,8.0
TEX,rangers,Globe Life Field,2020,9999,29.0,365.94,8.0
TEX,rangers,Globe Life Field,2020,9999,29.5,365.1,8.0
TEX,rangers,Globe Life Field,2020,9999,30.0,364.26,8.0
TEX,rangers,Globe Life Field,2020,9999,30.5,363.41,8.0
TEX,rangers,Globe Life Field,2020,9999,31.0,362.57,8.0
TEX,rangers,Globe Life Field,2020,9999,31.5,361.83,8.0
TEX,rangers,Globe Life Field,2020,9999,32.0,361.12,8.0
TEX,rangers,Globe Life Field,2020,9999,32.5,360.41,8.0
TEX,rangers,Globe Life Field,2020,9999,33.0,359.69,8.0
TEX,rangers,Globe Life Field,2020,9999,33.5,359.01,8.0
TEX,rangers,Globe Life Field,2020,9999,34.0,358.43,8.0
TEX,rangers,Globe Life Field,2020,9999,34.5,357.85,8.0
TEX,rangers,Globe Life Field,2020,9999,35.0,357.27,8.0
TEX,rangers,Globe Life Field,2020,9999,35.5,356.69,8.0
TEX,rangers,Globe Life Field,2020,9999,36.0,356.2,8.0
TEX,rangers,Globe Life Field,2020,9999,36.5,355.76,8.0
TEX,rangers,Globe Life Field,2020,9999,37.0,355.33,8.0
TEX,rangers,Globe Life Field,2020,9999,37.5,354.89,8.0
TEX,rangers,Globe Life Field,2020,9999,38.0,354.45,8.0
TEX,rangers,Globe Life Field,2020,9999,38.5,354.12,8.0
TEX,rangers,Globe Life Field,2020,9999,39.0,353.81,8.0
TEX,rangers,Globe Life Field,2020,9999,39.5,353.49,8.0
TEX,rangers,Globe Life Field,2020,9999,40.0,353.17,8.0
TEX,rangers,Globe Life Field,2020,9999,40.5,352.8,8.0
TEX,rangers,Globe Life Field,2020,9999,41.0,352.2,8.0
TEX,rangers,Globe Life Field,2020,9999,41.5,351.61,8.0
TEX,rangers,Globe Life Field,2020,9999,42.0,351.01,8.0
TEX,rangers,Globe Life Field,2020,9999,42.5,350.41,8.0
TEX,rangers,Globe Life Field,2020,9999,43.0,348.55,8.0
TEX,rangers,Globe Life Field,2020,9999,43.5,346.01,8.0
TEX,rangers,Globe Life Field,2020,9999,44.0,343.47,8.0
TEX,rangers,Globe Life Field,2020,9999,44.5,340.93,8.0
TEX,rangers,Globe Life Field,2020,9999,45.0,338.45,8.0
TB,rays,Tropicana Field,2015,9999,-45.0,332.74,11.17
TB,rays,Tropicana Field,2015,9999,-44.5,336.53,11.17
TB,rays,Tropicana Field,2015,9999,-44.0,340.31,11.17
TB,rays,Tropicana Field,2015,9999,-43.5,343.82,11.17
TB,rays,Tropicana Field,2015,9999,-43.0,345.06,11.17
TB,rays,Tropicana Field,2015,9999,-42.5,346.3,11.17
TB,rays,Tropicana Field,2015,9999,-42.0,347.54,11.17
TB,rays,Tropicana Field,2015,9999,-41.5,348.78,11.17
TB,rays,Tropicana Field,2015,9999,-41.0,349.29,11.17
TB,rays,Tropicana Field,2015,9999,-40.5,349.54,11.17
TB,rays,Tropicana Field,2015,9999,-40.0,349.79,11.17
TB,rays,Tropicana Field,2015,9999,-39.5,350.04,11.17
TB,rays,Tropicana Field,2015,9999,-39.0,350.29,11.17
TB,rays,Tropicana Field,2015,9999,-38.5,350.65,11.17
TB,rays,Tropicana Field,2015,9999,-38.0,351.02,6.0
TB,rays,Tropicana Field,2015,9999,-37.5,351.4,6.0
TB,rays,Tropicana Field,2015,9999,-37.0,351.77,6.0
TB,rays,Tropicana Field,2015,9999,-36.5,352.15,6.0
TB,rays,Tropicana Field,2015,9999,-36.0,352.65,6.0
TB,rays,Tropicana Field,2015,9999,-35.5,353.16,6.0
TB,rays,Tropicana Field,2015,9999,-35.0,353.66,6.0
TB,rays,Tropicana Field,2015,9999,-34.5,354.16,6.0
TB,rays,Tropicana Field,2015,9999,-34.0,354.71,6.0
TB,rays,Tropicana Field,2015,9999,-33.5,355.38,6.0
TB,rays,Tropicana Field,2015,9999,-33.0,356.05,6.0
TB,rays,Tropicana Field,2015,9999,-32.5,356.72,6.0
TB,rays,Tropicana Field,2015,9999,-32.0,357.39,6.0
TB,rays,Tropicana Field,2015,9999,-31.5,358.11,6.0
TB,rays,Tropicana Field,2015,9999,-31.0,358.86,6.0
TB,rays,Tropicana Field,2015,9999,-30.5,359.61,6.0
TB,rays,Tropicana Field,2015,9999,-30.0,360.37,6.0
TB,rays,Tropicana Field,2015,9999,-29.5,361.12,6.0
TB,rays,Tropicana Field,2015,9999,-29.0,362.04,6.0
TB,rays,Tropicana Field,2015,9999,-28.5,362.95,6.0
TB,rays,Tropicana Field,2015,9999,-28.0,363.87,6.0
TB,rays,Tropicana Field,2015,9999,-27.5,364.78,6.0
TB,rays,Tropicana Field,2015,9999,-27.0,365.79,6.0
TB,rays,Tropicana Field,2015,9999,-26.5,366.88,6.0
TB,rays,Tropicana Field,2015,9999,-26.0,367.98,6.0
TB,rays,Tropicana Field,2015,9999,-25.5,369.08,6.0
TB,rays,Tropicana Field,2015,9999,-25.0,370.18,6.0
TB,rays,Tropicana Field,2015,9999,-24.5,371.42,6.0
TB,rays,Tropicana Field,2015,9999,-24.0,372.66,6.0
TB,rays,Tropicana Field,2015,9999,-23.5,373.9,6.0
TB,rays,Tropicana Field,2015,9999,-23.0,375.14,6.0
TB,rays,Tropicana Field,2015,9999,-22.5,376.49,6.0
TB,rays,Tropicana Field,2015,9999,-22.0,377.87,6.0
TB,rays,Tropicana Field,2015,9999,-21.5,379.25,6.0
TB,rays,Tropicana Field,2015,9999,-21.0,380.63,6.0
TB,rays,Tropicana Field,2015,9999,-20.5,382.15,6.0
TB,rays,Tropicana Field,2015,9999,-20.0,383.74,6.0
TB,rays,Tropicana Field,2015,9999,-19.5,385.33,6.0
TB,rays,Tropicana Field,2015,9999,-19.0,386.92,6.0
TB,rays,Tropicana Field,2015,9999,-18.5,388.61,6.0
TB,rays,Tropicana Field,2015,9999,-18.0,390.35,6.0
TB,rays,Tropicana Field,2015,9999,-17.5,392.08,6.0
TB,rays,Tropicana Field,2015,9999,-17.0,393.82,6.0
TB,rays,Tropicana Field,2015,9999,-16.5,395.68,6.0
TB,rays,Tropicana Field,2015,9999,-16.0,397.58,6.0
TB,rays,Tropicana Field,2015,9999,-15.5,399.48,6.0
TB,rays,Tropicana Field,2015,9999,-15.0,401.38,6.0
TB,rays,Tropicana Field,2015,9999,-14.5,403.27,6.0
TB,rays,Tropicana Field,2015,9999,-14.0,405.15,6.0
TB,rays,Tropicana Field,2015,9999,-13.5,407.03,6.0
TB,rays,Tropicana Field,2015,9999,-13.0,408.86,6.0
TB,rays,Tropicana Field,2015,9999,-12.5,410.57,6.0
TB,rays,Tropicana Field,2015,9999,-12.0,412.28,6.0
TB,rays,Tropicana Field,2015,9999,-11.5,413.98,6.0
TB,rays,Tropicana Field,2015,9999,-11.0,415.29,6.0
TB,rays,Tropicana Field,2015,9999,-10.5,416.33,6.0
TB,rays,Tropicana Field,2015,9999,-10.0,417.37,6.0
TB,rays,Tropicana Field,2015,9999,-9.5,418.32,6.0
TB,rays,Tropicana Field,2015,9999,-9.0,417.66,6.0
TB,rays,Tropicana Field,2015,9999,-8.5,416.99,6.0
TB,rays,Tropicana Field,2015,9999,-8.0,416.33,6.0
TB,rays,Tropicana Field,2015,9999,-7.5,415.67,6.0
TB,rays,Tropicana Field,2015,9999,-7.0,415.13,6.0
TB,rays,Tropicana Field,2015,9999,-6.5,414.6,6.0
TB,rays,Tropicana Field,2015,9999,-6.0,414.06,6.0
TB,rays,Tropicana Field,2015,9999,-5.5,413.52,6.0
TB,rays,Tropicana Field,2015,9999,-5.0,413.12,6.0
TB,rays,Tropicana Field,2015,9999,-4.5,412.72,6.0
TB,rays,Tropicana Field,2015,9999,-4.0,412.32,6.0
TB,rays,Tropicana Field,2015,9999,-3.5,411.92,6.0
TB,rays,Tropicana Field,2015,9999,-3.0,411.62,6.0
TB,rays,Tropicana Field,2015,9999,-2.5,411.35,6.0
TB,rays,Tropicana Field,2015,9999,-2.0,411.07,6.0
TB,rays,Tropicana Field,2015,9999,-1.5,410.79,6.0
TB,rays,Tropicana Field,2015,9999,-1.0,410.61,6.0
TB,rays,Tropicana Field,2015,9999,-0.5,410.46,6.0
TB,rays,Tropicana Field,2015,9999,0.0,410.32,6.0
TB,rays,Tropicana Field,2015,9999,0.5,410.17,6.0
TB,rays,Tropicana Field,2015,9999,1.0,410.1,6.0
TB,rays,Tropicana Field,2015,9999,1.5,410.09,6.0
TB,rays,Tropicana Field,2015,9999,2.0,410.08,6.0
TB,rays,Tropicana Field,2015,9999,2.5,410.07,6.0
TB,rays,Tropicana Field,2015,9999,3.0,410.11,6.0
TB,rays,Tropicana Field,2015,9999,3.5,410.23,6.0
TB,rays,Tropicana Field,2015,9999,4.0,410.36,6.0
TB,rays,Tropicana Field,2015,9999,4.5,410.48,6.0
TB,rays,Tropicana Field,2015,9999,5.0,410.64,6.0
TB,rays,Tropicana Field,2015,9999,5.5,410.88,6.0
TB,rays,Tropicana Field,2015,9999,6.0,411.13,6.0
TB,rays,Tropicana Field,2015,9999,6.5,411.38,6.0
TB,rays,Tropicana Field,2015,9999,7.0,411.62,6.0
TB,rays,Tropicana Field,2015,9999,7.5,411.72,6.0
TB,rays,Tropicana Field,2015,9999,8.0,411.82,6.0
TB,rays,Tropicana Field,2015,9999,8.5,411.93,6.0
TB,rays,Tropicana Field,2015,9999,9.0,412.03,6.0
TB,rays,Tropicana Field,2015,9999,9.5,410.54,6.0
TB,rays,Tropicana Field,2015,9999,10.0,409.0,6.0
TB,rays,Tropicana Field,2015,9999,10.5,407.46,6.0
TB,rays,Tropicana Field,2015,9999,11.0,405.86,6.0
TB,rays,Tropicana Field,2015,9999,11.5,403.97,6.0
TB,rays,Tropicana Field,2015,9999,12.0,402.09,6.0
TB,rays,Tropicana Field,2015,9999,12.5,400.2,6.0
TB,rays,Tropicana Field,2015,9999,13.0,398.22,6.0
TB,rays,Tropicana Field,2015,9999,13.5,396.11,6.0
TB,rays,Tropicana Field,2015,9999,14.0,394.01,6.0
TB,rays,Tropicana Field,2015,9999,14.5,391.9,6.0
TB,rays,Tropicana Field,2015,9999,15.0,389.93,6.0
TB,rays,Tropicana Field,2015,9999,15.5,388.01,6.0
TB,rays,Tropicana Field,2015,9999,16.0,386.09,6.0
TB,rays,Tropicana Field,2015,9999,16.5,384.16,6.0
TB,rays,Tropicana Field,2015,9999,17.0,382.42,6.0
TB,rays,Tropicana Field,2015,9999,17.5,380.7,6.0
TB,rays,Tropicana Field,2015,9999,18.0,378.97,6.0
TB,rays,Tropicana Field,2015,9999,18.5,377.24,6.0
TB,rays,Tropicana Field,2015,9999,19.0,375.7,6.0
TB,rays,Tropicana Field,2015,9999,19.5,374.17,6.0
TB,rays,Tropicana Field,2015,9999,20.0,372.64,6.0
TB,rays,Tropicana Field,2015,9999,20.5,371.11,6.0
TB,rays,Tropicana Field,2015,9999,21.0,369.68,6.0
TB,rays,Tropicana Field,2015,9999,21.5,368.27,6.0
TB,rays,Tropicana Field,2015,9999,22.0,366.85,6.0
TB,rays,Tropicana Field,2015,9999,22.5,365.44,6.0
TB,rays,Tropicana Field,2015,9999,23.0,364.14,6.0
TB,rays,Tropicana Field,2015,9999,23.5,362.91,6.0
TB,rays,Tropicana Field,2015,9999,24.0,361.69,6.0
TB,rays,Tropicana Field,2015,9999,24.5,360.46,6.0
TB,rays,Tropicana Field,2015,9999,25.0,359.26,6.0
TB,rays,Tropicana Field,2015,9999,25.5,358.19,6.0
TB,rays,Tropicana Field,2015,9999,26.0,357.12,6.0
TB,rays,Tropicana Field,2015,9999,26.5,356.05,6.0
TB,rays,Tropicana Field,2015,9999,27.0,354.97,6.0
TB,rays,Tropicana Field,2015,9999,27.5,354.0,6.0
TB,rays,Tropicana Field,2015,9999,28.0,353.08,6.0
TB,rays,Tropicana Field,2015,9999,28.5,352.16,6.0
TB,rays,Tropicana Field,2015,9999,29.0,351.24,6.0
TB,rays,Tropicana Field,2015,9999,29.5,350.33,6.0
TB,rays,Tropicana Field,2015,9999,30.0,349.54,6.0
TB,rays,Tropicana Field,2015,9999,30.5,348.76,6.0
TB,rays,Tropicana Field,2015,9999,31.0,347.98,6.0
TB,rays,Tropicana Field,2015,9999,31.5,347.2,6.0
TB,rays,Tropicana Field,2015,9999,32.0,346.45,6.0
TB,rays,Tropicana Field,2015,9999,32.5,345.8,6.0
TB,rays,Tropicana Field,2015,9999,33.0,345.15,6.0
TB,rays,Tropicana Field,2015,9999,33.5,344.51,6.0
TB,rays,Tropicana Field,2015,9999,34.0,343.86,6.0
TB,rays,Tropicana Field,2015,9999,34.5,343.28,6.0
TB,rays,Tropicana Field,2015,9999,35.0,342.8,6.0
TB,rays,Tropicana Field,2015,9999,35.5,342.32,6.0
TB,rays,Tropicana Field,2015,9999,36.0,341.83,6.0
TB,rays,Tropicana Field,2015,9999,36.5,341.35,6.0
TB,rays,Tropicana Field,2015,9999,37.0,340.93,6.0
TB,rays,Tropicana Field,2015,9999,37.5,340.56,6.0
TB,rays,Tropicana Field,2015,9999,38.0,340.19,6.0
TB,rays,Tropicana Field,2015,9999,38.5,339.82,6.0
TB,rays,Tropicana Field,2015,9999,39.0,339.45,6.0
TB,rays,Tropicana Field,2015,9999,39.5,339.15,6.0
TB,rays,Tropicana Field,2015,9999,40.0,338.89,6.0
TB,rays,Tropicana Field,2015,9999,40.5,338.63,6.0
TB,rays,Tropicana Field,2015,9999,41.0,338.37,6.0
TB,rays,Tropicana Field,2015,9999,41.5,338.12,6.0
TB,rays,Tropicana Field,2015,9999,42.0,337.95,6.0
TB,rays,Tropicana Field,2015,9999,42.5,337.85,6.0
TB,rays,Tropicana Field,2015,9999,43.0,337.76,6.0
TB,rays,Tropicana Field,2015,9999,43.5,337.66,6.0
TB,rays,Tropicana Field,2015,9999,44.0,337.56,6.0
TB,rays,Tropicana Field,2015,9999,44.5,336.39,6.0
TB,rays,Tropicana Field,2015,9999,45.0,334.1,6.0
BOS,red_sox,Fenway Park,2015,9999,-45.0,310.84,37.0
BOS,red_sox,Fenway Park,2015,9999,-44.5,311.15,37.0
BOS,red_sox,Fenway Park,2015,9999,-44.0,311.23,37.0
BOS,red_sox,Fenway Park,2015,9999,-43.5,311.32,37.0
BOS,red_sox,Fenway Park,2015,9999,-43.0,311.41,37.0
BOS,red_sox,Fenway Park,2015,9999,-42.5,311.5,37.0
BOS,red_sox,Fenway Park,2015,9999,-42.0,311.59,37.0
BOS,red_sox,Fenway Park,2015,9999,-41.5,311.79,37.0
BOS,red_sox,Fenway Park,2015,9999,-41.0,311.99,37.0
BOS,red_sox,Fenway Park,2015,9999,-40.5,312.19,37.0
BOS,red_sox,Fenway Park,2015,9999,-40.0,312.39,37.0
BOS,red_sox,Fenway Park,2015,9999,-39.5,312.59,37.0
BOS,red_sox,Fenway Park,2015,9999,-39.0,312.87,37.0
BOS,red_sox,Fenway Park,2015,9999,-38.5,313.2,37.0
BOS,red_sox,Fenway Park,2015,9999,-38.0,313.54,37.0
BOS,red_sox,Fenway Park,2015,9999,-37.5,313.87,37.0
BOS,red_sox,Fenway Park,2015,9999,-37.0,314.21,37.0
BOS,red_sox,Fenway Park,2015,9999,-36.5,314.58,37.0
BOS,red_sox,Fenway Park,2015,9999,-36.0,315.05,37.0
BOS,red_sox,Fenway Park,2015,9999,-35.5,315.52,37.0
BOS,red_sox,Fenway Park,2015,9999,-35.0,316.0,37.0
BOS,red_sox,Fenway Park,2015,9999,-34.5,316.47,37.0
BOS,red_sox,Fenway Park,2015,9999,-34.0,316.94,37.0
BOS,red_sox,Fenway Park,2015,9999,-33.5,317.54,37.0
BOS,red_sox,Fenway Park,2015,9999,-33.0,318.13,37.0
BOS,red_sox,Fenway Park,2015,9999,-32.5,318.73,37.0
BOS,red_sox,Fenway Park,2015,9999,-32.0,319.33,37.0
BOS,red_sox,Fenway Park,2015,9999,-31.5,319.92,37.0
BOS,red_sox,Fenway Park,2015,9999,-31.0,320.64,37.0
BOS,red_sox,Fenway Park,2015,9999,-30.5,321.39,37.0
BOS,red_sox,Fenway Park,2015,9999,-30.0,322.14,37.0
BOS,red_sox,Fenway Park,2015,9999,-29.5,322.89,37.0
BOS,red_sox,Fenway Park,2015,9999,-29.0,323.64,37.0
BOS,red_sox,Fenway Park,2015,9999,-28.5,324.5,37.0
BOS,red_sox,Fenway Park,2015,9999,-28.0,325.41,37.0
BOS,red_sox,Fenway Park,2015,9999,-27.5,326.32,37.0
BOS,red_sox,Fenway Park,2015,9999,-27.0,327.22,37.0
BOS,red_sox,Fenway Park,2015,9999,-26.5,328.13,37.0
BOS,red_sox,Fenway Park,2015,9999,-26.0,329.13,17.0
BOS,red_sox,Fenway Park,2015,9999,-25.5,330.15,17.0
BOS,red_sox,Fenway Park,2015,9999,-25.0,331.18,17.0
BOS,red_sox,Fenway Park,2015,9999,-24.5,332.2,17.0
BOS,red_sox,Fenway Park,2015,9999,-24.0,333.23,17.0
BOS,red_sox,Fenway Park,2015,9999,-23.5,334.38,17.0
BOS,red_sox,Fenway Park,2015,9999,-23.0,335.53,17.0
BOS,red_sox,Fenway Park,2015,9999,-22.5,336.68,17.0
BOS,red_sox,Fenway Park,2015,9999,-22.0,337.83,17.0
BOS,red_sox,Fenway Park,2015,9999,-21.5,339.06,17.0
BOS,red_sox,Fenway Park,2015,9999,-21.0,340.44,17.0
BOS,red_sox,Fenway Park,2015,9999,-20.5,341.82,17.0
BOS,red_sox,Fenway Park,2015,9999,-20.0,343.21,17.0
BOS,red_sox,Fenway Park,2015,9999,-19.5,344.59,17.0
BOS,red_sox,Fenway Park,2015,9999,-19.0,346.11,17.0
BOS,red_sox,Fenway Park,2015,9999,-18.5,347.66,17.0
BOS,red_sox,Fenway Park,2015,9999,-18.0,349.21,17.0
BOS,red_sox,Fenway Park,2015,9999,-17.5,350.76,17.0
BOS,red_sox,Fenway Park,2015,9999,-17.0,352.39,17.0
BOS,red_sox,Fenway Park,2015,9999,-16.5,354.11,17.0
BOS,red_sox,Fenway Park,2015,9999,-16.0,355.83,17.0
BOS,red_sox,Fenway Park,2015,9999,-15.5,357.55,17.0
BOS,red_sox,Fenway Park,2015,9999,-15.0,359.32,17.0
BOS,red_sox,Fenway Park,2015,9999,-14.5,361.2,17.0
BOS,red_sox,Fenway Park,2015,9999,-14.0,363.08,17.0
BOS,red_sox,Fenway Park,2015,9999,-13.5,364.96,17.0
BOS,red_sox,Fenway Park,2015,9999,-13.0,366.92,17.0
BOS,red_sox,Fenway Park,2015,9999,-12.5,369.04,17.0
BOS,red_sox,Fenway Park,2015,9999,-12.0,371.17,17.0
BOS,red_sox,Fenway Park,2015,9999,-11.5,373.29,17.0
BOS,red_sox,Fenway Park,2015,9999,-11.0,375.48,17.0
BOS,red_sox,Fenway Park,2015,9999,-10.5,377.74,17.0
BOS,red_sox,Fenway Park,2015,9999,-10.0,380.0,17.0
BOS,red_sox,Fenway Park,2015,9999,-9.5,382.25,17.0
BOS,red_sox,Fenway Park,2015,9999,-9.0,382.09,17.0
BOS,red_sox,Fenway Park,2015,9999,-8.5,381.54,17.0
BOS,red_sox,Fenway Park,2015,9999,-8.0,380.99,17.0
BOS,red_sox,Fenway Park,2015,9999,-7.5,380.59,17.0
BOS,red_sox,Fenway Park,2015,9999,-7.0,380.35,17.0
BOS,red_sox,Fenway Park,2015,9999,-6.5,380.11,17.0
BOS,red_sox,Fenway Park,2015,9999,-6.0,379.88,17.0
BOS,red_sox,Fenway Park,2015,9999,-5.5,380.01,17.0
BOS,red_sox,Fenway Park,2015,9999,-5.0,380.64,17.0
BOS,red_sox,Fenway Park,2015,9999,-4.5,381.27,17.0
BOS,red_sox,Fenway Park,2015,9999,-4.0,381.91,17.0
BOS,red_sox,Fenway Park,2015,9999,-3.5,382.55,17.0
BOS,red_sox,Fenway Park,2015,9999,-3.0,383.29,17.0
BOS,red_sox,Fenway Park,2015,9999,-2.5,384.04,17.0
BOS,red_sox,Fenway Park,2015,9999,-2.0,384.79,17.0
BOS,red_sox,Fenway Park,2015,9999,-1.5,385.53,17.0
BOS,red_sox,Fenway Park,2015,9999,-1.0,386.4,17.0
BOS,red_sox,Fenway Park,2015,9999,-0.5,387.31,17.0
BOS,red_sox,Fenway Park,2015,9999,0.0,388.21,17.0
BOS,red_sox,Fenway Park,2015,9999,0.5,389.11,17.0
BOS,red_sox,Fenway Park,2015,9999,1.0,390.09,17.0
BOS,red_sox,Fenway Park,2015,9999,1.5,391.11,17.0
BOS,red_sox,Fenway Park,2015,9999,2.0,392.14,17.0
BOS,red_sox,Fenway Park,2015,9999,2.5,393.17,17.0
BOS,red_sox,Fenway Park,2015,9999,3.0,394.26,17.0
BOS,red_sox,Fenway Park,2015,9999,3.5,395.44,17.0
BOS,red_sox,Fenway Park,2015,9999,4.0,396.62,17.0
BOS,red_sox,Fenway Park,2015,9999,4.5,397.8,17.0
BOS,red_sox,Fenway Park,2015,9999,5.0,399.05,17.0
BOS,red_sox,Fenway Park,2015,9999,5.5,400.38,17.0
BOS,red_sox,Fenway Park,2015,9999,6.0,401.72,17.0
BOS,red_sox,Fenway Park,2015,9999,6.5,403.06,17.0
BOS,red_sox,Fenway Park,2015,9999,7.0,404.48,17.0
BOS,red_sox,Fenway Park,2015,9999,7.5,405.99,17.0
BOS,red_sox,Fenway Park,2015,9999,8.0,407.5,17.0
BOS,red_sox,Fenway Park,2015,9999,8.5,409.01,17.0
BOS,red_sox,Fenway Park,2015,9999,9.0,410.62,17.0
BOS,red_sox,Fenway Park,2015,9999,9.5,412.29,17.0
BOS,red_sox,Fenway Park,2015,9999,10.0,413.95,5.0
BOS,red_sox,Fenway Park,2015,9999,10.5,415.61,5.0
BOS,red_sox,Fenway Park,2015,9999,11.0,414.24,5.0
BOS,red_sox,Fenway Park,2015,9999,11.5,412.71,5.0
BOS,red_sox,Fenway Park,2015,9999,12.0,410.98,5.0
BOS,red_sox,Fenway Park,2015,9999,12.5,405.24,5.0
BOS,red_sox,Fenway Park,2015,9999,13.0,399.5,5.0
BOS,red_sox,Fenway Park,2015,9999,13.5,393.85,5.0
BOS,red_sox,Fenway Park,2015,9999,14.0,388.21,5.0
BOS,red_sox,Fenway Park,2015,9999,14.5,385.38,5.0
BOS,red_sox,Fenway Park,2015,9999,15.0,384.19,5.0
BOS,red_sox,Fenway Park,2015,9999,15.5,383.0,5.0
BOS,red_sox,Fenway Park,2015,9999,16.0,381.81,5.0
BOS,red_sox,Fenway Park,2015,9999,16.5,381.07,5.0
BOS,red_sox,Fenway Park,2015,9999,17.0,380.54,5.0
BOS,red_sox,Fenway Park,2015,9999,17.5,380.01,5.0
BOS,red_sox,Fenway Park,2015,9999,18.0,379.48,5.0
BOS,red_sox,Fenway Park,2015,9999,18.5,378.98,5.0
BOS,red_sox,Fenway Park,2015,9999,19.0,378.58,5.0
BOS,red_sox,Fenway Park,2015,9999,19.5,378.17,5.0
BOS,red_sox,Fenway Park,2015,9999,20.0,377.77,5.0
BOS,red_sox,Fenway Park,2015,9999,20.5,377.36,5.0
BOS,red_sox,Fenway Park,2015,9999,21.0,377.08,5.0
BOS,red_sox,Fenway Park,2015,9999,21.5,376.81,5.0
BOS,red_sox,Fenway Park,2015,9999,22.0,376.55,5.0
BOS,red_sox,Fenway Park,2015,9999,22.5,376.28,5.0
BOS,red_sox,Fenway Park,2015,9999,23.0,376.06,5.0
BOS,red_sox,Fenway Park,2015,9999,23.5,375.92,5.0
BOS,red_sox,Fenway Park,2015,9999,24.0,375.77,5.0
BOS,red_sox,Fenway Park,2015,9999,24.5,375.63,5.0
BOS,red_sox,Fenway Park,2015,9999,25.0,375.48,5.0
BOS,red_sox,Fenway Park,2015,9999,25.5,375.45,5.0
BOS,red_sox,Fenway Park,2015,9999,26.0,375.43,5.0
BOS,red_sox,Fenway Park,2015,9999,26.5,375.41,5.0
BOS,red_sox,Fenway Park,2015,9999,27.0,375.39,5.0
BOS,red_sox,Fenway Park,2015,9999,27.5,375.43,5.0
BOS,red_sox,Fenway Park,2015,9999,28.0,375.54,5.0
BOS,red_sox,Fenway Park,2015,9999,28.5,375.66,5.0
BOS,red_sox,Fenway Park,2015,9999,29.0,375.77,5.0
BOS,red_sox,Fenway Park,2015,9999,29.5,375.89,5.0
BOS,red_sox,Fenway Park,2015,9999,30.0,376.12,3.0
BOS,red_sox,Fenway Park,2015,9999,30.5,376.36,3.0
BOS,red_sox,Fenway Park,2015,9999,31.0,376.61,3.0
BOS,red_sox,Fenway Park,2015,9999,31.5,376.85,3.0
BOS,red_sox,Fenway Park,2015,9999,32.0,377.15,3.0
BOS,red_sox,Fenway Park,2015,9999,32.5,377.54,3.0
BOS,red_sox,Fenway Park,2015,9999,33.0,377.92,3.0
BOS,red_sox,Fenway Park,2015,9999,33.5,378.3,3.0
BOS,red_sox,Fenway Park,2015,9999,34.0,378.68,3.0
BOS,red_sox,Fenway Park,2015,9999,34.5,379.19,3.0
BOS,red_sox,Fenway Park,2015,9999,35.0,379.71,3.0
BOS,red_sox,Fenway Park,2015,9999,35.5,380.22,3.0
BOS,red_sox,Fenway Park,2015,9999,36.0,380.73,3.0
BOS,red_sox,Fenway Park,2015,9999,36.5,381.29,3.0
BOS,red_sox,Fenway Park,2015,9999,37.0,381.87,3.0
BOS,red_sox,Fenway Park,2015,9999,37.5,382.45,3.0
BOS,red_sox,Fenway Park,2015,9999,38.0,383.03,3.0
BOS,red_sox,Fenway Park,2015,9999,38.5,383.22,3.0
BOS,red_sox,Fenway Park,2015,9999,39.0,382.46,3.0
BOS,red_sox,Fenway Park,2015,9999,39.5,381.7,3.0
BOS,red_sox,Fenway Park,2015,9999,40.0,380.93,3.0
BOS,red_sox,Fenway Park,2015,9999,40.5,380.14,3.0
BOS,red_sox,Fenway Park,2015,9999,41.0,377.67,3.0
BOS,red_sox,Fenway Park,2015,9999,41.5,375.2,3.0
BOS,red_sox,Fenway Park,2015,9999,42.0,372.73,3.0
BOS,red_sox,Fenway Park,2015,9999,42.5,368.37,3.0
BOS,red_sox,Fenway Park,2015,9999,43.0,361.79,3.0
BOS,red_sox,Fenway Park,2015,9999,43.5,354.38,3.0
BOS,red_sox,Fenway Park,2015,9999,44.0,345.98,3.0
BOS,red_sox,Fenway Park,2015,9999,44.5,337.67,3.0
BOS,red_sox,Fenway Park,2015,9999,45.0,329.49,3.0
CIN,reds,Great American Ball Park,2015,9999,-45.0,334.66,12.0
CIN,reds,Great American Ball Park,2015,9999,-44.5,336.12,12.0
CIN,reds,Great American Ball Park,2015,9999,-44.0,337.58,12.0
CIN,reds,Great American Ball Park,2015,9999,-43.5,339.03,12.0
CIN,reds,Great American Ball Park,2015,9999,-43.0,339.45,12.0
CIN,reds,Great American Ball Park,2015,9999,-42.5,339.86,12.0
CIN,reds,Great American Ball Park,2015,9999,-42.0,340.26,12.0
CIN,reds,Great American Ball Park,2015,9999,-41.5,340.67,12.0
CIN,reds,Great American Ball Park,2015,9999,-41.0,341.03,12.0
CIN,reds,Great American Ball Park,2015,9999,-40.5,341.3,12.0
CIN,reds,Great American Ball Park,2015,9999,-40.0,341.56,12.0
CIN,reds,Great American Ball Park,2015,9999,-39.5,341.83,12.0
CIN,reds,Great American Ball Park,2015,9999,-39.0,342.09,12.0
CIN,reds,Great American Ball Park,2015,9999,-38.5,342.42,12.0
CIN,reds,Great American Ball Park,2015,9999,-38.0,342.8,12.0
CIN,reds,Great American Ball Park,2015,9999,-37.5,343.18,12.0
CIN,reds,Great American Ball Park,2015,9999,-37.0,343.57,12.0
CIN,reds,Great American Ball Park,2015,9999,-36.5,343.95,12.0
CIN,reds,Great American Ball Park,2015,9999,-36.0,344.46,12.0
CIN,reds,Great American Ball Park,2015,9999,-35.5,344.98,12.0
CIN,reds,Great American Ball Park,2015,9999,-35.0,345.51,9.0
CIN,reds,Great American Ball Park,2015,9999,-34.5,346.04,9.0
CIN,reds,Great American Ball Park,2015,9999,-34.0,346.59,9.0
CIN,reds,Great American Ball Park,2015,9999,-33.5,347.21,9.0
CIN,reds,Great American Ball Park,2015,9999,-33.0,347.82,9.0
CIN,reds,Great American Ball Park,2015,9999,-32.5,348.44,9.0
CIN,reds,Great American Ball Park,2015,9999,-32.0,349.06,9.0
CIN,reds,Great American Ball Park,2015,9999,-31.5,349.78,9.0
CIN,reds,Great American Ball Park,2015,9999,-31.0,350.56,9.0
CIN,reds,Great American Ball Park,2015,9999,-30.5,351.35,9.0
CIN,reds,Great American Ball Park,2015,9999,-30.0,352.14,9.0
CIN,reds,Great American Ball Park,2015,9999,-29.5,352.94,9.0
CIN,reds,Great American Ball Park,2015,9999,-29.0,353.86,9.0
CIN,reds,Great American Ball Park,2015,9999,-28.5,354.78,9.0
CIN,reds,Great American Ball Park,2015,9999,-28.0,355.7,9.0
CIN,reds,Great American Ball Park,2015,9999,-27.5,356.61,9.0
CIN,reds,Great American Ball Park,2015,9999,-27.0,357.62,9.0
CIN,reds,Great American Ball Park,2015,9999,-26.5,358.66,9.0
CIN,reds,Great American Ball Park,2015,9999,-26.0,359.7,9.0
CIN,reds,Great American Ball Park,2015,9999,-25.5,360.74,9.0
CIN,reds,Great American Ball Park,2015,9999,-25.0,361.85,9.0
CIN,reds,Great American Ball Park,2015,9999,-24.5,363.06,9.0
CIN,reds,Great American Ball Park,2015,9999,-24.0,364.27,9.0
CIN,reds,Great American Ball Park,2015,9999,-23.5,365.48,9.0
CIN,reds,Great American Ball Park,2015,9999,-23.0,366.73,9.0
CIN,reds,Great American Ball Park,2015,9999,-22.5,368.13,9.0
CIN,reds,Great American Ball Park,2015,9999,-22.0,369.52,9.0
CIN,reds,Great American Ball Park,2015,9999,-21.5,370.92,9.0
CIN,reds,Great American Ball Park,2015,9999,-21.0,372.34,9.0
CIN,reds,Great American Ball Park,2015,9999,-20.5,373.84,9.0
CIN,reds,Great American Ball Park,2015,9999,-20.0,375.34,9.0
CIN,reds,Great American Ball Park,2015,9999,-19.5,376.84,9.0
CIN,reds,Great American Ball Park,2015,9999,-19.0,378.4,9.0
CIN,reds,Great American Ball Park,2015,9999,-18.5,380.12,9.0
CIN,reds,Great American Ball Park,2015,9999,-18.0,381.83,9.0
CIN,reds,Great American Ball Park,2015,9999,-17.5,383.55,9.0
CIN,reds,Great American Ball Park,2015,9999,-17.0,385.08,9.0
CIN,reds,Great American Ball Park,2015,9999,-16.5,386.42,9.0
CIN,reds,Great American Ball Park,2015,9999,-16.0,387.76,9.0
CIN,reds,Great American Ball Park,2015,9999,-15.5,389.1,9.0
CIN,reds,Great American Ball Park,2015,9999,-15.0,389.76,9.0
CIN,reds,Great American Ball Park,2015,9999,-14.5,389.97,9.0
CIN,reds,Great American Ball Park,2015,9999,-14.0,390.17,9.0
CIN,reds,Great American Ball Park,2015,9999,-13.5,390.38,9.0
CIN,reds,Great American Ball Park,2015,9999,-13.0,390.64,9.0
CIN,reds,Great American Ball Park,2015,9999,-12.5,390.98,9.0
CIN,reds,Great American Ball Park,2015,9999,-12.0,391.32,9.0
CIN,reds,Great American Ball Park,2015,9999,-11.5,391.65,9.0
CIN,reds,Great American Ball Park,2015,9999,-11.0,392.03,9.0
CIN,reds,Great American Ball Park,2015,9999,-10.5,392.49,9.0
CIN,reds,Great American Ball Park,2015,9999,-10.0,392.96,9.0
CIN,reds,Great American Ball Park,2015,9999,-9.5,393.43,9.0
CIN,reds,Great American Ball Park,2015,9999,-9.0,393.92,9.0
CIN,reds,Great American Ball Park,2015,9999,-8.5,394.51,9.0
CIN,reds,Great American Ball Park,2015,9999,-8.0,395.1,9.0
CIN,reds,Great American Ball Park,2015,9999,-7.5,395.69,9.0
CIN,reds,Great American Ball Park,2015,9999,-7.0,396.3,9.0
CIN,reds,Great American Ball Park,2015,9999,-6.5,397.03,9.0
CIN,reds,Great American Ball Park,2015,9999,-6.0,397.76,9.0
CIN,reds,Great American Ball Park,2015,9999,-5.5,398.49,9.0
CIN,reds,Great American Ball Park,2015,9999,-5.0,399.23,9.0
CIN,reds,Great American Ball Park,2015,9999,-4.5,400.08,9.0
CIN,reds,Great American Ball Park,2015,9999,-4.0,400.93,9.0
CIN,reds,Great American Ball Park,2015,9999,-3.5,401.77,9.0
CIN,reds,Great American Ball Park,2015,9999,-3.0,402.65,9.0
CIN,reds,Great American Ball Park,2015,9999,-2.5,403.65,9.0
CIN,reds,Great American Ball Park,2015,9999,-2.0,404.65,9.0
CIN,reds,Great American Ball Park,2015,9999,-1.5,405.65,9.0
CIN,reds,Great American Ball Park,2015,9999,-1.0,406.44,9.0
CIN,reds,Great American Ball Park,2015,9999,-0.5,406.8,9.0
CIN,reds,Great American Ball Park,2015,9999,0.0,407.16,9.0
CIN,reds,Great American Ball Park,2015,9999,0.5,407.52,9.0
CIN,reds,Great American Ball Park,2015,9999,1.0,407.24,9.0
CIN,reds,Great American Ball Park,2015,9999,1.5,406.28,9.0
CIN,reds,Great American Ball Park,2015,9999,2.0,405.32,9.0
CIN,reds,Great American Ball Park,2015,9999,2.5,404.36,9.0
CIN,reds,Great American Ball Park,2015,9999,3.0,403.39,9.0
CIN,reds,Great American Ball Park,2015,9999,3.5,402.43,9.0
CIN,reds,Great American Ball Park,2015,9999,4.0,401.47,9.0
CIN,reds,Great American Ball Park,2015,9999,4.5,400.51,9.0
CIN,reds,Great American Ball Park,2015,9999,5.0,399.57,9.0
CIN,reds,Great American Ball Park,2015,9999,5.5,398.63,9.0
CIN,reds,Great American Ball Park,2015,9999,6.0,397.69,9.0
CIN,reds,Great American Ball Park,2015,9999,6.5,396.75,9.0
CIN,reds,Great American Ball Park,2015,9999,7.0,395.69,9.0
CIN,reds,Great American Ball Park,2015,9999,7.5,394.59,9.0
CIN,reds,Great American Ball Park,2015,9999,8.0,393.5,9.0
CIN,reds,Great American Ball Park,2015,9999,8.5,392.4,9.0
CIN,reds,Great American Ball Park,2015,9999,9.0,391.37,9.0
CIN,reds,Great American Ball Park,2015,9999,9.5,390.35,9.0
CIN,reds,Great American Ball Park,2015,9999,10.0,389.33,9.0
CIN,reds,Great American Ball Park,2015,9999,10.5,388.31,9.0
CIN,reds,Great American Ball Park,2015,9999,11.0,387.39,9.0
CIN,reds,Great American Ball Park,2015,9999,11.5,386.48,9.0
CIN,reds,Great American Ball Park,2015,9999,12.0,385.57,9.0
CIN,reds,Great American Ball Park,2015,9999,12.5,384.66,9.0
CIN,reds,Great American Ball Park,2015,9999,13.0,383.64,9.0
CIN,reds,Great American Ball Park,2015,9999,13.5,382.59,9.0
CIN,reds,Great American Ball Park,2015,9999,14.0,381.53,9.0
CIN,reds,Great American Ball Park,2015,9999,14.5,380.48,9.0
CIN,reds,Great American Ball Park,2015,9999,15.0,379.49,9.0
CIN,reds,Great American Ball Park,2015,9999,15.5,378.52,9.0
CIN,reds,Great American Ball Park,2015,9999,16.0,377.55,9.0
CIN,reds,Great American Ball Park,2015,9999,16.5,376.58,9.0
CIN,reds,Great American Ball Park,2015,9999,17.0,375.63,9.0
CIN,reds,Great American Ball Park,2015,9999,17.5,374.68,9.0
CIN,reds,Great American Ball Park,2015,9999,18.0,373.74,9.0
CIN,reds,Great American Ball Park,2015,9999,18.5,372.8,9.0
CIN,reds,Great American Ball Park,2015,9999,19.0,371.88,9.0
CIN,reds,Great American Ball Park,2015,9999,19.5,370.98,9.0
CIN,reds,Great American Ball Park,2015,9999,20.0,370.08,9.0
CIN,reds,Great American Ball Park,2015,9999,20.5,369.19,9.0
CIN,reds,Great American Ball Park,2015,9999,21.0,368.28,9.0
CIN,reds,Great American Ball Park,2015,9999,21.5,367.33,9.0
CIN,reds,Great American Ball Park,2015,9999,22.0,366.38,9.0
CIN,reds,Great American Ball Park,2015,9999,22.5,365.43,9.0
CIN,reds,Great American Ball Park,2015,9999,23.0,364.48,9.0
CIN,reds,Great American Ball Park,2015,9999,23.5,363.63,9.0
CIN,reds,Great American Ball Park,2015,9999,24.0,362.78,9.0
CIN,reds,Great American Ball Park,2015,9999,24.5,361.93,9.0
CIN,reds,Great American Ball Park,2015,9999,25.0,361.09,9.0
CIN,reds,Great American Ball Park,2015,9999,25.5,360.24,9.0
CIN,reds,Great American Ball Park,2015,9999,26.0,359.38,9.0
CIN,reds,Great American Ball Park,2015,9999,26.5,358.53,9.0
CIN,reds,Great American Ball Park,2015,9999,27.0,357.68,9.0
CIN,reds,Great American Ball Park,2015,9999,27.5,356.85,9.0
CIN,reds,Great American Ball Park,2015,9999,28.0,356.11,9.0
CIN,reds,Great American Ball Park,2015,9999,28.5,355.38,9.0
CIN,reds,Great American Ball Park,2015,9999,29.0,354.64,9.0
CIN,reds,Great American Ball Park,2015,9999,29.5,353.9,9.0
CIN,reds,Great American Ball Park,2015,9999,30.0,353.09,9.0
CIN,reds,Great American Ball Park,2015,9999,30.5,352.27,9.0
CIN,reds,Great American Ball Park,2015,9999,31.0,351.45,9.0
CIN,reds,Great American Ball Park,2015,9999,31.5,350.63,9.0
CIN,reds,Great American Ball Park,2015,9999,32.0,349.78,9.0
CIN,reds,Great American Ball Park,2015,9999,32.5,348.87,9.0
CIN,reds,Great American Ball Park,2015,9999,33.0,347.96,9.0
CIN,reds,Great American Ball Park,2015,9999,33.5,347.06,9.0
CIN,reds,Great American Ball Park,2015,9999,34.0,346.15,9.0
CIN,reds,Great American Ball Park,2015,9999,34.5,345.32,9.0
CIN,reds,Great American Ball Park,2015,9999,35.0,344.5,9.0
CIN,reds,Great American Ball Park,2015,9999,35.5,343.69,9.0
CIN,reds,Great American Ball Park,2015,9999,36.0,342.88,9.0
CIN,reds,Great American Ball Park,2015,9999,36.5,342.08,9.0
CIN,reds,Great American Ball Park,2015,9999,37.0,341.31,9.0
CIN,reds,Great American Ball Park,2015,9999,37.5,340.55,9.0
CIN,reds,Great American Ball Park,2015,9999,38.0,339.79,9.0
CIN,reds,Great American Ball Park,2015,9999,38.5,339.03,9.0
CIN,reds,Great American Ball Park,2015,9999,39.0,338.3,9.0
CIN,reds,Great American Ball Park,2015,9999,39.5,337.58,9.0
CIN,reds,Great American Ball Park,2015,9999,40.0,336.87,9.0
CIN,reds,Great American Ball Park,2015,9999,40.5,336.15,9.0
CIN,reds,Great American Ball Park,2015,9999,41.0,335.44,9.0
CIN,reds,Great American Ball Park,2015,9999,41.5,334.75,9.0
CIN,reds,Great American Ball Park,2015,9999,42.0,334.06,9.0
CIN,reds,Great American Ball Park,2015,9999,42.5,333.37,9.0
CIN,reds,Great American Ball Park,2015,9999,43.0,332.69,9.0
CIN,reds,Great American Ball Park,2015,9999,43.5,332.03,9.0
CIN,reds,Great American Ball Park,2015,9999,44.0,331.46,9.0
CIN,reds,Great American Ball Park,2015,9999,44.5,330.89,9.0
CIN,reds,Great American Ball Park,2015,9999,45.0,330.32,9.0
COL,rockies,Coors Field,2015,9999,-45.0,349.09,8.0
COL,rockies,Coors Field,2015,9999,-44.5,349.36,8.0
COL,rockies,Coors Field,2015,9999,-44.0,349.74,8.0
COL,rockies,Coors Field,2015,9999,-43.5,350.14,8.0
COL,rockies,Coors Field,2015,9999,-43.0,350.53,8.0
COL,rockies,Coors Field,2015,9999,-42.5,350.92,8.0
COL,rockies,Coors Field,2015,9999,-42.0,351.33,8.0
COL,rockies,Coors Field,2015,9999,-41.5,351.85,8.0
COL,rockies,Coors Field,2015,9999,-41.0,352.37,8.0
COL,rockies,Coors Field,2015,9999,-40.5,352.89,8.0
COL,rockies,Coors Field,2015,9999,-40.0,353.41,8.0
COL,rockies,Coors Field,2015,9999,-39.5,353.97,8.0
COL,rockies,Coors Field,2015,9999,-39.0,354.6,8.0
COL,rockies,Coors Field,2015,9999,-38.5,355.23,8.0
COL,rockies,Coors Field,2015,9999,-38.0,355.86,8.0
COL,rockies,Coors Field,2015,9999,-37.5,356.49,8.0
COL,rockies,Coors Field,2015,9999,-37.0,357.21,8.0
COL,rockies,Coors Field,2015,9999,-36.5,357.98,8.0
COL,rockies,Coors Field,2015,9999,-36.0,358.75,8.0
COL,rockies,Coors Field,2015,9999,-35.5,359.51,8.0
COL,rockies,Coors Field,2015,9999,-35.0,360.28,8.0
COL,rockies,Coors Field,2015,9999,-34.5,361.2,8.0
COL,rockies,Coors Field,2015,9999,-34.0,362.12,8.0
COL,rockies,Coors Field,2015,9999,-33.5,363.04,8.0
COL,rockies,Coors Field,2015,9999,-33.0,363.97,8.0
COL,rockies,Coors Field,2015,9999,-32.5,364.96,8.0
COL,rockies,Coors Field,2015,9999,-32.0,366.03,8.0
COL,rockies,Coors Field,2015,9999,-31.5,367.09,8.0
COL,rockies,Coors Field,2015,9999,-31.0,368.16,8.0
COL,rockies,Coors Field,2015,9999,-30.5,369.24,8.0
COL,rockies,Coors Field,2015,9999,-30.0,370.5,8.0
COL,rockies,Coors Field,2015,9999,-29.5,371.76,8.0
COL,rockies,Coors Field,2015,9999,-29.0,373.01,8.0
COL,rockies,Coors Field,2015,9999,-28.5,374.27,8.0
COL,rockies,Coors Field,2015,9999,-28.0,375.62,8.0
COL,rockies,Coors Field,2015,9999,-27.5,377.01,8.0
COL,rockies,Coors Field,2015,9999,-27.0,378.39,8.0
COL,rockies,Coors Field,2015,9999,-26.5,379.77,8.0
COL,rockies,Coors Field,2015,9999,-26.0,381.25,8.0
COL,rockies,Coors Field,2015,9999,-25.5,382.78,8.0
COL,rockies,Coors Field,2015,9999,-25.0,384.31,8.0
COL,rockies,Coors Field,2015,9999,-24.5,385.84,8.0
COL,rockies,Coors Field,2015,9999,-24.0,387.49,8.0
COL,rockies,Coors Field,2015,9999,-23.5,389.23,8.0
COL,rockies,Coors Field,2015,9999,-23.0,390.97,8.0
COL,rockies,Coors Field,2015,9999,-22.5,392.71,8.0
COL,rockies,Coors Field,2015,9999,-22.0,394.58,8.0
COL,rockies,Coors Field,2015,9999,-21.5,396.5,8.0
COL,rockies,Coors Field,2015,9999,-21.0,398.42,8.0
COL,rockies,Coors Field,2015,9999,-20.5,400.34,8.0
COL,rockies,Coors Field,2015,9999,-20.0,402.42,8.0
COL,rockies,Coors Field,2015,9999,-19.5,404.51,8.0
COL,rockies,Coors Field,2015,9999,-19.0,406.61,8.0
COL,rockies,Coors Field,2015,9999,-18.5,408.74,8.0
COL,rockies,Coors Field,2015,9999,-18.0,410.99,8.0
COL,rockies,Coors Field,2015,9999,-17.5,413.24,8.0
COL,rockies,Coors Field,2015,9999,-17.0,415.49,8.0
COL,rockies,Coors Field,2015,9999,-16.5,416.5,8.0
COL,rockies,Coors Field,2015,9999,-16.0,417.17,8.0
COL,rockies,Coors Field,2015,9999,-15.5,417.84,8.0
COL,rockies,Coors Field,2015,9999,-15.0,418.51,8.0
COL,rockies,Coors Field,2015,9999,-14.5,418.05,8.0
COL,rockies,Coors Field,2015,9999,-14.0,417.48,8.0
COL,rockies,Coors Field,2015,9999,-13.5,416.91,8.0
COL,rockies,Coors Field,2015,9999,-13.0,416.34,8.0
COL,rockies,Coors Field,2015,9999,-12.5,415.89,8.0
COL,rockies,Coors Field,2015,9999,-12.0,415.45,8.0
COL,rockies,Coors Field,2015,9999,-11.5,415.01,8.0
COL,rockies,Coors Field,2015,9999,-11.0,414.57,8.0
COL,rockies,Coors Field,2015,9999,-10.5,414.23,8.0
COL,rockies,Coors Field,2015,9999,-10.0,413.92,8.0
COL,rockies,Coors Field,2015,9999,-9.5,413.61,8.0
COL,rockies,Coors Field,2015,9999,-9.0,413.3,8.0
COL,rockies,Coors Field,2015,9999,-8.5,413.08,8.0
COL,rockies,Coors Field,2015,9999,-8.0,412.9,8.0
COL,rockies,Coors Field,2015,9999,-7.5,412.72,8.0
COL,rockies,Coors Field,2015,9999,-7.0,412.54,8.0
COL,rockies,Coors Field,2015,9999,-6.5,412.42,8.0
COL,rockies,Coors Field,2015,9999,-6.0,412.37,8.0
COL,rockies,Coors Field,2015,9999,-5.5,412.31,8.0
COL,rockies,Coors Field,2015,9999,-5.0,412.26,8.0
COL,rockies,Coors Field,2015,9999,-4.5,412.25,8.0
COL,rockies,Coors Field,2015,9999,-4.0,412.33,8.0
COL,rockies,Coors Field,2015,9999,-3.5,412.4,8.0
COL,rockies,Coors Field,2015,9999,-3.0,412.47,8.0
COL,rockies,Coors Field,2015,9999,-2.5,412.58,8.0
COL,rockies,Coors Field,2015,9999,-2.0,412.79,8.0
COL,rockies,Coors Field,2015,9999,-1.5,413.0,8.0
COL,rockies,Coors Field,2015,9999,-1.0,413.2,8.0
COL,rockies,Coors Field,2015,9999,-0.5,413.43,8.0
COL,rockies,Coors Field,2015,9999,0.0,413.78,8.0
COL,rockies,Coors Field,2015,9999,0.5,414.12,8.0
COL,rockies,Coors Field,2015,9999,1.0,414.46,8.0
COL,rockies,Coors Field,2015,9999,1.5,414.81,8.0
COL,rockies,Coors Field,2015,9999,2.0,415.29,8.0
COL,rockies,Coors Field,2015,9999,2.5,415.77,8.0
COL,rockies,Coors Field,2015,9999,3.0,416.25,8.0
COL,rockies,Coors Field,2015,9999,3.5,416.73,8.0
COL,rockies,Coors Field,2015,9999,4.0,417.34,8.0
COL,rockies,Coors Field,2015,9999,4.5,417.96,8.0
COL,rockies,Coors Field,2015,9999,5.0,418.57,8.0
COL,rockies,Coors Field,2015,9999,5.5,419.19,8.0
COL,rockies,Coors Field,2015,9999,6.0,419.58,8.0
COL,rockies,Coors Field,2015,9999,6.5,419.95,8.0
COL,rockies,Coors Field,2015,9999,7.0,420.33,8.0
COL,rockies,Coors Field,2015,9999,7.5,420.7,8.0
COL,rockies,Coors Field,2015,9999,8.0,418.95,8.0
COL,rockies,Coors Field,2015,9999,8.5,417.16,8.0
COL,rockies,Coors Field,2015,9999,9.0,415.38,8.0
COL,rockies,Coors Field,2015,9999,9.5,413.51,8.0
COL,rockies,Coors Field,2015,9999,10.0,411.48,8.0
COL,rockies,Coors Field,2015,9999,10.5,409.44,8.0
COL,rockies,Coors Field,2015,9999,11.0,407.41,8.0
COL,rockies,Coors Field,2015,9999,11.5,405.51,8.0
COL,rockies,Coors Field,2015,9999,12.0,403.66,8.0
COL,rockies,Coors Field,2015,9999,12.5,401.81,8.0
COL,rockies,Coors Field,2015,9999,13.0,399.97,8.0
COL,rockies,Coors Field,2015,9999,13.5,398.29,8.0
COL,rockies,Coors Field,2015,9999,14.0,396.61,8.0
COL,rockies,Coors Field,2015,9999,14.5,394.94,8.0
COL,rockies,Coors Field,2015,9999,15.0,393.28,8.0
COL,rockies,Coors Field,2015,9999,15.5,391.76,8.0
COL,rockies,Coors Field,2015,9999,16.0,390.24,8.0
COL,rockies,Coors Field,2015,9999,16.5,388.71,8.0
COL,rockies,Coors Field,2015,9999,17.0,387.21,8.0
COL,rockies,Coors Field,2015,9999,17.5,385.85,8.0
COL,rockies,Coors Field,2015,9999,18.0,384.49,8.0
COL,rockies,Coors Field,2015,9999,18.5,383.13,8.0
COL,rockies,Coors Field,2015,9999,19.0,381.77,8.0
COL,rockies,Coors Field,2015,9999,19.5,380.58,8.0
COL,rockies,Coors Field,2015,9999,20.0,379.39,8.0
COL,rockies,Coors Field,2015,9999,20.5,378.2,8.0
COL,rockies,Coors Field,2015,9999,21.0,377.01,8.0
COL,rockies,Coors Field,2015,9999,21.5,375.94,8.0
COL,rockies,Coors Field,2015,9999,22.0,374.89,8.0
COL,rockies,Coors Field,2015,9999,22.5,373.85,8.0
COL,rockies,Coors Field,2015,9999,23.0,372.8,8.0
COL,rockies,Coors Field,2015,9999,23.5,371.82,8.0
COL,rockies,Coors Field,2015,9999,24.0,370.93,8.0
COL,rockies,Coors Field,2015,9999,24.5,370.04,8.0
COL,rockies,Coors Field,2015,9999,25.0,369.15,8.0
COL,rockies,Coors Field,2015,9999,25.5,368.26,8.0
COL,rockies,Coors Field,2015,9999,26.0,367.5,8.0
COL,rockies,Coors Field,2015,9999,26.5,366.75,8.0
COL,rockies,Coors Field,2015,9999,27.0,366.0,8.0
COL,rockies,Coors Field,2015,9999,27.5,365.25,8.0
COL,rockies,Coors Field,2015,9999,28.0,364.55,8.0
COL,rockies,Coors Field,2015,9999,28.5,363.93,8.0
COL,rockies,Coors Field,2015,9999,29.0,363.3,8.0
COL,rockies,Coors Field,2015,9999,29.5,362.68,8.0
COL,rockies,Coors Field,2015,9999,30.0,362.05,8.0
COL,rockies,Coors Field,2015,9999,30.5,361.53,8.0
COL,rockies,Coors Field,2015,9999,31.0,361.03,8.0
COL,rockies,Coors Field,2015,9999,31.5,360.53,8.0
COL,rockies,Coors Field,2015,9999,32.0,360.02,8.0
COL,rockies,Coors Field,2015,9999,32.5,359.55,8.0
COL,rockies,Coors Field,2015,9999,33.0,359.2,8.0
COL,rockies,Coors Field,2015,9999,33.5,358.86,8.0
COL,rockies,Coors Field,2015,9999,34.0,358.51,8.0
COL,rockies,Coors Field,2015,9999,34.5,358.17,8.0
COL,rockies,Coors Field,2015,9999,35.0,357.88,8.0
COL,rockies,Coors Field,2015,9999,35.5,357.68,8.0
COL,rockies,Coors Field,2015,9999,36.0,357.48,8.0
COL,rockies,Coors Field,2015,9999,36.5,357.27,8.0
COL,rockies,Coors Field,2015,9999,37.0,357.07,8.0
COL,rockies,Coors Field,2015,9999,37.5,356.96,8.0
COL,rockies,Coors Field,2015,9999,38.0,356.9,8.0
COL,rockies,Coors Field,2015,9999,38.5,356.83,8.0
COL,rockies,Coors Field,2015,9999,39.0,356.77,8.0
COL,rockies,Coors Field,2015,9999,39.5,356.7,8.0
COL,rockies,Coors Field,2015,9999,40.0,356.74,8.0
COL,rockies,Coors Field,2015,9999,40.5,356.79,8.0
COL,rockies,Coors Field,2015,9999,41.0,356.84,8.0
COL,rockies,Coors Field,2015,9999,41.5,356.89,8.0
COL,rockies,Coors Field,2015,9999,42.0,356.96,8.0
COL,rockies,Coors Field,2015,9999,42.5,357.14,8.0
COL,rockies,Coors Field,2015,9999,43.0,357.32,8.0
COL,rockies,Coors Field,2015,9999,43.5,357.51,8.0
COL,rockies,Coors Field,2015,9999,44.0,357.69,8.0
COL,rockies,Coors Field,2015,9999,44.5,357.43,8.0
COL,rockies,Coors Field,2015,9999,45.0,356.35,8.0
KC,royals,Kauffman Stadium,2015,9999,-45.0,349.86,8.0
KC,royals,Kauffman Stadium,2015,9999,-44.5,352.69,8.0
KC,royals,Kauffman Stadium,2015,9999,-44.0,355.13,8.0
KC,royals,Kauffman Stadium,2015,9999,-43.5,357.57,8.0
KC,royals,Kauffman Stadium,2015,9999,-43.0,360.02,8.0
KC,royals,Kauffman Stadium,2015,9999,-42.5,361.61,8.0
KC,royals,Kauffman Stadium,2015,9999,-42.0,363.13,8.0
KC,royals,Kauffman Stadium,2015,9999,-41.5,364.64,8.0
KC,royals,Kauffman Stadium,2015,9999,-41.0,366.15,8.0
KC,royals,Kauffman Stadium,2015,9999,-40.5,367.2,8.0
KC,royals,Kauffman Stadium,2015,9999,-40.0,367.97,8.0
KC,royals,Kauffman Stadium,2015,9999,-39.5,368.74,8.0
KC,royals,Kauffman Stadium,2015,9999,-39.0,369.52,8.0
KC,royals,Kauffman Stadium,2015,9999,-38.5,370.26,8.0
KC,royals,Kauffman Stadium,2015,9999,-38.0,370.7,8.0
KC,royals,Kauffman Stadium,2015,9999,-37.5,371.14,8.0
KC,royals,Kauffman Stadium,2015,9999,-37.0,371.58,8.0
KC,royals,Kauffman Stadium,2015,9999,-36.5,372.03,8.0
KC,royals,Kauffman Stadium,2015,9999,-36.0,372.54,8.0
KC,royals,Kauffman Stadium,2015,9999,-35.5,373.13,8.0
KC,royals,Kauffman Stadium,2015,9999,-35.0,373.72,8.0
KC,royals,Kauffman Stadium,2015,9999,-34.5,374.32,8.0
KC,royals,Kauffman Stadium,2015,9999,-34.0,374.91,8.0
KC,royals,Kauffman Stadium,2015,9999,-33.5,375.61,8.0
KC,royals,Kauffman Stadium,2015,9999,-33.0,376.32,8.0
KC,royals,Kauffman Stadium,2015,9999,-32.5,377.03,8.0
KC,royals,Kauffman Stadium,2015,9999,-32.0,377.74,8.0
KC,royals,Kauffman Stadium,2015,9999,-31.5,378.44,8.0
KC,royals,Kauffman Stadium,2015,9999,-31.0,379.13,8.0
KC,royals,Kauffman Stadium,2015,9999,-30.5,379.83,8.0
KC,royals,Kauffman Stadium,2015,9999,-30.0,380.52,8.0
KC,royals,Kauffman Stadium,2015,9999,-29.5,381.22,8.0
KC,royals,Kauffman Stadium,2015,9999,-29.0,382.0,8.0
KC,royals,Kauffman Stadium,2015,9999,-28.5,382.78,8.0
KC,royals,Kauffman Stadium,2015,9999,-28.0,383.57,8.0
KC,royals,Kauffman Stadium,2015,9999,-27.5,384.36,8.0
KC,royals,Kauffman Stadium,2015,9999,-27.0,385.14,8.0
KC,royals,Kauffman Stadium,2015,9999,-26.5,385.94,8.0
KC,royals,Kauffman Stadium,2015,9999,-26.0,386.73,8.0
KC,royals,Kauffman Stadium,2015,9999,-25.5,387.52,8.0
KC,royals,Kauffman Stadium,2015,9999,-25.0,388.34,8.0
KC,royals,Kauffman Stadium,2015,9999,-24.5,389.26,8.0
KC,royals,Kauffman Stadium,2015,9999,-24.0,390.19,8.0
KC,royals,Kauffman Stadium,2015,9999,-23.5,391.12,8.0
KC,royals,Kauffman Stadium,2015,9999,-23.0,392.04,8.0
KC,royals,Kauffman Stadium,2015,9999,-22.5,393.02,8.0
KC,royals,Kauffman Stadium,2015,9999,-22.0,394.01,8.0
KC,royals,Kauffman Stadium,2015,9999,-21.5,394.99,8.0
KC,royals,Kauffman Stadium,2015,9999,-21.0,395.98,8.0
KC,royals,Kauffman Stadium,2015,9999,-20.5,396.9,8.0
KC,royals,Kauffman Stadium,2015,9999,-20.0,397.79,8.0
KC,royals,Kauffman Stadium,2015,9999,-19.5,398.67,8.0
KC,royals,Kauffman Stadium,2015,9999,-19.0,399.56,8.0
KC,royals,Kauffman Stadium,2015,9999,-18.5,400.37,8.0
KC,royals,Kauffman Stadium,2015,9999,-18.0,401.1,8.0
KC,royals,Kauffman Stadium,2015,9999,-17.5,401.82,8.0
KC,royals,Kauffman Stadium,2015,9999,-17.0,402.54,8.0
KC,royals,Kauffman Stadium,2015,9999,-16.5,403.24,8.0
KC,royals,Kauffman Stadium,2015,9999,-16.0,403.85,8.0
KC,royals,Kauffman Stadium,2015,9999,-15.5,404.45,8.0
KC,royals,Kauffman Stadium,2015,9999,-15.0,405.06,8.0
KC,royals,Kauffman Stadium,2015,9999,-14.5,405.66,8.0
KC,royals,Kauffman Stadium,2015,9999,-14.0,406.16,8.0
KC,royals,Kauffman Stadium,2015,9999,-13.5,406.65,8.0
KC,royals,Kauffman Stadium,2015,9999,-13.0,407.14,8.0
KC,royals,Kauffman Stadium,2015,9999,-12.5,407.63,8.0
KC,royals,Kauffman Stadium,2015,9999,-12.0,408.11,8.0
KC,royals,Kauffman Stadium,2015,9999,-11.5,408.58,8.0
KC,royals,Kauffman Stadium,2015,9999,-11.0,409.06,8.0
KC,royals,Kauffman Stadium,2015,9999,-10.5,409.53,8.0
KC,royals,Kauffman Stadium,2015,9999,-10.0,409.93,8.0
KC,royals,Kauffman Stadium,2015,9999,-9.5,410.29,8.0
KC,royals,Kauffman Stadium,2015,9999,-9.0,410.64,8.0
KC,royals,Kauffman Stadium,2015,9999,-8.5,411.0,8.0
KC,royals,Kauffman Stadium,2015,9999,-8.0,411.31,8.0
KC,royals,Kauffman Stadium,2015,9999,-7.5,411.55,8.0
KC,royals,Kauffman Stadium,2015,9999,-7.0,411.79,8.0
KC,royals,Kauffman Stadium,2015,9999,-6.5,412.03,8.0
KC,royals,Kauffman Stadium,2015,9999,-6.0,412.27,8.0
KC,royals,Kauffman Stadium,2015,9999,-5.5,412.47,8.0
KC,royals,Kauffman Stadium,2015,9999,-5.0,412.67,8.0
KC,royals,Kauffman Stadium,2015,9999,-4.5,412.87,8.0
KC,royals,Kauffman Stadium,2015,9999,-4.0,413.06,8.0
KC,royals,Kauffman Stadium,2015,9999,-3.5,413.11,8.0
KC,royals,Kauffman Stadium,2015,9999,-3.0,413.16,8.0
KC,royals,Kauffman Stadium,2015,9999,-2.5,413.2,8.0
KC,royals,Kauffman Stadium,2015,9999,-2.0,413.25,8.0
KC,royals,Kauffman Stadium,2015,9999,-1.5,413.34,8.0
KC,royals,Kauffman Stadium,2015,9999,-1.0,413.43,8.0
KC,royals,Kauffman Stadium,2015,9999,-0.5,413.52,8.0
KC,royals,Kauffman Stadium,2015,9999,0.0,413.62,8.0
KC,royals,Kauffman Stadium,2015,9999,0.5,413.61,8.0
KC,royals,Kauffman Stadium,2015,9999,1.0,413.54,8.0
KC,royals,Kauffman Stadium,2015,9999,1.5,413.48,8.0
KC,royals,Kauffman Stadium,2015,9999,2.0,413.41,8.0
KC,royals,Kauffman Stadium,2015,9999,2.5,413.3,8.0
KC,royals,Kauffman Stadium,2015,9999,3.0,413.13,8.0
KC,royals,Kauffman Stadium,2015,9999,3.5,412.97,8.0
KC,royals,Kauffman Stadium,2015,9999,4.0,412.8,8.0
KC,royals,Kauffman Stadium,2015,9999,4.5,412.6,8.0
KC,royals,Kauffman Stadium,2015,9999,5.0,412.31,8.0
KC,royals,Kauffman Stadium,2015,9999,5.5,412.02,8.0
KC,royals,Kauffman Stadium,2015,9999,6.0,411.73,8.0
KC,royals,Kauffman Stadium,2015,9999,6.5,411.45,8.0
KC,royals,Kauffman Stadium,2015,9999,7.0,411.14,8.0
KC,royals,Kauffman Stadium,2015,9999,7.5,410.83,8.0
KC,royals,Kauffman Stadium,2015,9999,8.0,410.52,8.0
KC,royals,Kauffman Stadium,2015,9999,8.5,410.21,8.0
KC,royals,Kauffman Stadium,2015,9999,9.0,409.82,8.0
KC,royals,Kauffman Stadium,2015,9999,9.5,409.42,8.0
KC,royals,Kauffman Stadium,2015,9999,10.0,409.01,8.0
KC,royals,Kauffman Stadium,2015,9999,10.5,408.61,8.0
KC,royals,Kauffman Stadium,2015,9999,11.0,408.19,8.0
KC,royals,Kauffman Stadium,2015,9999,11.5,407.76,8.0
KC,royals,Kauffman Stadium,2015,9999,12.0,407.32,8.0
KC,royals,Kauffman Stadium,2015,9999,12.5,406.89,8.0
KC,royals,Kauffman Stadium,2015,9999,13.0,406.37,8.0
KC,royals,Kauffman Stadium,2015,9999,13.5,405.76,8.0
KC,royals,Kauffman Stadium,2015,9999,14.0,405.15,8.0
KC,royals,Kauffman Stadium,2015,9999,14.5,404.54,8.0
KC,royals,Kauffman Stadium,2015,9999,15.0,403.91,8.0
KC,royals,Kauffman Stadium,2015,9999,15.5,403.21,8.0
KC,royals,Kauffman Stadium,2015,9999,16.0,402.51,8.0
KC,royals,Kauffman Stadium,2015,9999,16.5,401.82,8.0
KC,royals,Kauffman Stadium,2015,9999,17.0,401.11,8.0
KC,royals,Kauffman Stadium,2015,9999,17.5,400.3,8.0
KC,royals,Kauffman Stadium,2015,9999,18.0,399.48,8.0
KC,royals,Kauffman Stadium,2015,9999,18.5,398.66,8.0
KC,royals,Kauffman Stadium,2015,9999,19.0,397.85,8.0
KC,royals,Kauffman Stadium,2015,9999,19.5,397.05,8.0
KC,royals,Kauffman Stadium,2015,9999,20.0,396.26,8.0
KC,royals,Kauffman Stadium,2015,9999,20.5,395.47,8.0
KC,royals,Kauffman Stadium,2015,9999,21.0,394.68,8.0
KC,royals,Kauffman Stadium,2015,9999,21.5,393.88,8.0
KC,royals,Kauffman Stadium,2015,9999,22.0,393.07,8.0
KC,royals,Kauffman Stadium,2015,9999,22.5,392.27,8.0
KC,royals,Kauffman Stadium,2015,9999,23.0,391.46,8.0
KC,royals,Kauffman Stadium,2015,9999,23.5,390.62,8.0
KC,royals,Kauffman Stadium,2015,9999,24.0,389.72,8.0
KC,royals,Kauffman Stadium,2015,9999,24.5,388.81,8.0
KC,royals,Kauffman Stadium,2015,9999,25.0,387.9,8.0
KC,royals,Kauffman Stadium,2015,9999,25.5,387.0,8.0
KC,royals,Kauffman Stadium,2015,9999,26.0,386.17,8.0
KC,royals,Kauffman Stadium,2015,9999,26.5,385.35,8.0
KC,royals,Kauffman Stadium,2015,9999,27.0,384.52,8.0
KC,royals,Kauffman Stadium,2015,9999,27.5,383.69,8.0
KC,royals,Kauffman Stadium,2015,9999,28.0,382.8,8.0
KC,royals,Kauffman Stadium,2015,9999,28.5,381.88,8.0
KC,royals,Kauffman Stadium,2015,9999,29.0,380.95,8.0
KC,royals,Kauffman Stadium,2015,9999,29.5,380.02,8.0
KC,royals,Kauffman Stadium,2015,9999,30.0,379.12,8.0
KC,royals,Kauffman Stadium,2015,9999,30.5,378.3,8.0
KC,royals,Kauffman Stadium,2015,9999,31.0,377.47,8.0
KC,royals,Kauffman Stadium,2015,9999,31.5,376.65,8.0
KC,royals,Kauffman Stadium,2015,9999,32.0,375.83,8.0
KC,royals,Kauffman Stadium,2015,9999,32.5,375.12,8.0
KC,royals,Kauffman Stadium,2015,9999,33.0,374.43,8.0
KC,royals,Kauffman Stadium,2015,9999,33.5,373.75,8.0
KC,royals,Kauffman Stadium,2015,9999,34.0,373.06,8.0
KC,royals,Kauffman Stadium,2015,9999,34.5,372.42,8.0
KC,royals,Kauffman Stadium,2015,9999,35.0,371.86,8.0
KC,royals,Kauffman Stadium,2015,9999,35.5,371.31,8.0
KC,royals,Kauffman Stadium,2015,9999,36.0,370.75,8.0
KC,royals,Kauffman Stadium,2015,9999,36.5,370.2,8.0
KC,royals,Kauffman Stadium,2015,9999,37.0,369.74,8.0
KC,royals,Kauffman Stadium,2015,9999,37.5,369.33,8.0
KC,royals,Kauffman Stadium,2015,9999,38.0,368.93,8.0
KC,royals,Kauffman Stadium,2015,9999,38.5,368.52,8.0
KC,royals,Kauffman Stadium,2015,9999,39.0,368.09,8.0
KC,royals,Kauffman Stadium,2015,9999,39.5,367.13,8.0
KC,royals,Kauffman Stadium,2015,9999,40.0,366.18,8.0
KC,royals,Kauffman Stadium,2015,9999,40.5,365.22,8.0
KC,royals,Kauffman Stadium,2015,9999,41.0,364.27,8.0
KC,royals,Kauffman Stadium,2015,9999,41.5,362.92,8.0
KC,royals,Kauffman Stadium,2015,9999,42.0,361.23,8.0
KC,royals,Kauffman Stadium,2015,9999,42.5,359.53,8.0
KC,royals,Kauffman Stadium,2015,9999,43.0,357.84,8.0
KC,royals,Kauffman Stadium,2015,9999,43.5,355.81,8.0
KC,royals,Kauffman Stadium,2015,9999,44.0,353.01,8.0
KC,royals,Kauffman Stadium,2015,9999,44.5,350.2,8.0
KC,royals,Kauffman Stadium,2015,9999,45.0,347.39,8.0
DET,tigers,Comerica Park,2015,9999,-45.0,347.97,8.0
DET,tigers,Comerica Park,2015,9999,-44.5,348.09,8.0
DET,tigers,Comerica Park,2015,9999,-44.0,348.21,8.0
DET,tigers,Comerica Park,2015,9999,-43.5,348.31,8.0
DET,tigers,Comerica Park,2015,9999,-43.0,348.4,8.0
DET,tigers,Comerica Park,2015,9999,-42.5,348.49,8.0
DET,tigers,Comerica Park,2015,9999,-42.0,348.58,8.0
DET,tigers,Comerica Park,2015,9999,-41.5,348.68,8.0
DET,tigers,Comerica Park,2015,9999,-41.0,348.89,8.0
DET,tigers,Comerica Park,2015,9999,-40.5,349.13,8.0
DET,tigers,Comerica Park,2015,9999,-40.0,349.38,8.0
DET,tigers,Comerica Park,2015,9999,-39.5,349.62,8.0
DET,tigers,Comerica Park,2015,9999,-39.0,349.87,8.0
DET,tigers,Comerica Park,2015,9999,-38.5,350.24,8.0
DET,tigers,Comerica Park,2015,9999,-38.0,350.63,8.0
DET,tigers,Comerica Park,2015,9999,-37.5,351.02,8.0
DET,tigers,Comerica Park,2015,9999,-37.0,351.4,8.0
DET,tigers,Comerica Park,2015,9999,-36.5,351.79,8.0
DET,tigers,Comerica Park,2015,9999,-36.0,352.3,8.0
DET,tigers,Comerica Park,2015,9999,-35.5,352.81,8.0
DET,tigers,Comerica Park,2015,9999,-35.0,353.31,8.0
DET,tigers,Comerica Park,2015,9999,-34.5,353.82,8.0
DET,tigers,Comerica Park,2015,9999,-34.0,354.35,8.0
DET,tigers,Comerica Park,2015,9999,-33.5,354.99,8.0
DET,tigers,Comerica Park,2015,9999,-33.0,355.63,8.0
DET,tigers,Comerica Park,2015,9999,-32.5,356.27,8.0
DET,tigers,Comerica Park,2015,9999,-32.0,356.91,8.0
DET,tigers,Comerica Park,2015,9999,-31.5,357.62,8.0
DET,tigers,Comerica Park,2015,9999,-31.0,358.43,8.0
DET,tigers,Comerica Park,2015,9999,-30.5,359.25,8.0
DET,tigers,Comerica Park,2015,9999,-30.0,360.06,8.0
DET,tigers,Comerica Park,2015,9999,-29.5,360.87,8.0
DET,tigers,Comerica Park,2015,9999,-29.0,361.75,8.0
DET,tigers,Comerica Park,2015,9999,-28.5,362.65,8.0
DET,tigers,Comerica Park,2015,9999,-28.0,363.55,8.0
DET,tigers,Comerica Park,2015,9999,-27.5,364.45,8.0
DET,tigers,Comerica Park,2015,9999,-27.0,365.4,8.0
DET,tigers,Comerica Park,2015,9999,-26.5,366.5,8.0
DET,tigers,Comerica Park,2015,9999,-26.0,367.61,8.0
DET,tigers,Comerica Park,2015,9999,-25.5,368.71,8.0
DET,tigers,Comerica Park,2015,9999,-25.0,369.82,8.0
DET,tigers,Comerica Park,2015,9999,-24.5,371.05,8.0
DET,tigers,Comerica Park,2015,9999,-24.0,372.31,8.0
DET,tigers,Comerica Park,2015,9999,-23.5,373.57,8.0
DET,tigers,Comerica Park,2015,9999,-23.0,374.83,8.0
DET,tigers,Comerica Park,2015,9999,-22.5,376.16,8.0
DET,tigers,Comerica Park,2015,9999,-22.0,377.57,8.0
DET,tigers,Comerica Park,2015,9999,-21.5,378.98,8.0
DET,tigers,Comerica Park,2015,9999,-21.0,380.39,8.0
DET,tigers,Comerica Park,2015,9999,-20.5,381.85,8.0
DET,tigers,Comerica Park,2015,9999,-20.0,383.43,8.0
DET,tigers,Comerica Park,2015,9999,-19.5,385.0,8.0
DET,tigers,Comerica Park,2015,9999,-19.0,386.58,8.0
DET,tigers,Comerica Park,2015,9999,-18.5,388.2,8.0
DET,tigers,Comerica Park,2015,9999,-18.0,389.94,8.0
DET,tigers,Comerica Park,2015,9999,-17.5,391.67,8.0
DET,tigers,Comerica Park,2015,9999,-17.0,393.41,8.0
DET,tigers,Comerica Park,2015,9999,-16.5,395.22,8.0
DET,tigers,Comerica Park,2015,9999,-16.0,397.19,8.0
DET,tigers,Comerica Park,2015,9999,-15.5,399.15,8.0
DET,tigers,Comerica Park,2015,9999,-15.0,401.12,8.0
DET,tigers,Comerica Park,2015,9999,-14.5,403.16,8.0
DET,tigers,Comerica Park,2015,9999,-14.0,405.27,8.0
DET,tigers,Comerica Park,2015,9999,-13.5,407.37,8.0
DET,tigers,Comerica Park,2015,9999,-13.0,409.48,8.0
DET,tigers,Comerica Park,2015,9999,-12.5,411.8,8.0
DET,tigers,Comerica Park,2015,9999,-12.0,414.14,8.0
DET,tigers,Comerica Park,2015,9999,-11.5,416.47,8.0
DET,tigers,Comerica Park,2015,9999,-11.0,418.88,8.0
DET,tigers,Comerica Park,2015,9999,-10.5,421.37,8.0
DET,tigers,Comerica Park,2015,9999,-10.0,423.86,8.0
DET,tigers,Comerica Park,2015,9999,-9.5,426.24,8.0
DET,tigers,Comerica Park,2015,9999,-9.0,426.75,8.0
DET,tigers,Comerica Park,2015,9999,-8.5,427.25,8.0
DET,tigers,Comerica Park,2015,9999,-8.0,427.75,8.0
DET,tigers,Comerica Park,2015,9999,-7.5,428.05,8.0
DET,tigers,Comerica Park,2015,9999,-7.0,427.73,8.0
DET,tigers,Comerica Park,2015,9999,-6.5,427.4,8.0
DET,tigers,Comerica Park,2015,9999,-6.0,427.08,8.0
DET,tigers,Comerica Park,2015,9999,-5.5,426.8,8.0
DET,tigers,Comerica Park,2015,9999,-5.0,426.62,8.0
DET,tigers,Comerica Park,2015,9999,-4.5,426.44,8.0
DET,tigers,Comerica Park,2015,9999,-4.0,426.27,8.0
DET,tigers,Comerica Park,2015,9999,-3.5,426.12,8.0
DET,tigers,Comerica Park,2015,9999,-3.0,426.06,8.0
DET,tigers,Comerica Park,2015,9999,-2.5,426.01,8.0
DET,tigers,Comerica Park,2015,9999,-2.0,425.96,8.0
DET,tigers,Comerica Park,2015,9999,-1.5,425.93,8.0
DET,tigers,Comerica Park,2015,9999,-1.0,426.0,8.0
DET,tigers,Comerica Park,2015,9999,-0.5,426.08,8.0
DET,tigers,Comerica Park,2015,9999,0.0,426.16,8.0
DET,tigers,Comerica Park,2015,9999,0.5,426.25,8.0
DET,tigers,Comerica Park,2015,9999,1.0,426.46,8.0
DET,tigers,Comerica Park,2015,9999,1.5,426.67,8.0
DET,tigers,Comerica Park,2015,9999,2.0,426.88,8.0
DET,tigers,Comerica Park,2015,9999,2.5,427.11,8.0
DET,tigers,Comerica Park,2015,9999,3.0,427.44,8.0
DET,tigers,Comerica Park,2015,9999,3.5,427.78,8.0
DET,tigers,Comerica Park,2015,9999,4.0,428.12,8.0
DET,tigers,Comerica Park,2015,9999,4.5,428.47,8.0
DET,tigers,Comerica Park,2015,9999,5.0,428.93,8.0
DET,tigers,Comerica Park,2015,9999,5.5,429.39,8.0
DET,tigers,Comerica Park,2015,9999,6.0,429.85,8.0
DET,tigers,Comerica Park,2015,9999,6.5,430.33,8.0
DET,tigers,Comerica Park,2015,9999,7.0,430.95,8.0
DET,tigers,Comerica Park,2015,9999,7.5,431.56,8.0
DET,tigers,Comerica Park,2015,9999,8.0,432.18,8.0
DET,tigers,Comerica Park,2015,9999,8.5,432.72,8.0
DET,tigers,Comerica Park,2015,9999,9.0,432.95,8.0
DET,tigers,Comerica Park,2015,9999,9.5,433.19,8.0
DET,tigers,Comerica Park,2015,9999,10.0,433.42,8.0
DET,tigers,Comerica Park,2015,9999,10.5,432.99,8.0
DET,tigers,Comerica Park,2015,9999,11.0,430.56,8.0
DET,tigers,Comerica Park,2015,9999,11.5,428.13,8.0
DET,tigers,Comerica Park,2015,9999,12.0,425.7,8.0
DET,tigers,Comerica Park,2015,9999,12.5,423.39,8.0
DET,tigers,Comerica Park,2015,9999,13.0,421.09,8.0
DET,tigers,Comerica Park,2015,9999,13.5,418.8,8.0
DET,tigers,Comerica Park,2015,9999,14.0,416.58,8.0
DET,tigers,Comerica Park,2015,9999,14.5,414.48,8.0
DET,tigers,Comerica Park,2015,9999,15.0,412.37,8.0
DET,tigers,Comerica Park,2015,9999,15.5,410.26,8.0
DET,tigers,Comerica Park,2015,9999,16.0,408.3,8.0
DET,tigers,Comerica Park,2015,9999,16.5,406.36,8.0
DET,tigers,Comerica Park,2015,9999,17.0,404.43,8.0
DET,tigers,Comerica Park,2015,9999,17.5,402.52,8.0
DET,tigers,Comerica Park,2015,9999,18.0,400.77,8.0
DET,tigers,Comerica Park,2015,9999,18.5,399.02,8.0
DET,tigers,Comerica Park,2015,9999,19.0,397.27,8.0
DET,tigers,Comerica Park,2015,9999,19.5,395.47,8.0
DET,tigers,Comerica Park,2015,9999,20.0,393.52,8.0
DET,tigers,Comerica Park,2015,9999,20.5,391.56,8.0
DET,tigers,Comerica Park,2015,9999,21.0,389.61,8.0
DET,tigers,Comerica Park,2015,9999,21.5,386.64,8.0
DET,tigers,Comerica Park,2015,9999,22.0,382.6,8.0
DET,tigers,Comerica Park,2015,9999,22.5,378.57,8.0
DET,tigers,Comerica Park,2015,9999,23.0,375.13,8.0
DET,tigers,Comerica Park,2015,9999,23.5,372.02,8.0
DET,tigers,Comerica Park,2015,9999,24.0,368.92,8.0
DET,tigers,Comerica Park,2015,9999,24.5,366.54,8.0
DET,tigers,Comerica Park,2015,9999,25.0,365.41,8.0
DET,tigers,Comerica Park,2015,9999,25.5,364.27,8.0
DET,tigers,Comerica Park,2015,9999,26.0,363.14,8.0
DET,tigers,Comerica Park,2015,9999,26.5,362.01,8.0
DET,tigers,Comerica Park,2015,9999,27.0,361.01,8.0
DET,tigers,Comerica Park,2015,9999,27.5,360.02,8.0
DET,tigers,Comerica Park,2015,9999,28.0,359.03,8.0
DET,tigers,Comerica Park,2015,9999,28.5,358.05,8.0
DET,tigers,Comerica Park,2015,9999,29.0,357.11,8.0
DET,tigers,Comerica Park,2015,9999,29.5,356.27,8.0
DET,tigers,Comerica Park,2015,9999,30.0,355.44,8.0
DET,tigers,Comerica Park,2015,9999,30.5,354.6,8.0
DET,tigers,Comerica Park,2015,9999,31.0,353.76,8.0
DET,tigers,Comerica Park,2015,9999,31.5,353.02,8.0
DET,tigers,Comerica Park,2015,9999,32.0,352.32,8.0
DET,tigers,Comerica Park,2015,9999,32.5,351.62,8.0
DET,tigers,Comerica Park,2015,9999,33.0,350.93,8.0
DET,tigers,Comerica Park,2015,9999,33.5,350.23,8.0
DET,tigers,Comerica Park,2015,9999,34.0,349.66,8.0
DET,tigers,Comerica Park,2015,9999,34.5,349.1,8.0
DET,tigers,Comerica Park,2015,9999,35.0,348.55,8.0
DET,tigers,Comerica Park,2015,9999,35.5,347.99,8.0
DET,tigers,Comerica Park,2015,9999,36.0,347.44,8.0
DET,tigers,Comerica Park,2015,9999,36.5,347.03,8.0
DET,tigers,Comerica Park,2015,9999,37.0,346.62,8.0
DET,tigers,Comerica Park,2015,9999,37.5,346.22,8.0
DET,tigers,Comerica Park,2015,9999,38.0,345.81,8.0
DET,tigers,Comerica Park,2015,9999,38.5,345.42,8.0
DET,tigers,Comerica Park,2015,9999,39.0,345.15,8.0
DET,tigers,Comerica Park,2015,9999,39.5,344.89,8.0
DET,tigers,Comerica Park,2015,9999,40.0,344.62,8.0
DET,tigers,Comerica Park,2015,9999,40.5,344.35,8.0
DET,tigers,Comerica Park,2015,9999,41.0,344.1,8.0
DET,tigers,Comerica Park,2015,9999,41.5,343.94,8.0
DET,tigers,Comerica Park,2015,9999,42.0,343.78,8.0
DET,tigers,Comerica Park,2015,9999,42.5,343.62,8.0
DET,tigers,Comerica Park,2015,9999,43.0,343.46,8.0
DET,tigers,Comerica Park,2015,9999,43.5,343.23,8.0
DET,tigers,Comerica Park,2015,9999,44.0,342.59,8.0
DET,tigers,Comerica Park,2015,9999,44.5,341.95,8.0
DET,tigers,Comerica Park,2015,9999,45.0,341.31,8.0
MIN,twins,Target Field,2015,9999,-45.0,341.13,8.0
MIN,twins,Target Field,2015,9999,-44.5,341.36,8.0
MIN,twins,Target Field,2015,9999,-44.0,341.58,8.0
MIN,twins,Target Field,2015,9999,-43.5,341.8,8.0
MIN,twins,Target Field,2015,9999,-43.0,342.12,8.0
MIN,twins,Target Field,2015,9999,-42.5,342.48,8.0
MIN,twins,Target Field,2015,9999,-42.0,342.84,8.0
MIN,twins,Target Field,2015,9999,-41.5,343.19,8.0
MIN,twins,Target Field,2015,9999,-41.0,343.55,8.0
MIN,twins,Target Field,2015,9999,-40.5,344.01,8.0
MIN,twins,Target Field,2015,9999,-40.0,344.49,8.0
MIN,twins,Target Field,2015,9999,-39.5,344.96,8.0
MIN,twins,Target Field,2015,9999,-39.0,345.44,8.0
MIN,twins,Target Field,2015,9999,-38.5,345.93,8.0
MIN,twins,Target Field,2015,9999,-38.0,346.57,8.0
MIN,twins,Target Field,2015,9999,-37.5,347.21,8.0
MIN,twins,Target Field,2015,9999,-37.0,347.84,8.0
MIN,twins,Target Field,2015,9999,-36.5,348.48,8.0
MIN,twins,Target Field,2015,9999,-36.0,349.17,8.0
MIN,twins,Target Field,2015,9999,-35.5,349.92,8.0
MIN,twins,Target Field,2015,9999,-35.0,350.67,8.0
MIN,twins,Target Field,2015,9999,-34.5,351.43,8.0
MIN,twins,Target Field,2015,9999,-34.0,352.18,8.0
MIN,twins,Target Field,2015,9999,-33.5,353.04,8.0
MIN,twins,Target Field,2015,9999,-33.0,353.92,8.0
MIN,twins,Target Field,2015,9999,-32.5,354.79,8.0
MIN,twins,Target Field,2015,9999,-32.0,355.67,8.0
MIN,twins,Target Field,2015,9999,-31.5,356.6,8.0
MIN,twins,Target Field,2015,9999,-31.0,357.6,8.0
MIN,twins,Target Field,2015,9999,-30.5,358.6,8.0
MIN,twins,Target Field,2015,9999,-30.0,359.6,8.0
MIN,twins,Target Field,2015,9999,-29.5,360.61,8.0
MIN,twins,Target Field,2015,9999,-29.0,361.8,8.0
MIN,twins,Target Field,2015,9999,-28.5,362.98,8.0
MIN,twins,Target Field,2015,9999,-28.0,364.17,8.0
MIN,twins,Target Field,2015,9999,-27.5,365.36,8.0
MIN,twins,Target Field,2015,9999,-27.0,366.66,8.0
MIN,twins,Target Field,2015,9999,-26.5,367.99,8.0
MIN,twins,Target Field,2015,9999,-26.0,369.33,8.0
MIN,twins,Target Field,2015,9999,-25.5,370.66,8.0
MIN,twins,Target Field,2015,9999,-25.0,371.97,8.0
MIN,twins,Target Field,2015,9999,-24.5,373.26,8.0
MIN,twins,Target Field,2015,9999,-24.0,374.54,8.0
MIN,twins,Target Field,2015,9999,-23.5,375.83,8.0
MIN,twins,Target Field,2015,9999,-23.0,376.79,8.0
MIN,twins,Target Field,2015,9999,-22.5,377.39,8.0
MIN,twins,Target Field,2015,9999,-22.0,377.99,8.0
MIN,twins,Target Field,2015,9999,-21.5,378.59,8.0
MIN,twins,Target Field,2015,9999,-21.0,379.2,8.0
MIN,twins,Target Field,2015,9999,-20.5,379.84,8.0
MIN,twins,Target Field,2015,9999,-20.0,380.49,8.0
MIN,twins,Target Field,2015,9999,-19.5,381.13,8.0
MIN,twins,Target Field,2015,9999,-19.0,381.77,8.0
MIN,twins,Target Field,2015,9999,-18.5,382.55,8.0
MIN,twins,Target Field,2015,9999,-18.0,383.35,8.0
MIN,twins,Target Field,2015,9999,-17.5,384.14,8.0
MIN,twins,Target Field,2015,9999,-17.0,384.94,8.0
MIN,twins,Target Field,2015,9999,-16.5,385.83,8.0
MIN,twins,Target Field,2015,9999,-16.0,386.75,8.0
MIN,twins,Target Field,2015,9999,-15.5,387.68,8.0
MIN,twins,Target Field,2015,9999,-15.0,388.6,8.0
MIN,twins,Target Field,2015,9999,-14.5,389.6,8.0
MIN,twins,Target Field,2015,9999,-14.0,390.64,8.0
MIN,twins,Target Field,2015,9999,-13.5,391.68,8.0
MIN,twins,Target Field,2015,9999,-13.0,392.72,8.0
MIN,twins,Target Field,2015,9999,-12.5,393.86,8.0
MIN,twins,Target Field,2015,9999,-12.0,395.08,8.0
MIN,twins,Target Field,2015,9999,-11.5,396.29,8.0
MIN,twins,Target Field,2015,9999,-11.0,397.51,8.0
MIN,twins,Target Field,2015,9999,-10.5,398.8,8.0
MIN,twins,Target Field,2015,9999,-10.0,400.13,8.0
MIN,twins,Target Field,2015,9999,-9.5,401.46,8.0
MIN,twins,Target Field,2015,9999,-9.0,402.79,8.0
MIN,twins,Target Field,2015,9999,-8.5,404.11,8.0
MIN,twins,Target Field,2015,9999,-8.0,405.42,8.0
MIN,twins,Target Field,2015,9999,-7.5,406.74,8.0
MIN,twins,Target Field,2015,9999,-7.0,408.05,8.0
MIN,twins,Target Field,2015,9999,-6.5,407.96,8.0
MIN,twins,Target Field,2015,9999,-6.0,407.76,8.0
MIN,twins,Target Field,2015,9999,-5.5,407.56,8.0
MIN,twins,Target Field,2015,9999,-5.0,407.35,8.0
MIN,twins,Target Field,2015,9999,-4.5,406.85,8.0
MIN,twins,Target Field,2015,9999,-4.0,406.33,8.0
MIN,twins,Target Field,2015,9999,-3.5,405.81,8.0
MIN,twins,Target Field,2015,9999,-3.0,405.29,8.0
MIN,twins,Target Field,2015,9999,-2.5,404.91,8.0
MIN,twins,Target Field,2015,9999,-2.0,404.54,8.0
MIN,twins,Target Field,2015,9999,-1.5,404.17,8.0
MIN,twins,Target Field,2015,9999,-1.0,403.8,8.0
MIN,twins,Target Field,2015,9999,-0.5,403.51,8.0
MIN,twins,Target Field,2015,9999,0.0,403.24,8.0
MIN,twins,Target Field,2015,9999,0.5,402.97,8.0
MIN,twins,Target Field,2015,9999,1.0,402.7,8.0
MIN,twins,Target Field,2015,9999,1.5,402.55,8.0
MIN,twins,Target Field,2015,9999,2.0,402.43,8.0
MIN,twins,Target Field,2015,9999,2.5,402.31,8.0
MIN,twins,Target Field,2015,9999,3.0,402.19,8.0
MIN,twins,Target Field,2015,9999,3.5,402.15,8.0
MIN,twins,Target Field,2015,9999,4.0,402.15,8.0
MIN,twins,Target Field,2015,9999,4.5,402.15,8.0
MIN,twins,Target Field,2015,9999,5.0,402.15,8.0
MIN,twins,Target Field,2015,9999,5.5,401.68,8.0
MIN,twins,Target Field,2015,9999,6.0,400.79,8.0
MIN,twins,Target Field,2015,9999,6.5,399.89,8.0
MIN,twins,Target Field,2015,9999,7.0,399.0,8.0
MIN,twins,Target Field,2015,9999,7.5,397.64,8.0
MIN,twins,Target Field,2015,9999,8.0,396.0,8.0
MIN,twins,Target Field,2015,9999,8.5,394.36,8.0
MIN,twins,Target Field,2015,9999,9.0,392.72,8.0
MIN,twins,Target Field,2015,9999,9.5,391.24,8.0
MIN,twins,Target Field,2015,9999,10.0,389.79,8.0
MIN,twins,Target Field,2015,9999,10.5,388.34,8.0
MIN,twins,Target Field,2015,9999,11.0,386.89,8.0
MIN,twins,Target Field,2015,9999,11.5,385.58,8.0
MIN,twins,Target Field,2015,9999,12.0,384.28,8.0
MIN,twins,Target Field,2015,9999,12.5,382.98,8.0
MIN,twins,Target Field,2015,9999,13.0,381.68,8.0
MIN,twins,Target Field,2015,9999,13.5,380.51,8.0
MIN,twins,Target Field,2015,9999,14.0,379.35,8.0
MIN,twins,Target Field,2015,9999,14.5,378.19,8.0
MIN,twins,Target Field,2015,9999,15.0,377.03,8.0
MIN,twins,Target Field,2015,9999,15.5,375.99,8.0
MIN,twins,Target Field,2015,9999,16.0,374.97,8.0
MIN,twins,Target Field,2015,9999,16.5,373.96,8.0
MIN,twins,Target Field,2015,9999,17.0,372.94,8.0
MIN,twins,Target Field,2015,9999,17.5,372.0,8.0
MIN,twins,Target Field,2015,9999,18.0,371.11,8.0
MIN,twins,Target Field,2015,9999,18.5,370.22,8.0
MIN,twins,Target Field,2015,9999,19.0,369.33,8.0
MIN,twins,Target Field,2015,9999,19.5,368.5,8.0
MIN,twins,Target Field,2015,9999,20.0,367.8,8.0
MIN,twins,Target Field,2015,9999,20.5,367.11,8.0
MIN,twins,Target Field,2015,9999,21.0,366.41,8.0
MIN,twins,Target Field,2015,9999,21.5,365.72,8.0
MIN,twins,Target Field,2015,9999,22.0,365.09,8.0
MIN,twins,Target Field,2015,9999,22.5,364.47,8.0
MIN,twins,Target Field,2015,9999,23.0,363.85,8.0
MIN,twins,Target Field,2015,9999,23.5,363.23,8.0
MIN,twins,Target Field,2015,9999,24.0,362.42,8.0
MIN,twins,Target Field,2015,9999,24.5,361.36,8.0
MIN,twins,Target Field,2015,9999,25.0,360.3,8.0
MIN,twins,Target Field,2015,9999,25.5,359.24,8.0
MIN,twins,Target Field,2015,9999,26.0,357.91,8.0
MIN,twins,Target Field,2015,9999,26.5,354.48,8.0
MIN,twins,Target Field,2015,9999,27.0,351.06,8.0
MIN,twins,Target Field,2015,9999,27.5,347.88,8.0
MIN,twins,Target Field,2015,9999,28.0,345.91,8.0
MIN,twins,Target Field,2015,9999,28.5,343.94,8.0
MIN,twins,Target Field,2015,9999,29.0,341.98,8.0
MIN,twins,Target Field,2015,9999,29.5,340.54,8.0
MIN,twins,Target Field,2015,9999,30.0,339.79,8.0
MIN,twins,Target Field,2015,9999,30.5,339.04,8.0
MIN,twins,Target Field,2015,9999,31.0,338.29,8.0
MIN,twins,Target Field,2015,9999,31.5,337.54,8.0
MIN,twins,Target Field,2015,9999,32.0,336.88,8.0
MIN,twins,Target Field,2015,9999,32.5,336.26,8.0
MIN,twins,Target Field,2015,9999,33.0,335.64,8.0
MIN,twins,Target Field,2015,9999,33.5,335.02,8.0
MIN,twins,Target Field,2015,9999,34.0,334.4,8.0
MIN,twins,Target Field,2015,9999,34.5,333.88,8.0
MIN,twins,Target Field,2015,9999,35.0,333.37,8.0
MIN,twins,Target Field,2015,9999,35.5,332.87,8.0
MIN,twins,Target Field,2015,9999,36.0,332.36,8.0
MIN,twins,Target Field,2015,9999,36.5,331.85,8.0
MIN,twins,Target Field,2015,9999,37.0,331.49,8.0
MIN,twins,Target Field,2015,9999,37.5,331.12,8.0
MIN,twins,Target Field,2015,9999,38.0,330.76,8.0
MIN,twins,Target Field,2015,9999,38.5,330.4,8.0
MIN,twins,Target Field,2015,9999,39.0,330.05,8.0
MIN,twins,Target Field,2015,9999,39.5,330.17,8.0
MIN,twins,Target Field,2015,9999,40.0,330.3,8.0
MIN,twins,Target Field,2015,9999,40.5,330.42,8.0
MIN,twins,Target Field,2015,9999,41.0,330.55,8.0
MIN,twins,Target Field,2015,9999,41.5,330.64,8.0
MIN,twins,Target Field,2015,9999,42.0,330.31,8.0
MIN,twins,Target Field,2015,9999,42.5,329.99,8.0
MIN,twins,Target Field,2015,9999,43.0,329.66,8.0
MIN,twins,Target Field,2015,9999,43.5,329.34,8.0
MIN,twins,Target Field,2015,9999,44.0,329.03,8.0
MIN,twins,Target Field,2015,9999,44.5,328.83,8.0
MIN,twins,Target Field,2015,9999,45.0,328.63,8.0
CWS,white_sox,Guaranteed Rate Field,2015,9999,-45.0,336.8,8.0
CWS,white_sox,Guaranteed Rate Field,2015,9999,-44.5,337.28,8.0
CWS,white_sox,Guaranteed Rate Field,2015,9999,-44.0,337.77,8.0
CWS,white_sox,Guaranteed Rate Field,2015,9999,-43.5,338.25,8.0
CWS,white_sox,Guaranteed Rate Field,2015,9999,-43.0,338.81,8.0
CWS,white_sox,Guaranteed Rate Field,2015,9999,-42.5,339.4,8.0
CWS,white_sox,Guaranteed Rate Field,2015,9999,-42.0,339.99,8.0
CWS,white_sox,Guaranteed Rate Field,2015,9999,-41.5,340.58,8.0
CWS,white_sox,Guaranteed Rate Field,2015,9999,-41.0,341.18,8.0
CWS,white_sox,Guaranteed Rate Field,2015,9999,-40.5,341.88,8.0
CWS,white_sox,Guaranteed Rate Field,2015,9999,-40.0,342.6,8.0
CWS,white_sox,Guaranteed Rate Field,2015,9999,-39.5,343.32,8.0
CWS,white_sox,Guaranteed Rate Field,2015,9999,-39.0,344.04,8.0
CWS,white_sox,Guaranteed Rate Field,2015,9999,-38.5,344.79,8.0
CWS,white_sox,Guaranteed Rate Field,2015,9999,-38.0,345.67,8.0
CWS,white_sox,Guaranteed Rate Field,2015,9999,-37.5,346.54,8.0
CWS,white_sox,Guaranteed Rate Field,2015,9999,-37.0,347.42,8.0
CWS,white_sox,Guaranteed Rate Field,2015,9999,-36.5,348.29,8.0
CWS,white_sox,Guaranteed Rate Field,2015,9999,-36.0,349.09,8.0
CWS,white_sox,Guaranteed Rate Field,2015,9999,-35.5,349.84,8.0
CWS,white_sox,Guaranteed Rate Field,2015,9999,-35.0,350.59,8.0
CWS,white_sox,Guaranteed Rate Field,2015,9999,-34.5,351.34,8.0
CWS,white_sox,Guaranteed Rate Field,2015,9999,-34.0,352.08,8.0
CWS,white_sox,Guaranteed Rate Field,2015,9999,-33.5,352.71,8.0
CWS,white_sox,Guaranteed Rate Field,2015,9999,-33.0,353.34,8.0
CWS,white_sox,Guaranteed Rate Field,2015,9999,-32.5,353.97,8.0
CWS,white_sox,Guaranteed Rate Field,2015,9999,-32.0,354.6,8.0
CWS,white_sox,Guaranteed Rate Field,2015,9999,-31.5,355.29,8.0
CWS,white_sox,Guaranteed Rate Field,2015,9999,-31.0,356.05,8.0
CWS,white_sox,Guaranteed Rate Field,2015,9999,-30.5,356.8,8.0
CWS,white_sox,Guaranteed Rate Field,2015,9999,-30.0,357.56,8.0
CWS,white_sox,Guaranteed Rate Field,2015,9999,-29.5,358.32,8.0
CWS,white_sox,Guaranteed Rate Field,2015,9999,-29.0,359.22,8.0
CWS,white_sox,Guaranteed Rate Field,2015,9999,-28.5,360.11,8.0
CWS,white_sox,Guaranteed Rate Field,2015,9999,-28.0,361.01,8.0
CWS,white_sox,Guaranteed Rate Field,2015,9999,-27.5,361.91,8.0
CWS,white_sox,Guaranteed Rate Field,2015,9999,-27.0,362.89,8.0
CWS,white_sox,Guaranteed Rate Field,2015,9999,-26.5,363.92,8.0
CWS,white_sox,Guaranteed Rate Field,2015,9999,-26.0,364.96,8.0
CWS,white_sox,Guaranteed Rate Field,2015,9999,-25.5,365.99,8.0
CWS,white_sox,Guaranteed Rate Field,2015,9999,-25.0,367.07,8.0
CWS,white_sox,Guaranteed Rate Field,2015,9999,-24.5,368.28,8.0
CWS,white_sox,Guaranteed Rate Field,2015,9999,-24.0,369.48,8.0
CWS,white_sox,Guaranteed Rate Field,2015,9999,-23.5,370.68,8.0
CWS,white_sox,Guaranteed Rate Field,2015,9999,-23.0,371.89,8.0
CWS,white_sox,Guaranteed Rate Field,2015,9999,-22.5,373.16,8.0
CWS,white_sox,Guaranteed Rate Field,2015,9999,-22.0,374.44,8.0
CWS,white_sox,Guaranteed Rate Field,2015,9999,-21.5,375.71,8.0
CWS,white_sox,Guaranteed Rate Field,2015,9999,-21.0,376.98,8.0
CWS,white_sox,Guaranteed Rate Field,2015,9999,-20.5,378.02,8.0
CWS,white_sox,Guaranteed Rate Field,2015,9999,-20.0,379.06,8.0
CWS,white_sox,Guaranteed Rate Field,2015,9999,-19.5,380.1,8.0
CWS,white_sox,Guaranteed Rate Field,2015,9999,-19.0,381.14,8.0
CWS,white_sox,Guaranteed Rate Field,2015,9999,-18.5,382.09,8.0
CWS,white_sox,Guaranteed Rate Field,2015,9999,-18.0,383.02,8.0
CWS,white_sox,Guaranteed Rate Field,2015,9999,-17.5,383.96,8.0
CWS,white_sox,Guaranteed Rate Field,2015,9999,-17.0,384.89,8.0
CWS,white_sox,Guaranteed Rate Field,2015,9999,-16.5,385.81,8.0
CWS,white_sox,Guaranteed Rate Field,2015,9999,-16.0,386.72,8.0
CWS,white_sox,Guaranteed Rate Field,2015,9999,-15.5,387.63,8.0
CWS,white_sox,Guaranteed Rate Field,2015,9999,-15.0,388.54,8.0
CWS,white_sox,Guaranteed Rate Field,2015,9999,-14.5,389.25,8.0
CWS,white_sox,Guaranteed Rate Field,2015,9999,-14.0,389.84,8.0
CWS,white_sox,Guaranteed Rate Field,2015,9999,-13.5,390.43,8.0
CWS,white_sox,Guaranteed Rate Field,2015,9999,-13.0,391.01,8.0
CWS,white_sox,Guaranteed Rate Field,2015,9999,-12.5,391.62,8.0
CWS,white_sox,Guaranteed Rate Field,2015,9999,-12.0,392.26,8.0
CWS,white_sox,Guaranteed Rate Field,2015,9999,-11.5,392.9,8.0
CWS,white_sox,Guaranteed Rate Field,2015,9999,-11.0,393.54,8.0
CWS,white_sox,Guaranteed Rate Field,2015,9999,-10.5,394.31,8.0
CWS,white_sox,Guaranteed Rate Field,2015,9999,-10.0,395.42,8.0
CWS,white_sox,Guaranteed Rate Field,2015,9999,-9.5,396.52,8.0
CWS,white_sox,Guaranteed Rate Field,2015,9999,-9.0,397.62,8.0
CWS,white_sox,Guaranteed Rate Field,2015,9999,-8.5,398.85,8.0
CWS,white_sox,Guaranteed Rate Field,2015,9999,-8.0,400.36,8.0
CWS,white_sox,Guaranteed Rate Field,2015,9999,-7.5,401.86,8.0
CWS,white_sox,Guaranteed Rate Field,2015,9999,-7.0,403.37,8.0
CWS,white_sox,Guaranteed Rate Field,2015,9999,-6.5,404.3,8.0
CWS,white_sox,Guaranteed Rate Field,2015,9999,-6.0,404.75,8.0
CWS,white_sox,Guaranteed Rate Field,2015,9999,-5.5,405.19,8.0
CWS,white_sox,Guaranteed Rate Field,2015,9999,-5.0,405.64,8.0
CWS,white_sox,Guaranteed Rate Field,2015,9999,-4.5,405.7,8.0
CWS,white_sox,Guaranteed Rate Field,2015,9999,-4.0,405.46,8.0
CWS,white_sox,Guaranteed Rate Field,2015,9999,-3.5,405.23,8.0
CWS,white_sox,Guaranteed Rate Field,2015,9999,-3.0,405.0,8.0
CWS,white_sox,Guaranteed Rate Field,2015,9999,-2.5,404.83,8.0
CWS,white_sox,Guaranteed Rate Field,2015,9999,-2.0,404.72,8.0
CWS,white_sox,Guaranteed Rate Field,2015,9999,-1.5,404.61,8.0
CWS,white_sox,Guaranteed Rate Field,2015,9999,-1.0,404.51,8.0
CWS,white_sox,Guaranteed Rate Field,2015,9999,-0.5,404.45,8.0
CWS,white_sox,Guaranteed Rate Field,2015,9999,0.0,404.47,8.0
CWS,white_sox,Guaranteed Rate Field,2015,9999,0.5,404.49,8.0
CWS,white_sox,Guaranteed Rate Field,2015,9999,1.0,404.51,8.0
CWS,white_sox,Guaranteed Rate Field,2015,9999,1.5,404.57,8.0
CWS,white_sox,Guaranteed Rate Field,2015,9999,2.0,404.72,8.0
CWS,white_sox,Guaranteed Rate Field,2015,9999,2.5,404.86,8.0
CWS,white_sox,Guaranteed Rate Field,2015,9999,3.0,405.01,8.0
CWS,white_sox,Guaranteed Rate Field,2015,9999,3.5,405.16,8.0
CWS,white_sox,Guaranteed Rate Field,2015,9999,4.0,405.35,8.0
CWS,white_sox,Guaranteed Rate Field,2015,9999,4.5,405.53,8.0
CWS,white_sox,Guaranteed Rate Field,2015,9999,5.0,405.71,8.0
CWS,white_sox,Guaranteed Rate Field,2015,9999,5.5,405.64,8.0
CWS,white_sox,Guaranteed Rate Field,2015,9999,6.0,404.59,8.0
CWS,white_sox,Guaranteed Rate Field,2015,9999,6.5,403.53,8.0
CWS,white_sox,Guaranteed Rate Field,2015,9999,7.0,402.48,8.0
CWS,white_sox,Guaranteed Rate Field,2015,9999,7.5,401.39,8.0
CWS,white_sox,Guaranteed Rate Field,2015,9999,8.0,400.21,8.0
CWS,white_sox,Guaranteed Rate Field,2015,9999,8.5,399.04,8.0
CWS,white_sox,Guaranteed Rate Field,2015,9999,9.0,397.87,8.0
CWS,white_sox,Guaranteed Rate Field,2015,9999,9.5,396.91,8.0
CWS,white_sox,Guaranteed Rate Field,2015,9999,10.0,396.23,8.0
CWS,white_sox,Guaranteed Rate Field,2015,9999,10.5,395.54,8.0
CWS,white_sox,Guaranteed Rate Field,2015,9999,11.0,394.86,8.0
CWS,white_sox,Guaranteed Rate Field,2015,9999,11.5,394.21,8.0
CWS,white_sox,Guaranteed Rate Field,2015,9999,12.0,393.62,8.0
CWS,white_sox,Guaranteed Rate Field,2015,9999,12.5,393.03,8.0
CWS,white_sox,Guaranteed Rate Field,2015,9999,13.0,392.44,8.0
CWS,white_sox,Guaranteed Rate Field,2015,9999,13.5,391.86,8.0
CWS,white_sox,Guaranteed Rate Field,2015,9999,14.0,391.35,8.0
CWS,white_sox,Guaranteed Rate Field,2015,9999,14.5,390.83,8.0
CWS,white_sox,Guaranteed Rate Field,2015,9999,15.0,390.31,8.0
CWS,white_sox,Guaranteed Rate Field,2015,9999,15.5,389.77,8.0
CWS,white_sox,Guaranteed Rate Field,2015,9999,16.0,388.86,8.0
CWS,white_sox,Guaranteed Rate Field,2015,9999,16.5,387.95,8.0
CWS,white_sox,Guaranteed Rate Field,2015,9999,17.0,387.04,8.0
CWS,white_sox,Guaranteed Rate Field,2015,9999,17.5,386.13,8.0
CWS,white_sox,Guaranteed Rate Field,2015,9999,18.0,385.2,8.0
CWS,white_sox,Guaranteed Rate Field,2015,9999,18.5,384.27,8.0
CWS,white_sox,Guaranteed Rate Field,2015,9999,19.0,383.34,8.0
CWS,white_sox,Guaranteed Rate Field,2015,9999,19.5,382.4,8.0
CWS,white_sox,Guaranteed Rate Field,2015,9999,20.0,381.34,8.0
CWS,white_sox,Guaranteed Rate Field,2015,9999,20.5,380.24,8.0
CWS,white_sox,Guaranteed Rate Field,2015,9999,21.0,379.15,8.0
CWS,white_sox,Guaranteed Rate Field,2015,9999,21.5,378.05,8.0
CWS,white_sox,Guaranteed Rate Field,2015,9999,22.0,376.87,8.0
CWS,white_sox,Guaranteed Rate Field,2015,9999,22.5,375.66,8.0
CWS,white_sox,Guaranteed Rate Field,2015,9999,23.0,374.44,8.0
CWS,white_sox,Guaranteed Rate Field,2015,9999,23.5,373.22,8.0
CWS,white_sox,Guaranteed Rate Field,2015,9999,24.0,371.92,8.0
CWS,white_sox,Guaranteed Rate Field,2015,9999,24.5,370.54,8.0
CWS,white_sox,Guaranteed Rate Field,2015,9999,25.0,369.16,8.0
CWS,white_sox,Guaranteed Rate Field,2015,9999,25.5,367.79,8.0
CWS,white_sox,Guaranteed Rate Field,2015,9999,26.0,366.47,8.0
CWS,white_sox,Guaranteed Rate Field,2015,9999,26.5,365.24,8.0
CWS,white_sox,Guaranteed Rate Field,2015,9999,27.0,364.01,8.0
CWS,white_sox,Guaranteed Rate Field,2015,9999,27.5,362.77,8.0
CWS,white_sox,Guaranteed Rate Field,2015,9999,28.0,361.58,8.0
CWS,white_sox,Guaranteed Rate Field,2015,9999,28.5,360.55,8.0
CWS,white_sox,Guaranteed Rate Field,2015,9999,29.0,359.51,8.0
CWS,white_sox,Guaranteed Rate Field,2015,9999,29.5,358.48,8.0
CWS,white_sox,Guaranteed Rate Field,2015,9999,30.0,357.45,8.0
CWS,white_sox,Guaranteed Rate Field,2015,9999,30.5,356.49,8.0
CWS,white_sox,Guaranteed Rate Field,2015,9999,31.0,355.56,8.0
CWS,white_sox,Guaranteed Rate Field,2015,9999,31.5,354.62,8.0
CWS,white_sox,Guaranteed Rate Field,2015,9999,32.0,353.68,8.0
CWS,white_sox,Guaranteed Rate Field,2015,9999,32.5,352.78,8.0
CWS,white_sox,Guaranteed Rate Field,2015,9999,33.0,351.94,8.0
CWS,white_sox,Guaranteed Rate Field,2015,9999,33.5,351.11,8.0
CWS,white_sox,Guaranteed Rate Field,2015,9999,34.0,350.27,8.0
CWS,white_sox,Guaranteed Rate Field,2015,9999,34.5,349.43,8.0
CWS,white_sox,Guaranteed Rate Field,2015,9999,35.0,348.75,8.0
CWS,white_sox,Guaranteed Rate Field,2015,9999,35.5,348.09,8.0
CWS,white_sox,Guaranteed Rate Field,2015,9999,36.0,347.42,8.0
CWS,white_sox,Guaranteed Rate Field,2015,9999,36.5,346.76,8.0
CWS,white_sox,Guaranteed Rate Field,2015,9999,37.0,346.13,8.0
CWS,white_sox,Guaranteed Rate Field,2015,9999,37.5,345.57,8.0
CWS,white_sox,Guaranteed Rate Field,2015,9999,38.0,345.01,8.0
CWS,white_sox,Guaranteed Rate Field,2015,9999,38.5,344.45,8.0
CWS,white_sox,Guaranteed Rate Field,2015,9999,39.0,343.89,8.0
CWS,white_sox,Guaranteed Rate Field,2015,9999,39.5,343.43,8.0
CWS,white_sox,Guaranteed Rate Field,2015,9999,40.0,343.05,8.0
CWS,white_sox,Guaranteed Rate Field,2015,9999,40.5,342.68,8.0
CWS,white_sox,Guaranteed Rate Field,2015,9999,41.0,342.3,8.0
CWS,white_sox,Guaranteed Rate Field,2015,9999,41.5,341.92,8.0
CWS,white_sox,Guaranteed Rate Field,2015,9999,42.0,341.62,8.0
CWS,white_sox,Guaranteed Rate Field,2015,9999,42.5,341.34,8.0
CWS,white_sox,Guaranteed Rate Field,2015,9999,43.0,341.05,8.0
CWS,white_sox,Guaranteed Rate Field,2015,9999,43.5,340.77,8.0
CWS,white_sox,Guaranteed Rate Field,2015,9999,44.0,340.49,8.0
CWS,white_sox,Guaranteed Rate Field,2015,9999,44.5,340.34,8.0
CWS,white_sox,Guaranteed Rate Field,2015,9999,45.0,340.2,8.0
NYY,yankees,Yankee Stadium,2015,9999,-45.0,338.97,8.0
NYY,yankees,Yankee Stadium,2015,9999,-44.5,341.31,8.0
NYY,yankees,Yankee Stadium,2015,9999,-44.0,343.65,8.0
NYY,yankees,Yankee Stadium,2015,9999,-43.5,345.74,8.0
NYY,yankees,Yankee Stadium,2015,9999,-43.0,347.76,8.0
NYY,yankees,Yankee Stadium,2015,9999,-42.5,349.77,8.0
NYY,yankees,Yankee Stadium,2015,9999,-42.0,351.78,8.0
NYY,yankees,Yankee Stadium,2015,9999,-41.5,353.57,8.0
NYY,yankees,Yankee Stadium,2015,9999,-41.0,355.28,8.0
NYY,yankees,Yankee Stadium,2015,9999,-40.5,356.99,8.0
NYY,yankees,Yankee Stadium,2015,9999,-40.0,358.7,8.0
NYY,yankees,Yankee Stadium,2015,9999,-39.5,360.18,8.0
NYY,yankees,Yankee Stadium,2015,9999,-39.0,361.52,8.0
NYY,yankees,Yankee Stadium,2015,9999,-38.5,362.87,8.0
NYY,yankees,Yankee Stadium,2015,9999,-38.0,364.21,8.0
NYY,yankees,Yankee Stadium,2015,9999,-37.5,365.42,8.0
NYY,yankees,Yankee Stadium,2015,9999,-37.0,366.37,8.0
NYY,yankees,Yankee Stadium,2015,9999,-36.5,367.33,8.0
NYY,yankees,Yankee Stadium,2015,9999,-36.0,368.28,8.0
NYY,yankees,Yankee Stadium,2015,9999,-35.5,369.24,8.0
NYY,yankees,Yankee Stadium,2015,9999,-35.0,370.0,8.0
NYY,yankees,Yankee Stadium,2015,9999,-34.5,370.76,8.0
NYY,yankees,Yankee Stadium,2015,9999,-34.0,371.52,8.0
NYY,yankees,Yankee Stadium,2015,9999,-33.5,372.28,8.0
NYY,yankees,Yankee Stadium,2015,9999,-33.0,373.03,8.0
NYY,yankees,Yankee Stadium,2015,9999,-32.5,373.76,8.0
NYY,yankees,Yankee Stadium,2015,9999,-32.0,374.49,8.0
NYY,yankees,Yankee Stadium,2015,9999,-31.5,375.22,8.0
NYY,yankees,Yankee Stadium,2015,9999,-31.0,375.97,8.0
NYY,yankees,Yankee Stadium,2015,9999,-30.5,376.84,8.0
NYY,yankees,Yankee Stadium,2015,9999,-30.0,377.7,8.0
NYY,yankees,Yankee Stadium,2015,9999,-29.5,378.57,8.0
NYY,yankees,Yankee Stadium,2015,9999,-29.0,379.44,8.0
NYY,yankees,Yankee Stadium,2015,9999,-28.5,380.47,8.0
NYY,yankees,Yankee Stadium,2015,9999,-28.0,381.53,8.0
NYY,yankees,Yankee Stadium,2015,9999,-27.5,382.59,8.0
NYY,yankees,Yankee Stadium,2015,9999,-27.0,383.66,8.0
NYY,yankees,Yankee Stadium,2015,9999,-26.5,384.81,8.0
NYY,yankees,Yankee Stadium,2015,9999,-26.0,386.02,8.0
NYY,yankees,Yankee Stadium,2015,9999,-25.5,387.24,8.0
NYY,yankees,Yankee Stadium,2015,9999,-25.0,388.45,8.0
NYY,yankees,Yankee Stadium,2015,9999,-24.5,389.71,8.0
NYY,yankees,Yankee Stadium,2015,9999,-24.0,391.02,8.0
NYY,yankees,Yankee Stadium,2015,9999,-23.5,392.34,8.0
NYY,yankees,Yankee Stadium,2015,9999,-23.0,393.65,8.0
NYY,yankees,Yankee Stadium,2015,9999,-22.5,394.99,8.0
NYY,yankees,Yankee Stadium,2015,9999,-22.0,396.35,8.0
NYY,yankees,Yankee Stadium,2015,9999,-21.5,397.71,8.0
NYY,yankees,Yankee Stadium,2015,9999,-21.0,399.07,8.0
NYY,yankees,Yankee Stadium,2015,9999,-20.5,400.43,8.0
NYY,yankees,Yankee Stadium,2015,9999,-20.0,401.78,8.0
NYY,yankees,Yankee Stadium,2015,9999,-19.5,403.13,8.0
NYY,yankees,Yankee Stadium,2015,9999,-19.0,404.48,8.0
NYY,yankees,Yankee Stadium,2015,9999,-18.5,405.79,8.0
NYY,yankees,Yankee Stadium,2015,9999,-18.0,407.08,8.0
NYY,yankees,Yankee Stadium,2015,9999,-17.5,408.36,8.0
NYY,yankees,Yankee Stadium,2015,9999,-17.0,409.65,8.0
NYY,yankees,Yankee Stadium,2015,9999,-16.5,410.84,8.0
NYY,yankees,Yankee Stadium,2015,9999,-16.0,412.0,8.0
NYY,yankees,Yankee Stadium,2015,9999,-15.5,413.16,8.0
NYY,yankees,Yankee Stadium,2015,9999,-15.0,414.32,8.0
NYY,yankees,Yankee Stadium,2015,9999,-14.5,415.28,8.0
NYY,yankees,Yankee Stadium,2015,9999,-14.0,416.22,8.0
NYY,yankees,Yankee Stadium,2015,9999,-13.5,417.17,8.0
NYY,yankees,Yankee Stadium,2015,9999,-13.0,418.11,8.0
NYY,yankees,Yankee Stadium,2015,9999,-12.5,418.85,8.0
NYY,yankees,Yankee Stadium,2015,9999,-12.0,419.58,8.0
NYY,yankees,Yankee Stadium,2015,9999,-11.5,420.32,8.0
NYY,yankees,Yankee Stadium,2015,9999,-11.0,421.04,8.0
NYY,yankees,Yankee Stadium,2015,9999,-10.5,421.59,8.0
NYY,yankees,Yankee Stadium,2015,9999,-10.0,422.14,8.0
NYY,yankees,Yankee Stadium,2015,9999,-9.5,422.69,8.0
NYY,yankees,Yankee Stadium,2015,9999,-9.0,423.21,8.0
NYY,yankees,Yankee Stadium,2015,9999,-8.5,423.57,8.0
NYY,yankees,Yankee Stadium,2015,9999,-8.0,423.93,8.0
NYY,yankees,Yankee Stadium,2015,9999,-7.5,424.29,8.0
NYY,yankees,Yankee Stadium,2015,9999,-7.0,424.62,8.0
NYY,yankees,Yankee Stadium,2015,9999,-6.5,424.79,8.0
NYY,yankees,Yankee Stadium,2015,9999,-6.0,424.96,8.0
NYY,yankees,Yankee Stadium,2015,9999,-5.5,425.13,8.0
NYY,yankees,Yankee Stadium,2015,9999,-5.0,425.27,8.0
NYY,yankees,Yankee Stadium,2015,9999,-4.5,425.28,8.0
NYY,yankees,Yankee Stadium,2015,9999,-4.0,425.29,8.0
NYY,yankees,Yankee Stadium,2015,9999,-3.5,425.3,8.0
NYY,yankees,Yankee Stadium,2015,9999,-3.0,425.29,8.0
NYY,yankees,Yankee Stadium,2015,9999,-2.5,425.17,8.0
NYY,yankees,Yankee Stadium,2015,9999,-2.0,425.05,8.0
NYY,yankees,Yankee Stadium,2015,9999,-1.5,424.93,8.0
NYY,yankees,Yankee Stadium,2015,9999,-1.0,424.75,8.0
NYY,yankees,Yankee Stadium,2015,9999,-0.5,424.45,8.0
NYY,yankees,Yankee Stadium,2015,9999,0.0,424.14,8.0
NYY,yankees,Yankee Stadium,2015,9999,0.5,423.84,8.0
NYY,yankees,Yankee Stadium,2015,9999,1.0,423.47,8.0
NYY,yankees,Yankee Stadium,2015,9999,1.5,422.98,8.0
NYY,yankees,Yankee Stadium,2015,9999,2.0,422.49,8.0
NYY,yankees,Yankee Stadium,2015,9999,2.5,422.0,8.0
NYY,yankees,Yankee Stadium,2015,9999,3.0,421.44,8.0
NYY,yankees,Yankee Stadium,2015,9999,3.5,420.77,8.0
NYY,yankees,Yankee Stadium,2015,9999,4.0,420.09,8.0
NYY,yankees,Yankee Stadium,2015,9999,4.5,419.42,8.0
NYY,yankees,Yankee Stadium,2015,9999,5.0,418.66,8.0
NYY,yankees,Yankee Stadium,2015,9999,5.5,417.8,8.0
NYY,yankees,Yankee Stadium,2015,9999,6.0,416.94,8.0
NYY,yankees,Yankee Stadium,2015,9999,6.5,416.08,8.0
NYY,yankees,Yankee Stadium,2015,9999,7.0,415.07,8.0
NYY,yankees,Yankee Stadium,2015,9999,7.5,413.92,8.0
NYY,yankees,Yankee Stadium,2015,9999,8.0,412.77,8.0
NYY,yankees,Yankee Stadium,2015,9999,8.5,411.62,8.0
NYY,yankees,Yankee Stadium,2015,9999,9.0,410.27,8.0
NYY,yankees,Yankee Stadium,2015,9999,9.5,408.84,8.0
NYY,yankees,Yankee Stadium,2015,9999,10.0,407.41,8.0
NYY,yankees,Yankee Stadium,2015,9999,10.5,405.97,8.0
NYY,yankees,Yankee Stadium,2015,9999,11.0,404.35,8.0
NYY,yankees,Yankee Stadium,2015,9999,11.5,402.71,8.0
NYY,yankees,Yankee Stadium,2015,9999,12.0,401.07,8.0
NYY,yankees,Yankee Stadium,2015,9999,12.5,399.42,8.0
NYY,yankees,Yankee Stadium,2015,9999,13.0,397.65,8.0
NYY,yankees,Yankee Stadium,2015,9999,13.5,395.89,8.0
NYY,yankees,Yankee Stadium,2015,9999,14.0,394.13,8.0
NYY,yankees,Yankee Stadium,2015,9999,14.5,392.35,8.0
NYY,yankees,Yankee Stadium,2015,9999,15.0,390.54,8.0
NYY,yankees,Yankee Stadium,2015,9999,15.5,388.73,8.0
NYY,yankees,Yankee Stadium,2015,9999,16.0,386.92,8.0
NYY,yankees,Yankee Stadium,2015,9999,16.5,385.13,8.0
NYY,yankees,Yankee Stadium,2015,9999,17.0,383.35,8.0
NYY,yankees,Yankee Stadium,2015,9999,17.5,381.57,8.0
NYY,yankees,Yankee Stadium,2015,9999,18.0,379.79,8.0
NYY,yankees,Yankee Stadium,2015,9999,18.5,378.06,8.0
NYY,yankees,Yankee Stadium,2015,9999,19.0,376.37,8.0
NYY,yankees,Yankee Stadium,2015,9999,19.5,374.69,8.0
NYY,yankees,Yankee Stadium,2015,9999,20.0,373.0,8.0
NYY,yankees,Yankee Stadium,2015,9999,20.5,371.39,8.0
NYY,yankees,Yankee Stadium,2015,9999,21.0,369.86,8.0
NYY,yankees,Yankee Stadium,2015,9999,21.5,368.33,8.0
NYY,yankees,Yankee Stadium,2015,9999,22.0,366.8,8.0
NYY,yankees,Yankee Stadium,2015,9999,22.5,365.34,8.0
NYY,yankees,Yankee Stadium,2015,9999,23.0,364.01,8.0
NYY,yankees,Yankee Stadium,2015,9999,23.5,362.68,8.0
NYY,yankees,Yankee Stadium,2015,9999,24.0,361.35,8.0
NYY,yankees,Yankee Stadium,2015,9999,24.5,360.06,8.0
NYY,yankees,Yankee Stadium,2015,9999,25.0,358.96,8.0
NYY,yankees,Yankee Stadium,2015,9999,25.5,357.85,8.0
NYY,yankees,Yankee Stadium,2015,9999,26.0,356.75,8.0
NYY,yankees,Yankee Stadium,2015,9999,26.5,355.64,8.0
NYY,yankees,Yankee Stadium,2015,9999,27.0,354.65,8.0
NYY,yankees,Yankee Stadium,2015,9999,27.5,353.69,8.0
NYY,yankees,Yankee Stadium,2015,9999,28.0,352.73,8.0
NYY,yankees,Yankee Stadium,2015,9999,28.5,351.78,8.0
NYY,yankees,Yankee Stadium,2015,9999,29.0,350.85,8.0
NYY,yankees,Yankee Stadium,2015,9999,29.5,350.03,8.0
NYY,yankees,Yankee Stadium,2015,9999,30.0,349.21,8.0
NYY,yankees,Yankee Stadium,2015,9999,30.5,348.4,8.0
NYY,yankees,Yankee Stadium,2015,9999,31.0,347.58,8.0
NYY,yankees,Yankee Stadium,2015,9999,31.5,346.84,8.0
NYY,yankees,Yankee Stadium,2015,9999,32.0,346.16,8.0
NYY,yankees,Yankee Stadium,2015,9999,32.5,345.47,8.0
NYY,yankees,Yankee Stadium,2015,9999,33.0,344.79,8.0
NYY,yankees,Yankee Stadium,2015,9999,33.5,344.11,8.0
NYY,yankees,Yankee Stadium,2015,9999,34.0,343.54,8.0
NYY,yankees,Yankee Stadium,2015,9999,34.5,342.99,8.0
NYY,yankees,Yankee Stadium,2015,9999,35.0,342.44,8.0
NYY,yankees,Yankee Stadium,2015,9999,35.5,341.89,8.0
NYY,yankees,Yankee Stadium,2015,9999,36.0,341.34,8.0
NYY,yankees,Yankee Stadium,2015,9999,36.5,340.91,8.0
NYY,yankees,Yankee Stadium,2015,9999,37.0,340.49,8.0
NYY,yankees,Yankee Stadium,2015,9999,37.5,340.07,8.0
NYY,yankees,Yankee Stadium,2015,9999,38.0,339.65,8.0
NYY,yankees,Yankee Stadium,2015,9999,38.5,339.23,8.0
NYY,yankees,Yankee Stadium,2015,9999,39.0,338.83,8.0
NYY,yankees,Yankee Stadium,2015,9999,39.5,338.42,8.0
NYY,yankees,Yankee Stadium,2015,9999,40.0,338.01,8.0
NYY,yankees,Yankee Stadium,2015,9999,40.5,337.6,8.0
NYY,yankees,Yankee Stadium,2015,9999,41.0,337.15,8.0
NYY,yankees,Yankee Stadium,2015,9999,41.5,336.4,8.0
NYY,yankees,Yankee Stadium,2015,9999,42.0,335.66,8.0
NYY,yankees,Yankee Stadium,2015,9999,42.5,334.91,8.0
NYY,yankees,Yankee Stadium,2015,9999,43.0,334.17,8.0
NYY,yankees,Yankee Stadium,2015,9999,43.5,333.29,8.0
NYY,yankees,Yankee Stadium,2015,9999,44.0,332.03,8.0
NYY,yankees,Yankee Stadium,2015,9999,44.5,330.77,8.0
NYY,yankees,Yankee Stadium,2015,9999,45.0,329.51,8.0
ATL,braves,Turner Field,2015,2016,-45.0,341.93,8.0
ATL,braves,Turner Field,2015,2016,-44.5,342.96,8.0
ATL,braves,Turner Field,2015,2016,-44.0,344.02,8.0
ATL,braves,Turner Field,2015,2016,-43.5,345.16,8.0
ATL,braves,Turner Field,2015,2016,-43.0,346.3,8.0
ATL,braves,Turner Field,2015,2016,-42.5,347.44,8.0
ATL,braves,Turner Field,2015,2016,-42.0,348.57,8.0
ATL,braves,Turner Field,2015,2016,-41.5,349.89,8.0
ATL,braves,Turner Field,2015,2016,-41.0,351.23,8.0
ATL,braves,Turner Field,2015,2016,-40.5,352.57,8.0
ATL,braves,Turner Field,2015,2016,-40.0,353.91,8.0
ATL,braves,Turner Field,2015,2016,-39.5,355.35,8.0
ATL,braves,Turner Field,2015,2016,-39.0,356.85,8.0
ATL,braves,Turner Field,2015,2016,-38.5,358.35,8.0
ATL,braves,Turner Field,2015,2016,-38.0,359.85,8.0
ATL,braves,Turner Field,2015,2016,-37.5,361.43,8.0
ATL,braves,Turner Field,2015,2016,-37.0,363.08,8.0
ATL,braves,Turner Field,2015,2016,-36.5,364.74,8.0
ATL,braves,Turner Field,2015,2016,-36.0,366.4,8.0
ATL,braves,Turner Field,2015,2016,-35.5,368.13,8.0
ATL,braves,Turner Field,2015,2016,-35.0,369.97,8.0
ATL,braves,Turner Field,2015,2016,-34.5,371.8,8.0
ATL,braves,Turner Field,2015,2016,-34.0,373.64,8.0
ATL,braves,Turner Field,2015,2016,-33.5,375.03,8.0
ATL,braves,Turner Field,2015,2016,-33.0,376.09,8.0
ATL,braves,Turner Field,2015,2016,-32.5,377.16,8.0
ATL,braves,Turner Field,2015,2016,-32.0,378.23,8.0
ATL,braves,Turner Field,2015,2016,-31.5,378.91,8.0
ATL,braves,Turner Field,2015,2016,-31.0,379.19,8.0
ATL,braves,Turner Field,2015,2016,-30.5,379.48,8.0
ATL,braves,Turner Field,2015,2016,-30.0,379.76,8.0
ATL,braves,Turner Field,2015,2016,-29.5,380.06,8.0
ATL,braves,Turner Field,2015,2016,-29.0,380.46,8.0
ATL,braves,Turner Field,2015,2016,-28.5,380.85,8.0
ATL,braves,Turner Field,2015,2016,-28.0,381.25,8.0
ATL,braves,Turner Field,2015,2016,-27.5,381.65,8.0
ATL,braves,Turner Field,2015,2016,-27.0,382.13,8.0
ATL,braves,Turner Field,2015,2016,-26.5,382.63,8.0
ATL,braves,Turner Field,2015,2016,-26.0,383.13,8.0
ATL,braves,Turner Field,2015,2016,-25.5,383.63,8.0
ATL,braves,Turner Field,2015,2016,-25.0,384.23,8.0
ATL,braves,Turner Field,2015,2016,-24.5,384.89,8.0
ATL,braves,Turner Field,2015,2016,-24.0,385.54,8.0
ATL,braves,Turner Field,2015,2016,-23.5,386.2,8.0
ATL,braves,Turner Field,2015,2016,-23.0,386.67,8.0
ATL,braves,Turner Field,2015,2016,-22.5,386.89,8.0
ATL,braves,Turner Field,2015,2016,-22.0,387.1,8.0
ATL,braves,Turner Field,2015,2016,-21.5,387.32,8.0
ATL,braves,Turner Field,2015,2016,-21.0,387.5,8.0
ATL,braves,Turner Field,2015,2016,-20.5,387.58,8.0
ATL,braves,Turner Field,2015,2016,-20.0,387.65,8.0
ATL,braves,Turner Field,2015,2016,-19.5,387.72,8.0
ATL,braves,Turner Field,2015,2016,-19.0,387.8,8.0
ATL,braves,Turner Field,2015,2016,-18.5,388.0,8.0
ATL,braves,Turner Field,2015,2016,-18.0,388.2,8.0
ATL,braves,Turner Field,2015,2016,-17.5,388.41,8.0
ATL,braves,Turner Field,2015,2016,-17.0,388.62,8.0
ATL,braves,Turner Field,2015,2016,-16.5,388.92,8.0
ATL,braves,Turner Field,2015,2016,-16.0,389.25,8.0
ATL,braves,Turner Field,2015,2016,-15.5,389.59,8.0
ATL,braves,Turner Field,2015,2016,-15.0,389.93,8.0
ATL,braves,Turner Field,2015,2016,-14.5,390.39,8.0
ATL,braves,Turner Field,2015,2016,-14.0,390.98,8.0
ATL,braves,Turner Field,2015,2016,-13.5,391.56,8.0
ATL,braves,Turner Field,2015,2016,-13.0,392.15,8.0
ATL,braves,Turner Field,2015,2016,-12.5,392.74,8.0
ATL,braves,Turner Field,2015,2016,-12.0,393.35,8.0
ATL,braves,Turner Field,2015,2016,-11.5,393.96,8.0
ATL,braves,Turner Field,2015,2016,-11.0,394.56,8.0
ATL,braves,Turner Field,2015,2016,-10.5,395.21,8.0
ATL,braves,Turner Field,2015,2016,-10.0,395.95,8.0
ATL,braves,Turner Field,2015,2016,-9.5,396.7,8.0
ATL,braves,Turner Field,2015,2016,-9.0,397.45,8.0
ATL,braves,Turner Field,2015,2016,-8.5,398.22,8.0
ATL,braves,Turner Field,2015,2016,-8.0,399.11,8.0
ATL,braves,Turner Field,2015,2016,-7.5,400.01,8.0
ATL,braves,Turner Field,2015,2016,-7.0,400.9,8.0
ATL,braves,Turner Field,2015,2016,-6.5,401.68,8.0
ATL,braves,Turner Field,2015,2016,-6.0,402.08,8.0
ATL,braves,Turner Field,2015,2016,-5.5,402.47,8.0
ATL,braves,Turner Field,2015,2016,-5.0,402.87,8.0
ATL,braves,Turner Field,2015,2016,-4.5,403.16,8.0
ATL,braves,Turner Field,2015,2016,-4.0,402.97,8.0
ATL,braves,Turner Field,2015,2016,-3.5,402.79,8.0
ATL,braves,Turner Field,2015,2016,-3.0,402.61,8.0
ATL,braves,Turner Field,2015,2016,-2.5,402.43,8.0
ATL,braves,Turner Field,2015,2016,-2.0,402.34,8.0
ATL,braves,Turner Field,2015,2016,-1.5,402.25,8.0
ATL,braves,Turner Field,2015,2016,-1.0,402.15,8.0
ATL,braves,Turner Field,2015,2016,-0.5,402.06,8.0
ATL,braves,Turner Field,2015,2016,0.0,402.09,8.0
ATL,braves,Turner Field,2015,2016,0.5,402.12,8.0
ATL,braves,Turner Field,2015,2016,1.0,402.16,8.0
ATL,braves,Turner Field,2015,2016,1.5,402.19,8.0
ATL,braves,Turner Field,2015,2016,2.0,402.33,8.0
ATL,braves,Turner Field,2015,2016,2.5,402.49,8.0
ATL,braves,Turner Field,2015,2016,3.0,402.65,8.0
ATL,braves,Turner Field,2015,2016,3.5,402.81,8.0
ATL,braves,Turner Field,2015,2016,4.0,402.99,8.0
ATL,braves,Turner Field,2015,2016,4.5,403.18,8.0
ATL,braves,Turner Field,2015,2016,5.0,403.37,8.0
ATL,braves,Turner Field,2015,2016,5.5,403.56,8.0
ATL,braves,Turner Field,2015,2016,6.0,402.9,8.0
ATL,braves,Turner Field,2015,2016,6.5,401.97,8.0
ATL,braves,Turner Field,2015,2016,7.0,401.05,8.0
ATL,braves,Turner Field,2015,2016,7.5,400.12,8.0
ATL,braves,Turner Field,2015,2016,8.0,398.98,8.0
ATL,braves,Turner Field,2015,2016,8.5,397.79,8.0
ATL,braves,Turner Field,2015,2016,9.0,396.61,8.0
ATL,braves,Turner Field,2015,2016,9.5,395.42,8.0
ATL,braves,Turner Field,2015,2016,10.0,394.39,8.0
ATL,braves,Turner Field,2015,2016,10.5,393.37,8.0
ATL,braves,Turner Field,2015,2016,11.0,392.34,8.0
ATL,braves,Turner Field,2015,2016,11.5,391.32,8.0
ATL,braves,Turner Field,2015,2016,12.0,390.39,8.0
ATL,braves,Turner Field,2015,2016,12.5,389.47,8.0
ATL,braves,Turner Field,2015,2016,13.0,388.55,8.0
ATL,braves,Turner Field,2015,2016,13.5,387.63,8.0
ATL,braves,Turner Field,2015,2016,14.0,386.84,8.0
ATL,braves,Turner Field,2015,2016,14.5,386.08,8.0
ATL,braves,Turner Field,2015,2016,15.0,385.31,8.0
ATL,braves,Turner Field,2015,2016,15.5,384.55,8.0
ATL,braves,Turner Field,2015,2016,16.0,383.89,8.0
ATL,braves,Turner Field,2015,2016,16.5,383.28,8.0
ATL,braves,Turner Field,2015,2016,17.0,382.68,8.0
ATL,braves,Turner Field,2015,2016,17.5,382.07,8.0
ATL,braves,Turner Field,2015,2016,18.0,381.51,8.0
ATL,braves,Turner Field,2015,2016,18.5,381.03,8.0
ATL,braves,Turner Field,2015,2016,19.0,380.54,8.0
ATL,braves,Turner Field,2015,2016,19.5,380.05,8.0
ATL,braves,Turner Field,2015,2016,20.0,379.59,8.0
ATL,braves,Turner Field,2015,2016,20.5,379.22,8.0
ATL,braves,Turner Field,2015,2016,21.0,378.86,8.0
ATL,braves,Turner Field,2015,2016,21.5,378.49,8.0
ATL,braves,Turner Field,2015,2016,22.0,378.12,8.0
ATL,braves,Turner Field,2015,2016,22.5,377.16,8.0
ATL,braves,Turner Field,2015,2016,23.0,376.1,8.0
ATL,braves,Turner Field,2015,2016,23.5,375.05,8.0
ATL,braves,Turner Field,2015,2016,24.0,373.99,8.0
ATL,braves,Turner Field,2015,2016,24.5,372.43,8.0
ATL,braves,Turner Field,2015,2016,25.0,370.7,8.0
ATL,braves,Turner Field,2015,2016,25.5,368.98,8.0
ATL,braves,Turner Field,2015,2016,26.0,367.25,8.0
ATL,braves,Turner Field,2015,2016,26.5,365.67,8.0
ATL,braves,Turner Field,2015,2016,27.0,364.11,8.0
ATL,braves,Turner Field,2015,2016,27.5,362.55,8.0
ATL,braves,Turner Field,2015,2016,28.0,360.99,8.0
ATL,braves,Turner Field,2015,2016,28.5,359.55,8.0
ATL,braves,Turner Field,2015,2016,29.0,358.14,8.0
ATL,braves,Turner Field,2015,2016,29.5,356.73,8.0
ATL,braves,Turner Field,2015,2016,30.0,355.32,8.0
ATL,braves,Turner Field,2015,2016,30.5,354.02,8.0
ATL,braves,Turner Field,2015,2016,31.0,352.79,8.0
ATL,braves,Turner Field,2015,2016,31.5,351.56,8.0
ATL,braves,Turner Field,2015,2016,32.0,350.34,8.0
ATL,braves,Turner Field,2015,2016,32.5,349.15,8.0
ATL,braves,Turner Field,2015,2016,33.0,348.09,8.0
ATL,braves,Turner Field,2015,2016,33.5,347.03,8.0
ATL,braves,Turner Field,2015,2016,34.0,345.96,8.0
ATL,braves,Turner Field,2015,2016,34.5,344.9,8.0
ATL,braves,Turner Field,2015,2016,35.0,343.94,8.0
ATL,braves,Turner Field,2015,2016,35.5,343.0,8.0
ATL,braves,Turner Field,2015,2016,36.0,342.07,8.0
ATL,braves,Turner Field,2015,2016,36.5,341.13,8.0
ATL,braves,Turner Field,2015,2016,37.0,340.22,8.0
ATL,braves,Turner Field,2015,2016,37.5,339.42,8.0
ATL,braves,Turner Field,2015,2016,38.0,338.62,8.0
ATL,braves,Turner Field,2015,2016,38.5,337.83,8.0
ATL,braves,Turner Field,2015,2016,39.0,337.03,8.0
ATL,braves,Turner Field,2015,2016,39.5,336.29,8.0
ATL,braves,Turner Field,2015,2016,40.0,335.63,8.0
ATL,braves,Turner Field,2015,2016,40.5,334.96,8.0
ATL,braves,Turner Field,2015,2016,41.0,334.29,8.0
ATL,braves,Turner Field,2015,2016,41.5,333.62,8.0
ATL,braves,Turner Field,2015,2016,42.0,333.04,8.0
ATL,braves,Turner Field,2015,2016,42.5,332.5,8.0
ATL,braves,Turner Field,2015,2016,43.0,331.95,8.0
ATL,braves,Turner Field,2015,2016,43.5,331.41,8.0
ATL,braves,Turner Field,2015,2016,44.0,330.86,8.0
ATL,braves,Turner Field,2015,2016,44.5,329.85,8.0
ATL,braves,Turner Field,2015,2016,45.0,328.73,8.0
TEX,rangers,Globe Life Park,2015,2019,-45.0,343.76,8.0
TEX,rangers,Globe Life Park,2015,2019,-44.5,345.35,8.0
TEX,rangers,Globe Life Park,2015,2019,-44.0,346.93,8.0
TEX,rangers,Globe Life Park,2015,2019,-43.5,348.68,8.0
TEX,rangers,Globe Life Park,2015,2019,-43.0,350.46,8.0
TEX,rangers,Globe Life Park,2015,2019,-42.5,352.24,8.0
TEX,rangers,Globe Life Park,2015,2019,-42.0,354.01,8.0
TEX,rangers,Globe Life Park,2015,2019,-41.5,355.34,8.0
TEX,rangers,Globe Life Park,2015,2019,-41.0,356.49,8.0
TEX,rangers,Globe Life Park,2015,2019,-40.5,357.64,8.0
TEX,rangers,Globe Life Park,2015,2019,-40.0,358.79,8.0
TEX,rangers,Globe Life Park,2015,2019,-39.5,359.66,8.0
TEX,rangers,Globe Life Park,2015,2019,-39.0,360.06,8.0
TEX,rangers,Globe Life Park,2015,2019,-38.5,360.46,8.0
TEX,rangers,Globe Life Park,2015,2019,-38.0,360.87,8.0
TEX,rangers,Globe Life Park,2015,2019,-37.5,361.27,8.0
TEX,rangers,Globe Life Park,2015,2019,-37.0,361.72,8.0
TEX,rangers,Globe Life Park,2015,2019,-36.5,362.19,8.0
TEX,rangers,Globe Life Park,2015,2019,-36.0,362.65,8.0
TEX,rangers,Globe Life Park,2015,2019,-35.5,363.12,8.0
TEX,rangers,Globe Life Park,2015,2019,-35.0,363.61,8.0
TEX,rangers,Globe Life Park,2015,2019,-34.5,364.24,8.0
TEX,rangers,Globe Life Park,2015,2019,-34.0,364.87,8.0
TEX,rangers,Globe Life Park,2015,2019,-33.5,365.5,8.0
TEX,rangers,Globe Life Park,2015,2019,-33.0,366.13,8.0
TEX,rangers,Globe Life Park,2015,2019,-32.5,366.84,8.0
TEX,rangers,Globe Life Park,2015,2019,-32.0,367.6,8.0
TEX,rangers,Globe Life Park,2015,2019,-31.5,368.36,8.0
TEX,rangers,Globe Life Park,2015,2019,-31.0,369.13,8.0
TEX,rangers,Globe Life Park,2015,2019,-30.5,369.91,8.0
TEX,rangers,Globe Life Park,2015,2019,-30.0,370.82,8.0
TEX,rangers,Globe Life Park,2015,2019,-29.5,371.73,8.0
TEX,rangers,Globe Life Park,2015,2019,-29.0,372.64,8.0
TEX,rangers,Globe Life Park,2015,2019,-28.5,373.55,8.0
TEX,rangers,Globe Life Park,2015,2019,-28.0,374.57,8.0
TEX,rangers,Globe Life Park,2015,2019,-27.5,375.61,8.0
TEX,rangers,Globe Life Park,2015,2019,-27.0,376.66,8.0
TEX,rangers,Globe Life Park,2015,2019,-26.5,377.7,8.0
TEX,rangers,Globe Life Park,2015,2019,-26.0,378.81,8.0
TEX,rangers,Globe Life Park,2015,2019,-25.5,379.97,8.0
TEX,rangers,Globe Life Park,2015,2019,-25.0,381.13,8.0
TEX,rangers,Globe Life Park,2015,2019,-24.5,382.29,8.0
TEX,rangers,Globe Life Park,2015,2019,-24.0,383.51,8.0
TEX,rangers,Globe Life Park,2015,2019,-23.5,384.86,8.0
TEX,rangers,Globe Life Park,2015,2019,-23.0,386.2,8.0
TEX,rangers,Globe Life Park,2015,2019,-22.5,387.54,8.0
TEX,rangers,Globe Life Park,2015,2019,-22.0,388.88,8.0
TEX,rangers,Globe Life Park,2015,2019,-21.5,390.2,8.0
TEX,rangers,Globe Life Park,2015,2019,-21.0,391.52,8.0
TEX,rangers,Globe Life Park,2015,2019,-20.5,392.84,8.0
TEX,rangers,Globe Life Park,2015,2019,-20.0,393.89,8.0
TEX,rangers,Globe Life Park,2015,2019,-19.5,394.24,8.0
TEX,rangers,Globe Life Park,2015,2019,-19.0,394.59,8.0
TEX,rangers,Globe Life Park,2015,2019,-18.5,394.93,8.0
TEX,rangers,Globe Life Park,2015,2019,-18.0,395.28,8.0
TEX,rangers,Globe Life Park,2015,2019,-17.5,395.65,8.0
TEX,rangers,Globe Life Park,2015,2019,-17.0,396.02,8.0
TEX,rangers,Globe Life Park,2015,2019,-16.5,396.38,8.0
TEX,rangers,Globe Life Park,2015,2019,-16.0,396.75,8.0
TEX,rangers,Globe Life Park,2015,2019,-15.5,397.22,8.0
TEX,rangers,Globe Life Park,2015,2019,-15.0,397.72,8.0
TEX,rangers,Globe Life Park,2015,2019,-14.5,398.22,8.0
TEX,rangers,Globe Life Park,2015,2019,-14.0,398.71,8.0
TEX,rangers,Globe Life Park,2015,2019,-13.5,399.28,8.0
TEX,rangers,Globe Life Park,2015,2019,-13.0,399.89,8.0
TEX,rangers,Globe Life Park,2015,2019,-12.5,400.5,8.0
TEX,rangers,Globe Life Park,2015,2019,-12.0,401.12,8.0
TEX,rangers,Globe Life Park,2015,2019,-11.5,401.8,8.0
TEX,rangers,Globe Life Park,2015,2019,-11.0,402.57,8.0
TEX,rangers,Globe Life Park,2015,2019,-10.5,403.34,8.0
TEX,rangers,Globe Life Park,2015,2019,-10.0,404.1,8.0
TEX,rangers,Globe Life Park,2015,2019,-9.5,404.83,8.0
TEX,rangers,Globe Life Park,2015,2019,-9.0,405.49,8.0
TEX,rangers,Globe Life Park,2015,2019,-8.5,406.15,8.0
TEX,rangers,Globe Life Park,2015,2019,-8.0,406.81,8.0
TEX,rangers,Globe Life Park,2015,2019,-7.5,407.06,8.0
TEX,rangers,Globe Life Park,2015,2019,-7.0,406.69,8.0
TEX,rangers,Globe Life Park,2015,2019,-6.5,406.32,8.0
TEX,rangers,Globe Life Park,2015,2019,-6.0,405.95,8.0
TEX,rangers,Globe Life Park,2015,2019,-5.5,405.6,8.0
TEX,rangers,Globe Life Park,2015,2019,-5.0,405.32,8.0
TEX,rangers,Globe Life Park,2015,2019,-4.5,405.03,8.0
TEX,rangers,Globe Life Park,2015,2019,-4.0,404.75,8.0
TEX,rangers,Globe Life Park,2015,2019,-3.5,404.48,8.0
TEX,rangers,Globe Life Park,2015,2019,-3.0,404.34,8.0
TEX,rangers,Globe Life Park,2015,2019,-2.5,404.2,8.0
TEX,rangers,Globe Life Park,2015,2019,-2.0,404.06,8.0
TEX,rangers,Globe Life Park,2015,2019,-1.5,403.91,8.0
TEX,rangers,Globe Life Park,2015,2019,-1.0,403.9,8.0
TEX,rangers,Globe Life Park,2015,2019,-0.5,403.9,8.0
TEX,rangers,Globe Life Park,2015,2019,0.0,403.89,8.0
TEX,rangers,Globe Life Park,2015,2019,0.5,403.89,8.0
TEX,rangers,Globe Life Park,2015,2019,1.0,403.97,8.0
TEX,rangers,Globe Life Park,2015,2019,1.5,404.07,8.0
TEX,rangers,Globe Life Park,2015,2019,2.0,404.17,8.0
TEX,rangers,Globe Life Park,2015,2019,2.5,404.27,8.0
TEX,rangers,Globe Life Park,2015,2019,3.0,404.45,8.0
TEX,rangers,Globe Life Park,2015,2019,3.5,404.68,8.0
TEX,rangers,Globe Life Park,2015,2019,4.0,404.91,8.0
TEX,rangers,Globe Life Park,2015,2019,4.5,405.14,8.0
TEX,rangers,Globe Life Park,2015,2019,5.0,405.45,8.0
TEX,rangers,Globe Life Park,2015,2019,5.5,405.85,8.0
TEX,rangers,Globe Life Park,2015,2019,6.0,406.24,8.0
TEX,rangers,Globe Life Park,2015,2019,6.5,406.64,8.0
TEX,rangers,Globe Life Park,2015,2019,7.0,407.08,8.0
TEX,rangers,Globe Life Park,2015,2019,7.5,407.6,8.0
TEX,rangers,Globe Life Park,2015,2019,8.0,408.12,8.0
TEX,rangers,Globe Life Park,2015,2019,8.5,408.64,8.0
TEX,rangers,Globe Life Park,2015,2019,9.0,409.13,8.0
TEX,rangers,Globe Life Park,2015,2019,9.5,409.53,8.0
TEX,rangers,Globe Life Park,2015,2019,10.0,409.93,8.0
TEX,rangers,Globe Life Park,2015,2019,10.5,410.33,8.0
TEX,rangers,Globe Life Park,2015,2019,11.0,410.3,8.0
TEX,rangers,Globe Life Park,2015,2019,11.5,408.36,8.0
TEX,rangers,Globe Life Park,2015,2019,12.0,406.42,8.0
TEX,rangers,Globe Life Park,2015,2019,12.5,404.49,8.0
TEX,rangers,Globe Life Park,2015,2019,13.0,402.44,8.0
TEX,rangers,Globe Life Park,2015,2019,13.5,400.32,8.0
TEX,rangers,Globe Life Park,2015,2019,14.0,398.2,8.0
TEX,rangers,Globe Life Park,2015,2019,14.5,396.09,8.0
TEX,rangers,Globe Life Park,2015,2019,15.0,394.17,8.0
TEX,rangers,Globe Life Park,2015,2019,15.5,392.26,8.0
TEX,rangers,Globe Life Park,2015,2019,16.0,390.35,8.0
TEX,rangers,Globe Life Park,2015,2019,16.5,388.48,8.0
TEX,rangers,Globe Life Park,2015,2019,17.0,386.74,8.0
TEX,rangers,Globe Life Park,2015,2019,17.5,385.0,8.0
TEX,rangers,Globe Life Park,2015,2019,18.0,383.26,8.0
TEX,rangers,Globe Life Park,2015,2019,18.5,381.98,8.0
TEX,rangers,Globe Life Park,2015,2019,19.0,381.4,8.0
TEX,rangers,Globe Life Park,2015,2019,19.5,380.81,8.0
TEX,rangers,Globe Life Park,2015,2019,20.0,380.23,8.0
TEX,rangers,Globe Life Park,2015,2019,20.5,379.88,8.0
TEX,rangers,Globe Life Park,2015,2019,21.0,380.13,8.0
TEX,rangers,Globe Life Park,2015,2019,21.5,380.37,8.0
TEX,rangers,Globe Life Park,2015,2019,22.0,380.61,8.0
TEX,rangers,Globe Life Park,2015,2019,22.5,380.75,8.0
TEX,rangers,Globe Life Park,2015,2019,23.0,379.45,8.0
TEX,rangers,Globe Life Park,2015,2019,23.5,378.14,8.0
TEX,rangers,Globe Life Park,2015,2019,24.0,376.83,8.0
TEX,rangers,Globe Life Park,2015,2019,24.5,375.52,8.0
TEX,rangers,Globe Life Park,2015,2019,25.0,374.37,8.0
TEX,rangers,Globe Life Park,2015,2019,25.5,373.22,8.0
TEX,rangers,Globe Life Park,2015,2019,26.0,372.07,8.0
TEX,rangers,Globe Life Park,2015,2019,26.5,370.93,8.0
TEX,rangers,Globe Life Park,2015,2019,27.0,369.88,8.0
TEX,rangers,Globe Life Park,2015,2019,27.5,368.88,8.0
TEX,rangers,Globe Life Park,2015,2019,28.0,367.89,8.0
TEX,rangers,Globe Life Park,2015,2019,28.5,366.89,8.0
TEX,rangers,Globe Life Park,2015,2019,29.0,365.94,8.0
TEX,rangers,Globe Life Park,2015,2019,29.5,365.1,8.0
TEX,rangers,Globe Life Park,2015,2019,30.0,364.26,8.0
TEX,rangers,Globe Life Park,2015,2019,30.5,363.41,8.0
TEX,rangers,Globe Life Park,2015,2019,31.0,362.57,8.0
TEX,rangers,Globe Life Park,2015,2019,31.5,361.83,8.0
TEX,rangers,Globe Life Park,2015,2019,32.0,361.12,8.0
TEX,rangers,Globe Life Park,2015,2019,32.5,360.41,8.0
TEX,rangers,Globe Life Park,2015,2019,33.0,359.69,8.0
TEX,rangers,Globe Life Park,2015,2019,33.5,359.01,8.0
TEX,rangers,Globe Life Park,2015,2019,34.0,358.43,8.0
TEX,rangers,Globe Life Park,2015,2019,34.5,357.85,8.0
TEX,rangers,Globe Life Park,2015,2019,35.0,357.27,8.0
TEX,rangers,Globe Life Park,2015,2019,35.5,356.69,8.0
TEX,rangers,Globe Life Park,2015,2019,36.0,356.2,8.0
TEX,rangers,Globe Life Park,2015,2019,36.5,355.76,8.0
TEX,rangers,Globe Life Park,2015,2019,37.0,355.33,8.0
TEX,rangers,Globe Life Park,2015,2019,37.5,354.89,8.0
TEX,rangers,Globe Life Park,2015,2019,38.0,354.45,8.0
TEX,rangers,Globe Life Park,2015,2019,38.5,354.12,8.0
TEX,rangers,Globe Life Park,2015,2019,39.0,353.81,8.0
TEX,rangers,Globe Life Park,2015,2019,39.5,353.49,8.0
TEX,rangers,Globe Life Park,2015,2019,40.0,353.17,8.0
TEX,rangers,Globe Life Park,2015,2019,40.5,352.8,8.0
TEX,rangers,Globe Life Park,2015,2019,41.0,352.2,8.0
TEX,rangers,Globe Life Park,2015,2019,41.5,351.61,8.0
TEX,rangers,Globe Life Park,2015,2019,42.0,351.01,8.0
TEX,rangers,Globe Life Park,2015,2019,42.5,350.41,8.0
TEX,rangers,Globe Life Park,2015,2019,43.0,348.55,8.0
TEX,rangers,Globe Life Park,2015,2019,43.5,346.01,8.0
TEX,rangers,Globe Life Park,2015,2019,44.0,343.47,8.0
TEX,rangers,Globe Life Park,2015,2019,44.5,340.93,8.0
TEX,rangers,Globe Life Park,2015,2019,45.0,338.45,8.0
BAL,orioles,Camden Yards (pre-2022),2015,2021,-45.0,348.63,7.33
BAL,orioles,Camden Yards (pre-2022),2015,2021,-44.5,354.76,7.33
BAL,orioles,Camden Yards (pre-2022),2015,2021,-44.0,360.89,7.33
BAL,orioles,Camden Yards (pre-2022),2015,2021,-43.5,367.51,7.33
BAL,orioles,Camden Yards (pre-2022),2015,2021,-43.0,374.17,7.33
BAL,orioles,Camden Yards (pre-2022),2015,2021,-42.5,376.73,7.33
BAL,orioles,Camden Yards (pre-2022),2015,2021,-42.0,378.64,7.33
BAL,orioles,Camden Yards (pre-2022),2015,2021,-41.5,380.55,7.33
BAL,orioles,Camden Yards (pre-2022),2015,2021,-41.0,382.46,7.33
BAL,orioles,Camden Yards (pre-2022),2015,2021,-40.5,383.83,7.33
BAL,orioles,Camden Yards (pre-2022),2015,2021,-40.0,385.19,7.33
BAL,orioles,Camden Yards (pre-2022),2015,2021,-39.5,386.55,7.33
BAL,orioles,Camden Yards (pre-2022),2015,2021,-39.0,387.91,7.33
BAL,orioles,Camden Yards (pre-2022),2015,2021,-38.5,387.83,7.33
BAL,orioles,Camden Yards (pre-2022),2015,2021,-38.0,387.61,7.33
BAL,orioles,Camden Yards (pre-2022),2015,2021,-37.5,387.39,7.33
BAL,orioles,Camden Yards (pre-2022),2015,2021,-37.0,387.17,7.33
BAL,orioles,Camden Yards (pre-2022),2015,2021,-36.5,387.01,7.33
BAL,orioles,Camden Yards (pre-2022),2015,2021,-36.0,386.93,7.33
BAL,orioles,Camden Yards (pre-2022),2015,2021,-35.5,386.84,7.33
BAL,orioles,Camden Yards (pre-2022),2015,2021,-35.0,386.76,7.33
BAL,orioles,Camden Yards (pre-2022),2015,2021,-34.5,386.67,7.33
BAL,orioles,Camden Yards (pre-2022),2015,2021,-34.0,386.71,7.33
BAL,orioles,Camden Yards (pre-2022),2015,2021,-33.5,386.76,7.33
BAL,orioles,Camden Yards (pre-2022),2015,2021,-33.0,386.8,7.33
BAL,orioles,Camden Yards (pre-2022),2015,2021,-32.5,386.85,7.33
BAL,orioles,Camden Yards (pre-2022),2015,2021,-32.0,386.96,7.33
BAL,orioles,Camden Yards (pre-2022),2015,2021,-31.5,387.14,7.33
BAL,orioles,Camden Yards (pre-2022),2015,2021,-31.0,387.31,7.33
BAL,orioles,Camden Yards (pre-2022),2015,2021,-30.5,387.49,7.33
BAL,orioles,Camden Yards (pre-2022),2015,2021,-30.0,387.67,7.33
BAL,orioles,Camden Yards (pre-2022),2015,2021,-29.5,387.98,7.33
BAL,orioles,Camden Yards (pre-2022),2015,2021,-29.0,388.29,7.33
BAL,orioles,Camden Yards (pre-2022),2015,2021,-28.5,388.61,7.33
BAL,orioles,Camden Yards (pre-2022),2015,2021,-28.0,388.92,7.33
BAL,orioles,Camden Yards (pre-2022),2015,2021,-27.5,389.3,7.33
BAL,orioles,Camden Yards (pre-2022),2015,2021,-27.0,389.75,7.33
BAL,orioles,Camden Yards (pre-2022),2015,2021,-26.5,390.2,7.33
BAL,orioles,Camden Yards (pre-2022),2015,2021,-26.0,390.64,7.33
BAL,orioles,Camden Yards (pre-2022),2015,2021,-25.5,391.1,7.33
BAL,orioles,Camden Yards (pre-2022),2015,2021,-25.0,391.69,7.33
BAL,orioles,Camden Yards (pre-2022),2015,2021,-24.5,392.27,7.33
BAL,orioles,Camden Yards (pre-2022),2015,2021,-24.0,392.86,7.33
BAL,orioles,Camden Yards (pre-2022),2015,2021,-23.5,393.44,7.33
BAL,orioles,Camden Yards (pre-2022),2015,2021,-23.0,394.13,7.33
BAL,orioles,Camden Yards (pre-2022),2015,2021,-22.5,394.85,7.33
BAL,orioles,Camden Yards (pre-2022),2015,2021,-22.0,395.57,7.33
BAL,orioles,Camden Yards (pre-2022),2015,2021,-21.5,396.3,7.33
BAL,orioles,Camden Yards (pre-2022),2015,2021,-21.0,397.08,7.33
BAL,orioles,Camden Yards (pre-2022),2015,2021,-20.5,397.95,7.33
BAL,orioles,Camden Yards (pre-2022),2015,2021,-20.0,398.82,7.33
BAL,orioles,Camden Yards (pre-2022),2015,2021,-19.5,399.68,7.33
BAL,orioles,Camden Yards (pre-2022),2015,2021,-19.0,400.29,7.33
BAL,orioles,Camden Yards (pre-2022),2015,2021,-18.5,399.94,7.33
BAL,orioles,Camden Yards (pre-2022),2015,2021,-18.0,399.59,7.33
BAL,orioles,Camden Yards (pre-2022),2015,2021,-17.5,399.23,7.33
BAL,orioles,Camden Yards (pre-2022),2015,2021,-17.0,389.59,7.33
BAL,orioles,Camden Yards (pre-2022),2015,2021,-16.5,383.54,7.33
BAL,orioles,Camden Yards (pre-2022),2015,2021,-16.0,381.42,7.33
BAL,orioles,Camden Yards (pre-2022),2015,2021,-15.5,379.3,7.33
BAL,orioles,Camden Yards (pre-2022),2015,2021,-15.0,379.94,7.33
BAL,orioles,Camden Yards (pre-2022),2015,2021,-14.5,381.16,7.33
BAL,orioles,Camden Yards (pre-2022),2015,2021,-14.0,382.37,7.33
BAL,orioles,Camden Yards (pre-2022),2015,2021,-13.5,383.59,7.33
BAL,orioles,Camden Yards (pre-2022),2015,2021,-13.0,384.89,7.33
BAL,orioles,Camden Yards (pre-2022),2015,2021,-12.5,386.27,7.33
BAL,orioles,Camden Yards (pre-2022),2015,2021,-12.0,387.65,7.33
BAL,orioles,Camden Yards (pre-2022),2015,2021,-11.5,389.02,7.33
BAL,orioles,Camden Yards (pre-2022),2015,2021,-11.0,390.47,7.33
BAL,orioles,Camden Yards (pre-2022),2015,2021,-10.5,392.01,7.33
BAL,orioles,Camden Yards (pre-2022),2015,2021,-10.0,393.55,7.33
BAL,orioles,Camden Yards (pre-2022),2015,2021,-9.5,395.1,7.33
BAL,orioles,Camden Yards (pre-2022),2015,2021,-9.0,396.7,7.33
BAL,orioles,Camden Yards (pre-2022),2015,2021,-8.5,398.42,7.33
BAL,orioles,Camden Yards (pre-2022),2015,2021,-8.0,400.13,7.33
BAL,orioles,Camden Yards (pre-2022),2015,2021,-7.5,401.85,7.33
BAL,orioles,Camden Yards (pre-2022),2015,2021,-7.0,403.65,7.33
BAL,orioles,Camden Yards (pre-2022),2015,2021,-6.5,405.55,7.33
BAL,orioles,Camden Yards (pre-2022),2015,2021,-6.0,407.44,7.33
BAL,orioles,Camden Yards (pre-2022),2015,2021,-5.5,409.34,7.33
BAL,orioles,Camden Yards (pre-2022),2015,2021,-5.0,409.73,7.33
BAL,orioles,Camden Yards (pre-2022),2015,2021,-4.5,409.45,7.33
BAL,orioles,Camden Yards (pre-2022),2015,2021,-4.0,409.18,7.33
BAL,orioles,Camden Yards (pre-2022),2015,2021,-3.5,408.9,7.33
BAL,orioles,Camden Yards (pre-2022),2015,2021,-3.0,407.94,7.33
BAL,orioles,Camden Yards (pre-2022),2015,2021,-2.5,406.81,7.33
BAL,orioles,Camden Yards (pre-2022),2015,2021,-2.0,405.68,7.33
BAL,orioles,Camden Yards (pre-2022),2015,2021,-1.5,404.56,7.33
BAL,orioles,Camden Yards (pre-2022),2015,2021,-1.0,403.53,7.33
BAL,orioles,Camden Yards (pre-2022),2015,2021,-0.5,402.56,7.33
BAL,orioles,Camden Yards (pre-2022),2015,2021,0.0,401.58,7.33
BAL,orioles,Camden Yards (pre-2022),2015,2021,0.5,400.6,7.33
BAL,orioles,Camden Yards (pre-2022),2015,2021,1.0,399.7,7.33
BAL,orioles,Camden Yards (pre-2022),2015,2021,1.5,398.86,7.33
BAL,orioles,Camden Yards (pre-2022),2015,2021,2.0,398.03,7.33
BAL,orioles,Camden Yards (pre-2022),2015,2021,2.5,397.2,7.33
BAL,orioles,Camden Yards (pre-2022),2015,2021,3.0,396.41,7.33
BAL,orioles,Camden Yards (pre-2022),2015,2021,3.5,395.71,7.33
BAL,orioles,Camden Yards (pre-2022),2015,2021,4.0,395.02,7.33
BAL,orioles,Camden Yards (pre-2022),2015,2021,4.5,394.33,7.33
BAL,orioles,Camden Yards (pre-2022),2015,2021,5.0,393.64,7.33
BAL,orioles,Camden Yards (pre-2022),2015,2021,5.5,393.09,7.33
BAL,orioles,Camden Yards (pre-2022),2015,2021,6.0,392.53,7.33
BAL,orioles,Camden Yards (pre-2022),2015,2021,6.5,391.98,7.33
BAL,orioles,Camden Yards (pre-2022),2015,2021,7.0,391.42,7.33
BAL,orioles,Camden Yards (pre-2022),2015,2021,7.5,390.96,7.33
BAL,orioles,Camden Yards (pre-2022),2015,2021,8.0,390.54,7.33
BAL,orioles,Camden Yards (pre-2022),2015,2021,8.5,390.12,7.33
BAL,orioles,Camden Yards (pre-2022),2015,2021,9.0,389.71,7.33
BAL,orioles,Camden Yards (pre-2022),2015,2021,9.5,389.32,7.33
BAL,orioles,Camden Yards (pre-2022),2015,2021,10.0,389.04,7.33
BAL,orioles,Camden Yards (pre-2022),2015,2021,10.5,388.75,7.33
BAL,orioles,Camden Yards (pre-2022),2015,2021,11.0,388.47,7.33
BAL,orioles,Camden Yards (pre-2022),2015,2021,11.5,388.19,7.33
BAL,orioles,Camden Yards (pre-2022),2015,2021,12.0,388.01,7.33
BAL,orioles,Camden Yards (pre-2022),2015,2021,12.5,387.86,7.33
BAL,orioles,Camden Yards (pre-2022),2015,2021,13.0,387.71,7.33
BAL,orioles,Camden Yards (pre-2022),2015,2021,13.5,387.56,7.33
BAL,orioles,Camden Yards (pre-2022),2015,2021,14.0,387.45,7.33
BAL,orioles,Camden Yards (pre-2022),2015,2021,14.5,387.43,7.33
BAL,orioles,Camden Yards (pre-2022),2015,2021,15.0,387.41,7.33
BAL,orioles,Camden Yards (pre-2022),2015,2021,15.5,387.39,7.33
BAL,orioles,Camden Yards (pre-2022),2015,2021,16.0,387.38,7.33
BAL,orioles,Camden Yards (pre-2022),2015,2021,16.5,387.47,7.33
BAL,orioles,Camden Yards (pre-2022),2015,2021,17.0,387.58,7.33
BAL,orioles,Camden Yards (pre-2022),2015,2021,17.5,387.7,7.33
BAL,orioles,Camden Yards (pre-2022),2015,2021,18.0,387.81,7.33
BAL,orioles,Camden Yards (pre-2022),2015,2021,18.5,388.2,7.33
BAL,orioles,Camden Yards (pre-2022),2015,2021,19.0,389.14,7.33
BAL,orioles,Camden Yards (pre-2022),2015,2021,19.5,390.08,7.33
BAL,orioles,Camden Yards (pre-2022),2015,2021,20.0,391.02,7.33
BAL,orioles,Camden Yards (pre-2022),2015,2021,20.5,389.76,7.33
BAL,orioles,Camden Yards (pre-2022),2015,2021,21.0,386.39,7.33
BAL,orioles,Camden Yards (pre-2022),2015,2021,21.5,383.64,7.33
BAL,orioles,Camden Yards (pre-2022),2015,2021,22.0,381.1,7.33
BAL,orioles,Camden Yards (pre-2022),2015,2021,22.5,378.56,7.33
BAL,orioles,Camden Yards (pre-2022),2015,2021,23.0,376.11,7.33
BAL,orioles,Camden Yards (pre-2022),2015,2021,23.5,374.08,7.33
BAL,orioles,Camden Yards (pre-2022),2015,2021,24.0,372.05,7.33
BAL,orioles,Camden Yards (pre-2022),2015,2021,24.5,370.01,7.33
BAL,orioles,Camden Yards (pre-2022),2015,2021,25.0,368.02,7.33
BAL,orioles,Camden Yards (pre-2022),2015,2021,25.5,366.18,7.33
BAL,orioles,Camden Yards (pre-2022),2015,2021,26.0,364.35,7.33
BAL,orioles,Camden Yards (pre-2022),2015,2021,26.5,362.51,7.33
BAL,orioles,Camden Yards (pre-2022),2015,2021,27.0,360.69,7.33
BAL,orioles,Camden Yards (pre-2022),2015,2021,27.5,359.04,7.33
BAL,orioles,Camden Yards (pre-2022),2015,2021,28.0,357.38,7.33
BAL,orioles,Camden Yards (pre-2022),2015,2021,28.5,355.73,7.33
BAL,orioles,Camden Yards (pre-2022),2015,2021,29.0,354.08,7.33
BAL,orioles,Camden Yards (pre-2022),2015,2021,29.5,354.31,7.33
BAL,orioles,Camden Yards (pre-2022),2015,2021,30.0,355.03,7.33
BAL,orioles,Camden Yards (pre-2022),2015,2021,30.5,355.75,7.33
BAL,orioles,Camden Yards (pre-2022),2015,2021,31.0,356.47,7.33
BAL,orioles,Camden Yards (pre-2022),2015,2021,31.5,357.73,7.33
BAL,orioles,Camden Yards (pre-2022),2015,2021,32.0,359.6,7.33
BAL,orioles,Camden Yards (pre-2022),2015,2021,32.5,361.47,7.33
BAL,orioles,Camden Yards (pre-2022),2015,2021,33.0,363.34,7.33
BAL,orioles,Camden Yards (pre-2022),2015,2021,33.5,363.99,7.33
BAL,orioles,Camden Yards (pre-2022),2015,2021,34.0,362.15,7.33
BAL,orioles,Camden Yards (pre-2022),2015,2021,34.5,360.31,7.33
BAL,orioles,Camden Yards (pre-2022),2015,2021,35.0,358.47,7.33
BAL,orioles,Camden Yards (pre-2022),2015,2021,35.5,356.5,7.33
BAL,orioles,Camden Yards (pre-2022),2015,2021,36.0,354.37,7.33
BAL,orioles,Camden Yards (pre-2022),2015,2021,36.5,352.24,7.33
BAL,orioles,Camden Yards (pre-2022),2015,2021,37.0,350.1,7.33
BAL,orioles,Camden Yards (pre-2022),2015,2021,37.5,348.05,7.33
BAL,orioles,Camden Yards (pre-2022),2015,2021,38.0,346.13,7.33
BAL,orioles,Camden Yards (pre-2022),2015,2021,38.5,344.2,7.33
BAL,orioles,Camden Yards (pre-2022),2015,2021,39.0,342.27,7.33
BAL,orioles,Camden Yards (pre-2022),2015,2021,39.5,340.38,7.33
BAL,orioles,Camden Yards (pre-2022),2015,2021,40.0,338.65,7.33
BAL,orioles,Camden Yards (pre-2022),2015,2021,40.5,336.92,7.33
BAL,orioles,Camden Yards (pre-2022),2015,2021,41.0,335.2,7.33
BAL,orioles,Camden Yards (pre-2022),2015,2021,41.5,333.47,7.33
BAL,orioles,Camden Yards (pre-2022),2015,2021,42.0,331.88,7.33
BAL,orioles,Camden Yards (pre-2022),2015,2021,42.5,330.34,7.33
BAL,orioles,Camden Yards (pre-2022),2015,2021,43.0,328.8,7.33
BAL,orioles,Camden Yards (pre-2022),2015,2021,43.5,327.26,7.33
BAL,orioles,Camden Yards (pre-2022),2015,2021,44.0,325.74,7.33
BAL,orioles,Camden Yards (pre-2022),2015,2021,44.5,324.66,7.33
BAL,orioles,Camden Yards (pre-2022),2015,2021,45.0,323.57,7.33
